2024-11-11 18:32:56,410 - INFO - Using User-Agent: Mozilla/5.0 (Macintosh; Intel Mac OS X 11_3) AppleWebKit/537.36 (KHTML, like Gecko) Chrome/109.0.5412.99 Safari/537.36
2024-11-11 18:32:57,474 - INFO - Found 28 headlines for 2019/jan/01
2024-11-11 18:32:57,633 - INFO - Using User-Agent: Mozilla/5.0 (Macintosh; Intel Mac OS X 10_15_7) AppleWebKit/537.36 (KHTML, like Gecko) Chrome/108.0.0.0 Safari/537.36
2024-11-11 18:32:58,518 - INFO - Found 23 headlines for 2019/jan/02
2024-11-11 18:32:58,650 - INFO - Using User-Agent: Mozilla/5.0 (Macintosh; Intel Mac OS X 11_14) AppleWebKit/537.36 (KHTML, like Gecko) Chrome/109.0.5397.215 Safari/537.36
2024-11-11 18:32:59,577 - INFO - Found 26 headlines for 2019/jan/03
2024-11-11 18:32:59,928 - INFO - Using User-Agent: Mozilla/5.0 (Windows NT 10.0; Win64; x64) AppleWebKit/537.36 (KHTML, like Gecko) Chrome/91.0.4472.124 Safari/537.36
2024-11-11 18:33:00,776 - INFO - Found 23 headlines for 2019/jan/04
2024-11-11 18:33:01,293 - INFO - Using User-Agent: Mozilla/5.0 (Windows NT 10.0; Win64; x64) AppleWebKit/537.36 (KHTML, like Gecko) Chrome/91.0.4472.124 Safari/537.36
2024-11-11 18:33:02,227 - INFO - Found 12 headlines for 2019/jan/05
2024-11-11 18:33:02,670 - INFO - Using User-Agent: Mozilla/5.0 (Macintosh; Intel Mac OS X 10_15_7) AppleWebKit/605.1.15 (KHTML, like Gecko) Version/14.0.3 Safari/605.1.15
2024-11-11 18:33:03,690 - INFO - Found 21 headlines for 2019/jan/06
2024-11-11 18:33:04,433 - INFO - Using User-Agent: Mozilla/5.0 (Macintosh; Intel Mac OS X 10_15_7) AppleWebKit/605.1.15 (KHTML, like Gecko) Version/14.0.3 Safari/605.1.15
2024-11-11 18:33:05,281 - INFO - Found 24 headlines for 2019/jan/07
2024-11-11 18:33:05,341 - INFO - Using User-Agent: Mozilla/5.0 (Windows NT 10.0; Win64; x64) AppleWebKit/537.36 (KHTML, like Gecko) Firefox/89.0
2024-11-11 18:33:06,330 - INFO - Found 27 headlines for 2019/jan/08
2024-11-11 18:33:06,388 - INFO - Using User-Agent: Mozilla/5.0 (Windows NT 10.0; Win64; x64) AppleWebKit/537.36 (KHTML, like Gecko) Chrome/91.0.4472.124 Safari/537.36
2024-11-11 18:33:07,294 - INFO - Found 30 headlines for 2019/jan/09
2024-11-11 18:33:07,591 - INFO - Using User-Agent: Mozilla/5.0 (Macintosh; Intel Mac OS X 11_3) AppleWebKit/537.36 (KHTML, like Gecko) Chrome/109.0.5412.99 Safari/537.36
2024-11-11 18:33:08,578 - INFO - Found 28 headlines for 2019/jan/10
2024-11-11 18:33:08,909 - INFO - Using User-Agent: Mozilla/5.0 (Macintosh; Intel Mac OS X 11_3) AppleWebKit/537.36 (KHTML, like Gecko) Chrome/109.0.5412.99 Safari/537.36
2024-11-11 18:33:09,832 - INFO - Found 32 headlines for 2019/jan/11
2024-11-11 18:33:10,495 - INFO - Using User-Agent: Mozilla/5.0 (Windows NT 10.0; Win64; x64) AppleWebKit/537.36 (KHTML, like Gecko) Firefox/89.0
2024-11-11 18:33:11,423 - INFO - Found 16 headlines for 2019/jan/12
2024-11-11 18:33:11,917 - INFO - Using User-Agent: Mozilla/5.0 (Macintosh; Intel Mac OS X 11_3) AppleWebKit/537.36 (KHTML, like Gecko) Chrome/109.0.5412.99 Safari/537.36
2024-11-11 18:33:12,839 - INFO - Found 18 headlines for 2019/jan/13
2024-11-11 18:33:12,907 - INFO - Using User-Agent: Mozilla/5.0 (Windows NT 10.0; Win64; x64) AppleWebKit/537.36 (KHTML, like Gecko) Firefox/89.0
2024-11-11 18:33:13,730 - INFO - Found 35 headlines for 2019/jan/14
2024-11-11 18:33:14,412 - INFO - Using User-Agent: Mozilla/5.0 (Macintosh; Intel Mac OS X 10_10) AppleWebKit/537.36 (KHTML, like Gecko) Chrome/108.0.5361.172 Safari/537.36
2024-11-11 18:33:15,751 - INFO - Found 34 headlines for 2019/jan/15
2024-11-11 18:33:16,004 - INFO - Using User-Agent: Mozilla/5.0 (X11; Linux i686) AppleWebKit/537.36 (KHTML, like Gecko) Chrome/109.0.5388.177 Safari/537.36
2024-11-11 18:33:17,000 - INFO - Found 26 headlines for 2019/jan/16
2024-11-11 18:33:17,669 - INFO - Using User-Agent: Mozilla/5.0 (Windows NT 10.0; Win64; x64) AppleWebKit/537.36 (KHTML, like Gecko) Firefox/89.0
2024-11-11 18:33:18,629 - INFO - Found 32 headlines for 2019/jan/17
2024-11-11 18:33:19,433 - INFO - Using User-Agent: Mozilla/5.0 (Windows NT 10.0; Win64; x64) AppleWebKit/537.36 (KHTML, like Gecko) Firefox/89.0
2024-11-11 18:33:20,251 - INFO - Found 36 headlines for 2019/jan/18
2024-11-11 18:33:21,216 - INFO - Using User-Agent: Mozilla/5.0 (X11; Linux i686) AppleWebKit/537.36 (KHTML, like Gecko) Chrome/109.0.5388.177 Safari/537.36
2024-11-11 18:33:22,098 - INFO - Found 20 headlines for 2019/jan/19
2024-11-11 18:33:22,576 - INFO - Using User-Agent: Mozilla/5.0 (Macintosh; Intel Mac OS X 11_3) AppleWebKit/537.36 (KHTML, like Gecko) Chrome/109.0.5412.99 Safari/537.36
2024-11-11 18:33:23,542 - INFO - Found 21 headlines for 2019/jan/20
2024-11-11 18:33:23,691 - INFO - Using User-Agent: Mozilla/5.0 (Macintosh; Intel Mac OS X 10_10) AppleWebKit/537.36 (KHTML, like Gecko) Chrome/108.0.5361.172 Safari/537.36
2024-11-11 18:33:24,747 - INFO - Found 21 headlines for 2019/jan/21
2024-11-11 18:33:24,938 - INFO - Using User-Agent: Mozilla/5.0 (Macintosh; Intel Mac OS X 11_14) AppleWebKit/537.36 (KHTML, like Gecko) Chrome/109.0.5397.215 Safari/537.36
2024-11-11 18:33:26,003 - INFO - Found 31 headlines for 2019/jan/22
2024-11-11 18:33:26,273 - INFO - Using User-Agent: Mozilla/5.0 (Windows NT 10.0; Win64; x64) AppleWebKit/537.36 (KHTML, like Gecko) Chrome/91.0.4472.124 Safari/537.36
2024-11-11 18:33:27,210 - INFO - Found 35 headlines for 2019/jan/23
2024-11-11 18:33:28,078 - INFO - Using User-Agent: Mozilla/5.0 (Windows NT 10.0; Win64; x64) AppleWebKit/537.36 (KHTML, like Gecko) Chrome/91.0.4472.124 Safari/537.36
2024-11-11 18:33:29,057 - INFO - Found 37 headlines for 2019/jan/24
2024-11-11 18:33:29,160 - INFO - Using User-Agent: Mozilla/5.0 (Macintosh; Intel Mac OS X 10_15_7) AppleWebKit/605.1.15 (KHTML, like Gecko) Version/14.0.3 Safari/605.1.15
2024-11-11 18:33:30,098 - INFO - Found 35 headlines for 2019/jan/25
2024-11-11 18:33:30,536 - INFO - Using User-Agent: Mozilla/5.0 (Macintosh; Intel Mac OS X 11_3) AppleWebKit/537.36 (KHTML, like Gecko) Chrome/109.0.5412.99 Safari/537.36
2024-11-11 18:33:31,279 - INFO - Found 16 headlines for 2019/jan/26
2024-11-11 18:33:31,355 - INFO - Using User-Agent: Mozilla/5.0 (Macintosh; Intel Mac OS X 10_15_7) AppleWebKit/605.1.15 (KHTML, like Gecko) Version/14.0.3 Safari/605.1.15
2024-11-11 18:33:32,309 - INFO - Found 26 headlines for 2019/jan/27
2024-11-11 18:33:33,277 - INFO - Using User-Agent: Mozilla/5.0 (Windows NT 10.0; Win64; x64) AppleWebKit/537.36 (KHTML, like Gecko) Firefox/89.0
2024-11-11 18:33:34,191 - INFO - Found 33 headlines for 2019/jan/28
2024-11-11 18:33:34,637 - INFO - Using User-Agent: Mozilla/5.0 (Macintosh; Intel Mac OS X 10_15_7) AppleWebKit/537.36 (KHTML, like Gecko) Chrome/108.0.0.0 Safari/537.36
2024-11-11 18:33:35,806 - INFO - Found 26 headlines for 2019/jan/29
2024-11-11 18:33:36,672 - INFO - Using User-Agent: Mozilla/5.0 (Macintosh; Intel Mac OS X 10_15_7) AppleWebKit/537.36 (KHTML, like Gecko) Chrome/108.0.0.0 Safari/537.36
2024-11-11 18:33:37,439 - INFO - Found 23 headlines for 2019/jan/30
2024-11-11 18:33:37,517 - INFO - Using User-Agent: Mozilla/5.0 (Macintosh; Intel Mac OS X 10_15_7) AppleWebKit/605.1.15 (KHTML, like Gecko) Version/14.0.3 Safari/605.1.15
2024-11-11 18:33:38,490 - INFO - Found 27 headlines for 2019/jan/31
2024-11-11 18:33:39,130 - INFO - Using User-Agent: Mozilla/5.0 (Macintosh; Intel Mac OS X 11_14) AppleWebKit/537.36 (KHTML, like Gecko) Chrome/109.0.5397.215 Safari/537.36
2024-11-11 18:33:40,109 - INFO - Found 31 headlines for 2019/feb/01
2024-11-11 18:33:40,551 - INFO - Using User-Agent: Mozilla/5.0 (Macintosh; Intel Mac OS X 10_15_7) AppleWebKit/537.36 (KHTML, like Gecko) Chrome/108.0.0.0 Safari/537.36
2024-11-11 18:33:41,555 - INFO - Found 16 headlines for 2019/feb/02
2024-11-11 18:33:41,662 - INFO - Using User-Agent: Mozilla/5.0 (Windows NT 10.0; Win64; x64) AppleWebKit/537.36 (KHTML, like Gecko) Chrome/91.0.4472.124 Safari/537.36
2024-11-11 18:33:42,542 - INFO - Found 14 headlines for 2019/feb/03
2024-11-11 18:33:43,405 - INFO - Using User-Agent: Mozilla/5.0 (X11; Linux i686) AppleWebKit/537.36 (KHTML, like Gecko) Chrome/109.0.5388.177 Safari/537.36
2024-11-11 18:33:44,307 - INFO - Found 25 headlines for 2019/feb/04
2024-11-11 18:33:44,531 - INFO - Using User-Agent: Mozilla/5.0 (Macintosh; Intel Mac OS X 10_15_7) AppleWebKit/605.1.15 (KHTML, like Gecko) Version/14.0.3 Safari/605.1.15
2024-11-11 18:33:45,376 - INFO - Found 27 headlines for 2019/feb/05
2024-11-11 18:33:45,382 - INFO - Using User-Agent: Mozilla/5.0 (Windows NT 10.0; Win64; x64) AppleWebKit/537.36 (KHTML, like Gecko) Chrome/91.0.4472.124 Safari/537.36
2024-11-11 18:33:46,229 - INFO - Found 21 headlines for 2019/feb/06
2024-11-11 18:33:47,177 - INFO - Using User-Agent: Mozilla/5.0 (Macintosh; Intel Mac OS X 11_3) AppleWebKit/537.36 (KHTML, like Gecko) Chrome/109.0.5412.99 Safari/537.36
2024-11-11 18:33:48,077 - INFO - Found 21 headlines for 2019/feb/07
2024-11-11 18:33:48,820 - INFO - Using User-Agent: Mozilla/5.0 (Macintosh; Intel Mac OS X 10_15_7) AppleWebKit/605.1.15 (KHTML, like Gecko) Version/14.0.3 Safari/605.1.15
2024-11-11 18:33:49,728 - INFO - Found 25 headlines for 2019/feb/08
2024-11-11 18:33:50,653 - INFO - Using User-Agent: Mozilla/5.0 (Macintosh; Intel Mac OS X 10_10) AppleWebKit/537.36 (KHTML, like Gecko) Chrome/108.0.5361.172 Safari/537.36
2024-11-11 18:33:51,549 - INFO - Found 14 headlines for 2019/feb/09
2024-11-11 18:33:51,879 - INFO - Using User-Agent: Mozilla/5.0 (Macintosh; Intel Mac OS X 11_14) AppleWebKit/537.36 (KHTML, like Gecko) Chrome/109.0.5397.215 Safari/537.36
2024-11-11 18:33:52,976 - INFO - Found 17 headlines for 2019/feb/10
2024-11-11 18:33:53,847 - INFO - Using User-Agent: Mozilla/5.0 (Windows NT 10.0; Win64; x64) AppleWebKit/537.36 (KHTML, like Gecko) Chrome/91.0.4472.124 Safari/537.36
2024-11-11 18:33:54,889 - INFO - Found 25 headlines for 2019/feb/11
2024-11-11 18:33:55,498 - INFO - Using User-Agent: Mozilla/5.0 (Macintosh; Intel Mac OS X 10_15_7) AppleWebKit/537.36 (KHTML, like Gecko) Chrome/108.0.0.0 Safari/537.36
2024-11-11 18:33:56,279 - INFO - Found 28 headlines for 2019/feb/12
2024-11-11 18:33:56,701 - INFO - Using User-Agent: Mozilla/5.0 (Macintosh; Intel Mac OS X 11_3) AppleWebKit/537.36 (KHTML, like Gecko) Chrome/109.0.5412.99 Safari/537.36
2024-11-11 18:33:57,486 - INFO - Found 31 headlines for 2019/feb/13
2024-11-11 18:33:58,198 - INFO - Using User-Agent: Mozilla/5.0 (X11; Linux i686) AppleWebKit/537.36 (KHTML, like Gecko) Chrome/109.0.5388.177 Safari/537.36
2024-11-11 18:33:59,196 - INFO - Found 37 headlines for 2019/feb/14
2024-11-11 18:34:00,155 - INFO - Using User-Agent: Mozilla/5.0 (Macintosh; Intel Mac OS X 10_15_7) AppleWebKit/537.36 (KHTML, like Gecko) Chrome/108.0.0.0 Safari/537.36
2024-11-11 18:34:01,022 - INFO - Found 34 headlines for 2019/feb/15
2024-11-11 18:34:01,249 - INFO - Using User-Agent: Mozilla/5.0 (Windows NT 10.0; Win64; x64) AppleWebKit/537.36 (KHTML, like Gecko) Chrome/91.0.4472.124 Safari/537.36
2024-11-11 18:34:02,214 - INFO - Found 15 headlines for 2019/feb/16
2024-11-11 18:34:02,728 - INFO - Using User-Agent: Mozilla/5.0 (X11; Linux i686) AppleWebKit/537.36 (KHTML, like Gecko) Chrome/109.0.5388.177 Safari/537.36
2024-11-11 18:34:03,689 - INFO - Found 28 headlines for 2019/feb/17
2024-11-11 18:34:03,854 - INFO - Using User-Agent: Mozilla/5.0 (Windows NT 10.0; Win64; x64) AppleWebKit/537.36 (KHTML, like Gecko) Firefox/89.0
2024-11-11 18:34:04,928 - INFO - Found 29 headlines for 2019/feb/18
2024-11-11 18:34:05,631 - INFO - Using User-Agent: Mozilla/5.0 (Macintosh; Intel Mac OS X 10_15_7) AppleWebKit/537.36 (KHTML, like Gecko) Chrome/108.0.0.0 Safari/537.36
2024-11-11 18:34:06,527 - INFO - Found 24 headlines for 2019/feb/19
2024-11-11 18:34:06,920 - INFO - Using User-Agent: Mozilla/5.0 (Macintosh; Intel Mac OS X 11_3) AppleWebKit/537.36 (KHTML, like Gecko) Chrome/109.0.5412.99 Safari/537.36
2024-11-11 18:34:07,760 - INFO - Found 32 headlines for 2019/feb/20
2024-11-11 18:34:08,427 - INFO - Using User-Agent: Mozilla/5.0 (Macintosh; Intel Mac OS X 10_15_7) AppleWebKit/537.36 (KHTML, like Gecko) Chrome/108.0.0.0 Safari/537.36
2024-11-11 18:34:09,411 - INFO - Found 20 headlines for 2019/feb/21
2024-11-11 18:34:10,171 - INFO - Using User-Agent: Mozilla/5.0 (X11; Linux i686) AppleWebKit/537.36 (KHTML, like Gecko) Chrome/109.0.5388.177 Safari/537.36
2024-11-11 18:34:11,217 - INFO - Found 23 headlines for 2019/feb/22
2024-11-11 18:34:12,048 - INFO - Using User-Agent: Mozilla/5.0 (Macintosh; Intel Mac OS X 10_15_7) AppleWebKit/605.1.15 (KHTML, like Gecko) Version/14.0.3 Safari/605.1.15
2024-11-11 18:34:12,853 - INFO - Found 15 headlines for 2019/feb/23
2024-11-11 18:34:13,040 - INFO - Using User-Agent: Mozilla/5.0 (Macintosh; Intel Mac OS X 11_14) AppleWebKit/537.36 (KHTML, like Gecko) Chrome/109.0.5397.215 Safari/537.36
2024-11-11 18:34:13,973 - INFO - Found 18 headlines for 2019/feb/24
2024-11-11 18:34:14,904 - INFO - Using User-Agent: Mozilla/5.0 (Macintosh; Intel Mac OS X 11_3) AppleWebKit/537.36 (KHTML, like Gecko) Chrome/109.0.5412.99 Safari/537.36
2024-11-11 18:34:16,739 - INFO - Found 28 headlines for 2019/feb/25
2024-11-11 18:34:17,069 - INFO - Using User-Agent: Mozilla/5.0 (Macintosh; Intel Mac OS X 10_15_7) AppleWebKit/605.1.15 (KHTML, like Gecko) Version/14.0.3 Safari/605.1.15
2024-11-11 18:34:18,262 - INFO - Found 27 headlines for 2019/feb/26
2024-11-11 18:34:19,268 - INFO - Using User-Agent: Mozilla/5.0 (Macintosh; Intel Mac OS X 10_15_7) AppleWebKit/605.1.15 (KHTML, like Gecko) Version/14.0.3 Safari/605.1.15
2024-11-11 18:34:20,248 - INFO - Found 29 headlines for 2019/feb/27
2024-11-11 18:34:21,134 - INFO - Using User-Agent: Mozilla/5.0 (X11; Linux i686) AppleWebKit/537.36 (KHTML, like Gecko) Chrome/109.0.5388.177 Safari/537.36
2024-11-11 18:34:22,148 - INFO - Found 26 headlines for 2019/feb/28
2024-11-11 18:34:22,684 - INFO - Using User-Agent: Mozilla/5.0 (Macintosh; Intel Mac OS X 11_14) AppleWebKit/537.36 (KHTML, like Gecko) Chrome/109.0.5397.215 Safari/537.36
2024-11-11 18:34:23,572 - INFO - Found 32 headlines for 2019/mar/01
2024-11-11 18:34:23,665 - INFO - Using User-Agent: Mozilla/5.0 (Macintosh; Intel Mac OS X 11_14) AppleWebKit/537.36 (KHTML, like Gecko) Chrome/109.0.5397.215 Safari/537.36
2024-11-11 18:34:24,400 - INFO - Found 19 headlines for 2019/mar/02
2024-11-11 18:34:24,512 - INFO - Using User-Agent: Mozilla/5.0 (Macintosh; Intel Mac OS X 11_3) AppleWebKit/537.36 (KHTML, like Gecko) Chrome/109.0.5412.99 Safari/537.36
2024-11-11 18:34:25,575 - INFO - Found 19 headlines for 2019/mar/03
2024-11-11 18:34:26,501 - INFO - Using User-Agent: Mozilla/5.0 (Macintosh; Intel Mac OS X 10_10) AppleWebKit/537.36 (KHTML, like Gecko) Chrome/108.0.5361.172 Safari/537.36
2024-11-11 18:34:27,463 - INFO - Found 26 headlines for 2019/mar/04
2024-11-11 18:34:28,071 - INFO - Using User-Agent: Mozilla/5.0 (Macintosh; Intel Mac OS X 10_15_7) AppleWebKit/537.36 (KHTML, like Gecko) Chrome/108.0.0.0 Safari/537.36
2024-11-11 18:34:28,876 - INFO - Found 27 headlines for 2019/mar/05
2024-11-11 18:34:29,753 - INFO - Using User-Agent: Mozilla/5.0 (X11; Linux i686) AppleWebKit/537.36 (KHTML, like Gecko) Chrome/109.0.5388.177 Safari/537.36
2024-11-11 18:34:30,567 - INFO - Found 31 headlines for 2019/mar/06
2024-11-11 18:34:30,944 - INFO - Using User-Agent: Mozilla/5.0 (Windows NT 10.0; Win64; x64) AppleWebKit/537.36 (KHTML, like Gecko) Chrome/91.0.4472.124 Safari/537.36
2024-11-11 18:34:31,728 - INFO - Found 31 headlines for 2019/mar/07
2024-11-11 18:34:32,492 - INFO - Using User-Agent: Mozilla/5.0 (Macintosh; Intel Mac OS X 10_15_7) AppleWebKit/537.36 (KHTML, like Gecko) Chrome/108.0.0.0 Safari/537.36
2024-11-11 18:34:33,634 - INFO - Found 39 headlines for 2019/mar/08
2024-11-11 18:34:34,183 - INFO - Using User-Agent: Mozilla/5.0 (Macintosh; Intel Mac OS X 11_3) AppleWebKit/537.36 (KHTML, like Gecko) Chrome/109.0.5412.99 Safari/537.36
2024-11-11 18:34:35,058 - INFO - Found 10 headlines for 2019/mar/09
2024-11-11 18:34:35,824 - INFO - Using User-Agent: Mozilla/5.0 (Macintosh; Intel Mac OS X 10_15_7) AppleWebKit/605.1.15 (KHTML, like Gecko) Version/14.0.3 Safari/605.1.15
2024-11-11 18:34:36,853 - INFO - Found 23 headlines for 2019/mar/10
2024-11-11 18:34:37,300 - INFO - Using User-Agent: Mozilla/5.0 (Windows NT 10.0; Win64; x64) AppleWebKit/537.36 (KHTML, like Gecko) Firefox/89.0
2024-11-11 18:34:38,387 - INFO - Found 35 headlines for 2019/mar/11
2024-11-11 18:34:39,090 - INFO - Using User-Agent: Mozilla/5.0 (Macintosh; Intel Mac OS X 10_10) AppleWebKit/537.36 (KHTML, like Gecko) Chrome/108.0.5361.172 Safari/537.36
2024-11-11 18:34:40,358 - INFO - Found 30 headlines for 2019/mar/12
2024-11-11 18:34:40,500 - INFO - Using User-Agent: Mozilla/5.0 (Windows NT 10.0; Win64; x64) AppleWebKit/537.36 (KHTML, like Gecko) Chrome/91.0.4472.124 Safari/537.36
2024-11-11 18:34:42,380 - INFO - Found 32 headlines for 2019/mar/13
2024-11-11 18:34:43,247 - INFO - Using User-Agent: Mozilla/5.0 (Windows NT 10.0; Win64; x64) AppleWebKit/537.36 (KHTML, like Gecko) Firefox/89.0
2024-11-11 18:34:44,066 - INFO - Found 28 headlines for 2019/mar/14
2024-11-11 18:34:44,719 - INFO - Using User-Agent: Mozilla/5.0 (Windows NT 10.0; Win64; x64) AppleWebKit/537.36 (KHTML, like Gecko) Chrome/91.0.4472.124 Safari/537.36
2024-11-11 18:34:45,888 - INFO - Found 40 headlines for 2019/mar/15
2024-11-11 18:34:46,289 - INFO - Using User-Agent: Mozilla/5.0 (Macintosh; Intel Mac OS X 11_14) AppleWebKit/537.36 (KHTML, like Gecko) Chrome/109.0.5397.215 Safari/537.36
2024-11-11 18:34:47,222 - INFO - Found 25 headlines for 2019/mar/16
2024-11-11 18:34:47,990 - INFO - Using User-Agent: Mozilla/5.0 (Windows NT 10.0; Win64; x64) AppleWebKit/537.36 (KHTML, like Gecko) Chrome/91.0.4472.124 Safari/537.36
2024-11-11 18:34:48,860 - INFO - Found 34 headlines for 2019/mar/17
2024-11-11 18:34:49,428 - INFO - Using User-Agent: Mozilla/5.0 (Macintosh; Intel Mac OS X 10_15_7) AppleWebKit/537.36 (KHTML, like Gecko) Chrome/108.0.0.0 Safari/537.36
2024-11-11 18:34:50,615 - INFO - Found 33 headlines for 2019/mar/18
2024-11-11 18:34:50,743 - INFO - Using User-Agent: Mozilla/5.0 (Macintosh; Intel Mac OS X 10_15_7) AppleWebKit/605.1.15 (KHTML, like Gecko) Version/14.0.3 Safari/605.1.15
2024-11-11 18:34:51,754 - INFO - Found 29 headlines for 2019/mar/19
2024-11-11 18:34:52,596 - INFO - Using User-Agent: Mozilla/5.0 (Macintosh; Intel Mac OS X 10_10) AppleWebKit/537.36 (KHTML, like Gecko) Chrome/108.0.5361.172 Safari/537.36
2024-11-11 18:34:53,624 - INFO - Found 35 headlines for 2019/mar/20
2024-11-11 18:34:53,998 - INFO - Using User-Agent: Mozilla/5.0 (Macintosh; Intel Mac OS X 11_3) AppleWebKit/537.36 (KHTML, like Gecko) Chrome/109.0.5412.99 Safari/537.36
2024-11-11 18:34:55,911 - INFO - Found 37 headlines for 2019/mar/21
2024-11-11 18:34:56,097 - INFO - Using User-Agent: Mozilla/5.0 (Macintosh; Intel Mac OS X 10_15_7) AppleWebKit/537.36 (KHTML, like Gecko) Chrome/108.0.0.0 Safari/537.36
2024-11-11 18:34:57,165 - INFO - Found 26 headlines for 2019/mar/22
2024-11-11 18:34:58,161 - INFO - Using User-Agent: Mozilla/5.0 (Macintosh; Intel Mac OS X 11_3) AppleWebKit/537.36 (KHTML, like Gecko) Chrome/109.0.5412.99 Safari/537.36
2024-11-11 18:34:59,014 - INFO - Found 17 headlines for 2019/mar/23
2024-11-11 18:34:59,321 - INFO - Using User-Agent: Mozilla/5.0 (Macintosh; Intel Mac OS X 10_15_7) AppleWebKit/605.1.15 (KHTML, like Gecko) Version/14.0.3 Safari/605.1.15
2024-11-11 18:35:00,156 - INFO - Found 13 headlines for 2019/mar/24
2024-11-11 18:35:00,563 - INFO - Using User-Agent: Mozilla/5.0 (Macintosh; Intel Mac OS X 10_10) AppleWebKit/537.36 (KHTML, like Gecko) Chrome/108.0.5361.172 Safari/537.36
2024-11-11 18:35:01,765 - INFO - Found 29 headlines for 2019/mar/25
2024-11-11 18:35:02,690 - INFO - Using User-Agent: Mozilla/5.0 (Windows NT 10.0; Win64; x64) AppleWebKit/537.36 (KHTML, like Gecko) Chrome/91.0.4472.124 Safari/537.36
2024-11-11 18:35:03,823 - INFO - Found 36 headlines for 2019/mar/26
2024-11-11 18:35:04,608 - INFO - Using User-Agent: Mozilla/5.0 (Macintosh; Intel Mac OS X 11_3) AppleWebKit/537.36 (KHTML, like Gecko) Chrome/109.0.5412.99 Safari/537.36
2024-11-11 18:35:05,518 - INFO - Found 32 headlines for 2019/mar/27
2024-11-11 18:35:06,508 - INFO - Using User-Agent: Mozilla/5.0 (X11; Linux i686) AppleWebKit/537.36 (KHTML, like Gecko) Chrome/109.0.5388.177 Safari/537.36
2024-11-11 18:35:07,406 - INFO - Found 33 headlines for 2019/mar/28
2024-11-11 18:35:07,783 - INFO - Using User-Agent: Mozilla/5.0 (X11; Linux i686) AppleWebKit/537.36 (KHTML, like Gecko) Chrome/109.0.5388.177 Safari/537.36
2024-11-11 18:35:08,758 - INFO - Found 29 headlines for 2019/mar/29
2024-11-11 18:35:09,134 - INFO - Using User-Agent: Mozilla/5.0 (Macintosh; Intel Mac OS X 11_14) AppleWebKit/537.36 (KHTML, like Gecko) Chrome/109.0.5397.215 Safari/537.36
2024-11-11 18:35:11,048 - INFO - Found 15 headlines for 2019/mar/30
2024-11-11 18:35:11,152 - INFO - Using User-Agent: Mozilla/5.0 (Macintosh; Intel Mac OS X 10_10) AppleWebKit/537.36 (KHTML, like Gecko) Chrome/108.0.5361.172 Safari/537.36
2024-11-11 18:35:12,049 - INFO - Found 21 headlines for 2019/mar/31
2024-11-11 18:35:12,710 - INFO - Using User-Agent: Mozilla/5.0 (Macintosh; Intel Mac OS X 11_14) AppleWebKit/537.36 (KHTML, like Gecko) Chrome/109.0.5397.215 Safari/537.36
2024-11-11 18:35:13,735 - INFO - Found 34 headlines for 2019/apr/01
2024-11-11 18:35:13,795 - INFO - Using User-Agent: Mozilla/5.0 (Macintosh; Intel Mac OS X 10_10) AppleWebKit/537.36 (KHTML, like Gecko) Chrome/108.0.5361.172 Safari/537.36
2024-11-11 18:35:14,743 - INFO - Found 23 headlines for 2019/apr/02
2024-11-11 18:35:15,286 - INFO - Using User-Agent: Mozilla/5.0 (Macintosh; Intel Mac OS X 10_15_7) AppleWebKit/605.1.15 (KHTML, like Gecko) Version/14.0.3 Safari/605.1.15
2024-11-11 18:35:16,030 - INFO - Found 36 headlines for 2019/apr/03
2024-11-11 18:35:16,936 - INFO - Using User-Agent: Mozilla/5.0 (Macintosh; Intel Mac OS X 11_14) AppleWebKit/537.36 (KHTML, like Gecko) Chrome/109.0.5397.215 Safari/537.36
2024-11-11 18:35:17,803 - INFO - Found 27 headlines for 2019/apr/04
2024-11-11 18:35:18,025 - INFO - Using User-Agent: Mozilla/5.0 (Windows NT 10.0; Win64; x64) AppleWebKit/537.36 (KHTML, like Gecko) Firefox/89.0
2024-11-11 18:35:18,745 - INFO - Found 34 headlines for 2019/apr/05
2024-11-11 18:35:19,101 - INFO - Using User-Agent: Mozilla/5.0 (Macintosh; Intel Mac OS X 11_3) AppleWebKit/537.36 (KHTML, like Gecko) Chrome/109.0.5412.99 Safari/537.36
2024-11-11 18:35:20,047 - INFO - Found 16 headlines for 2019/apr/06
2024-11-11 18:35:20,760 - INFO - Using User-Agent: Mozilla/5.0 (Macintosh; Intel Mac OS X 10_15_7) AppleWebKit/605.1.15 (KHTML, like Gecko) Version/14.0.3 Safari/605.1.15
2024-11-11 18:35:21,706 - INFO - Found 19 headlines for 2019/apr/07
2024-11-11 18:35:21,909 - INFO - Using User-Agent: Mozilla/5.0 (Macintosh; Intel Mac OS X 11_14) AppleWebKit/537.36 (KHTML, like Gecko) Chrome/109.0.5397.215 Safari/537.36
2024-11-11 18:35:22,862 - INFO - Found 30 headlines for 2019/apr/08
2024-11-11 18:35:23,114 - INFO - Using User-Agent: Mozilla/5.0 (Macintosh; Intel Mac OS X 10_15_7) AppleWebKit/605.1.15 (KHTML, like Gecko) Version/14.0.3 Safari/605.1.15
2024-11-11 18:35:24,169 - INFO - Found 20 headlines for 2019/apr/09
2024-11-11 18:35:24,925 - INFO - Using User-Agent: Mozilla/5.0 (Macintosh; Intel Mac OS X 10_15_7) AppleWebKit/537.36 (KHTML, like Gecko) Chrome/108.0.0.0 Safari/537.36
2024-11-11 18:35:25,777 - INFO - Found 32 headlines for 2019/apr/10
2024-11-11 18:35:26,571 - INFO - Using User-Agent: Mozilla/5.0 (Macintosh; Intel Mac OS X 11_3) AppleWebKit/537.36 (KHTML, like Gecko) Chrome/109.0.5412.99 Safari/537.36
2024-11-11 18:35:27,584 - INFO - Found 30 headlines for 2019/apr/11
2024-11-11 18:35:28,321 - INFO - Using User-Agent: Mozilla/5.0 (X11; Linux i686) AppleWebKit/537.36 (KHTML, like Gecko) Chrome/109.0.5388.177 Safari/537.36
2024-11-11 18:35:29,410 - INFO - Found 22 headlines for 2019/apr/12
2024-11-11 18:35:29,900 - INFO - Using User-Agent: Mozilla/5.0 (Macintosh; Intel Mac OS X 11_14) AppleWebKit/537.36 (KHTML, like Gecko) Chrome/109.0.5397.215 Safari/537.36
2024-11-11 18:35:30,664 - INFO - Found 16 headlines for 2019/apr/13
2024-11-11 18:35:31,221 - INFO - Using User-Agent: Mozilla/5.0 (Macintosh; Intel Mac OS X 10_15_7) AppleWebKit/537.36 (KHTML, like Gecko) Chrome/108.0.0.0 Safari/537.36
2024-11-11 18:35:32,122 - INFO - Found 19 headlines for 2019/apr/14
2024-11-11 18:35:32,306 - INFO - Using User-Agent: Mozilla/5.0 (Macintosh; Intel Mac OS X 11_3) AppleWebKit/537.36 (KHTML, like Gecko) Chrome/109.0.5412.99 Safari/537.36
2024-11-11 18:35:33,513 - INFO - Found 33 headlines for 2019/apr/15
2024-11-11 18:35:33,878 - INFO - Using User-Agent: Mozilla/5.0 (Macintosh; Intel Mac OS X 10_15_7) AppleWebKit/605.1.15 (KHTML, like Gecko) Version/14.0.3 Safari/605.1.15
2024-11-11 18:35:34,800 - INFO - Found 34 headlines for 2019/apr/16
2024-11-11 18:35:35,689 - INFO - Using User-Agent: Mozilla/5.0 (X11; Linux i686) AppleWebKit/537.36 (KHTML, like Gecko) Chrome/109.0.5388.177 Safari/537.36
2024-11-11 18:35:36,862 - INFO - Found 29 headlines for 2019/apr/17
2024-11-11 18:35:37,470 - INFO - Using User-Agent: Mozilla/5.0 (Macintosh; Intel Mac OS X 11_14) AppleWebKit/537.36 (KHTML, like Gecko) Chrome/109.0.5397.215 Safari/537.36
2024-11-11 18:35:38,350 - INFO - Found 25 headlines for 2019/apr/18
2024-11-11 18:35:39,099 - INFO - Using User-Agent: Mozilla/5.0 (Macintosh; Intel Mac OS X 11_3) AppleWebKit/537.36 (KHTML, like Gecko) Chrome/109.0.5412.99 Safari/537.36
2024-11-11 18:35:39,857 - INFO - Found 18 headlines for 2019/apr/19
2024-11-11 18:35:40,686 - INFO - Using User-Agent: Mozilla/5.0 (Macintosh; Intel Mac OS X 10_15_7) AppleWebKit/537.36 (KHTML, like Gecko) Chrome/108.0.0.0 Safari/537.36
2024-11-11 18:35:41,547 - INFO - Found 14 headlines for 2019/apr/20
2024-11-11 18:35:42,050 - INFO - Using User-Agent: Mozilla/5.0 (Macintosh; Intel Mac OS X 10_10) AppleWebKit/537.36 (KHTML, like Gecko) Chrome/108.0.5361.172 Safari/537.36
2024-11-11 18:35:42,909 - INFO - Found 30 headlines for 2019/apr/21
2024-11-11 18:35:43,304 - INFO - Using User-Agent: Mozilla/5.0 (Macintosh; Intel Mac OS X 10_15_7) AppleWebKit/605.1.15 (KHTML, like Gecko) Version/14.0.3 Safari/605.1.15
2024-11-11 18:35:44,289 - INFO - Found 30 headlines for 2019/apr/22
2024-11-11 18:35:44,696 - INFO - Using User-Agent: Mozilla/5.0 (Macintosh; Intel Mac OS X 10_15_7) AppleWebKit/537.36 (KHTML, like Gecko) Chrome/108.0.0.0 Safari/537.36
2024-11-11 18:35:45,603 - INFO - Found 31 headlines for 2019/apr/23
2024-11-11 18:35:46,254 - INFO - Using User-Agent: Mozilla/5.0 (Macintosh; Intel Mac OS X 10_15_7) AppleWebKit/605.1.15 (KHTML, like Gecko) Version/14.0.3 Safari/605.1.15
2024-11-11 18:35:47,197 - INFO - Found 33 headlines for 2019/apr/24
2024-11-11 18:35:47,794 - INFO - Using User-Agent: Mozilla/5.0 (Macintosh; Intel Mac OS X 10_10) AppleWebKit/537.36 (KHTML, like Gecko) Chrome/108.0.5361.172 Safari/537.36
2024-11-11 18:35:49,058 - INFO - Found 33 headlines for 2019/apr/25
2024-11-11 18:35:49,941 - INFO - Using User-Agent: Mozilla/5.0 (Macintosh; Intel Mac OS X 10_15_7) AppleWebKit/605.1.15 (KHTML, like Gecko) Version/14.0.3 Safari/605.1.15
2024-11-11 18:35:50,747 - INFO - Found 34 headlines for 2019/apr/26
2024-11-11 18:35:50,934 - INFO - Using User-Agent: Mozilla/5.0 (Macintosh; Intel Mac OS X 10_15_7) AppleWebKit/537.36 (KHTML, like Gecko) Chrome/108.0.0.0 Safari/537.36
2024-11-11 18:35:52,008 - INFO - Found 18 headlines for 2019/apr/27
2024-11-11 18:35:52,716 - INFO - Using User-Agent: Mozilla/5.0 (Macintosh; Intel Mac OS X 10_15_7) AppleWebKit/605.1.15 (KHTML, like Gecko) Version/14.0.3 Safari/605.1.15
2024-11-11 18:35:53,489 - INFO - Found 17 headlines for 2019/apr/28
2024-11-11 18:35:54,289 - INFO - Using User-Agent: Mozilla/5.0 (Macintosh; Intel Mac OS X 10_10) AppleWebKit/537.36 (KHTML, like Gecko) Chrome/108.0.5361.172 Safari/537.36
2024-11-11 18:35:55,260 - INFO - Found 23 headlines for 2019/apr/29
2024-11-11 18:35:56,054 - INFO - Using User-Agent: Mozilla/5.0 (Macintosh; Intel Mac OS X 10_15_7) AppleWebKit/605.1.15 (KHTML, like Gecko) Version/14.0.3 Safari/605.1.15
2024-11-11 18:35:56,936 - INFO - Found 34 headlines for 2019/apr/30
2024-11-11 18:35:57,089 - INFO - Using User-Agent: Mozilla/5.0 (Windows NT 10.0; Win64; x64) AppleWebKit/537.36 (KHTML, like Gecko) Chrome/91.0.4472.124 Safari/537.36
2024-11-11 18:35:58,162 - INFO - Found 29 headlines for 2019/may/01
2024-11-11 18:35:59,091 - INFO - Using User-Agent: Mozilla/5.0 (Windows NT 10.0; Win64; x64) AppleWebKit/537.36 (KHTML, like Gecko) Chrome/91.0.4472.124 Safari/537.36
2024-11-11 18:35:59,976 - INFO - Found 30 headlines for 2019/may/02
2024-11-11 18:35:59,999 - INFO - Using User-Agent: Mozilla/5.0 (X11; Linux i686) AppleWebKit/537.36 (KHTML, like Gecko) Chrome/109.0.5388.177 Safari/537.36
2024-11-11 18:36:00,995 - INFO - Found 29 headlines for 2019/may/03
2024-11-11 18:36:01,099 - INFO - Using User-Agent: Mozilla/5.0 (Macintosh; Intel Mac OS X 10_15_7) AppleWebKit/537.36 (KHTML, like Gecko) Chrome/108.0.0.0 Safari/537.36
2024-11-11 18:36:01,997 - INFO - Found 17 headlines for 2019/may/04
2024-11-11 18:36:02,094 - INFO - Using User-Agent: Mozilla/5.0 (Macintosh; Intel Mac OS X 10_15_7) AppleWebKit/605.1.15 (KHTML, like Gecko) Version/14.0.3 Safari/605.1.15
2024-11-11 18:36:02,954 - INFO - Found 26 headlines for 2019/may/05
2024-11-11 18:36:03,521 - INFO - Using User-Agent: Mozilla/5.0 (Windows NT 10.0; Win64; x64) AppleWebKit/537.36 (KHTML, like Gecko) Firefox/89.0
2024-11-11 18:36:04,252 - INFO - Found 19 headlines for 2019/may/06
2024-11-11 18:36:04,401 - INFO - Using User-Agent: Mozilla/5.0 (Windows NT 10.0; Win64; x64) AppleWebKit/537.36 (KHTML, like Gecko) Chrome/91.0.4472.124 Safari/537.36
2024-11-11 18:36:05,353 - INFO - Found 24 headlines for 2019/may/07
2024-11-11 18:36:06,347 - INFO - Using User-Agent: Mozilla/5.0 (Macintosh; Intel Mac OS X 11_3) AppleWebKit/537.36 (KHTML, like Gecko) Chrome/109.0.5412.99 Safari/537.36
2024-11-11 18:36:07,164 - INFO - Found 28 headlines for 2019/may/08
2024-11-11 18:36:07,279 - INFO - Using User-Agent: Mozilla/5.0 (Macintosh; Intel Mac OS X 10_15_7) AppleWebKit/605.1.15 (KHTML, like Gecko) Version/14.0.3 Safari/605.1.15
2024-11-11 18:36:08,064 - INFO - Found 26 headlines for 2019/may/09
2024-11-11 18:36:08,278 - INFO - Using User-Agent: Mozilla/5.0 (Windows NT 10.0; Win64; x64) AppleWebKit/537.36 (KHTML, like Gecko) Chrome/91.0.4472.124 Safari/537.36
2024-11-11 18:36:09,070 - INFO - Found 24 headlines for 2019/may/10
2024-11-11 18:36:09,184 - INFO - Using User-Agent: Mozilla/5.0 (Macintosh; Intel Mac OS X 10_15_7) AppleWebKit/605.1.15 (KHTML, like Gecko) Version/14.0.3 Safari/605.1.15
2024-11-11 18:36:09,919 - INFO - Found 22 headlines for 2019/may/11
2024-11-11 18:36:10,626 - INFO - Using User-Agent: Mozilla/5.0 (Macintosh; Intel Mac OS X 10_10) AppleWebKit/537.36 (KHTML, like Gecko) Chrome/108.0.5361.172 Safari/537.36
2024-11-11 18:36:11,393 - INFO - Found 18 headlines for 2019/may/12
2024-11-11 18:36:12,142 - INFO - Using User-Agent: Mozilla/5.0 (Windows NT 10.0; Win64; x64) AppleWebKit/537.36 (KHTML, like Gecko) Firefox/89.0
2024-11-11 18:36:13,095 - INFO - Found 28 headlines for 2019/may/13
2024-11-11 18:36:13,534 - INFO - Using User-Agent: Mozilla/5.0 (Macintosh; Intel Mac OS X 10_15_7) AppleWebKit/605.1.15 (KHTML, like Gecko) Version/14.0.3 Safari/605.1.15
2024-11-11 18:36:14,508 - INFO - Found 15 headlines for 2019/may/14
2024-11-11 18:36:15,080 - INFO - Using User-Agent: Mozilla/5.0 (Macintosh; Intel Mac OS X 11_14) AppleWebKit/537.36 (KHTML, like Gecko) Chrome/109.0.5397.215 Safari/537.36
2024-11-11 18:36:16,017 - INFO - Found 26 headlines for 2019/may/15
2024-11-11 18:36:16,506 - INFO - Using User-Agent: Mozilla/5.0 (Macintosh; Intel Mac OS X 11_3) AppleWebKit/537.36 (KHTML, like Gecko) Chrome/109.0.5412.99 Safari/537.36
2024-11-11 18:36:17,606 - INFO - Found 22 headlines for 2019/may/16
2024-11-11 18:36:18,528 - INFO - Using User-Agent: Mozilla/5.0 (Macintosh; Intel Mac OS X 10_15_7) AppleWebKit/537.36 (KHTML, like Gecko) Chrome/108.0.0.0 Safari/537.36
2024-11-11 18:36:19,313 - INFO - Found 27 headlines for 2019/may/17
2024-11-11 18:36:19,739 - INFO - Using User-Agent: Mozilla/5.0 (X11; Linux i686) AppleWebKit/537.36 (KHTML, like Gecko) Chrome/109.0.5388.177 Safari/537.36
2024-11-11 18:36:20,536 - INFO - Found 14 headlines for 2019/may/18
2024-11-11 18:36:21,525 - INFO - Using User-Agent: Mozilla/5.0 (Windows NT 10.0; Win64; x64) AppleWebKit/537.36 (KHTML, like Gecko) Chrome/91.0.4472.124 Safari/537.36
2024-11-11 18:36:22,504 - INFO - Found 15 headlines for 2019/may/19
2024-11-11 18:36:23,283 - INFO - Using User-Agent: Mozilla/5.0 (X11; Linux i686) AppleWebKit/537.36 (KHTML, like Gecko) Chrome/109.0.5388.177 Safari/537.36
2024-11-11 18:36:24,170 - INFO - Found 24 headlines for 2019/may/20
2024-11-11 18:36:24,513 - INFO - Using User-Agent: Mozilla/5.0 (X11; Linux i686) AppleWebKit/537.36 (KHTML, like Gecko) Chrome/109.0.5388.177 Safari/537.36
2024-11-11 18:36:25,409 - INFO - Found 23 headlines for 2019/may/21
2024-11-11 18:36:26,160 - INFO - Using User-Agent: Mozilla/5.0 (Macintosh; Intel Mac OS X 10_15_7) AppleWebKit/537.36 (KHTML, like Gecko) Chrome/108.0.0.0 Safari/537.36
2024-11-11 18:36:27,060 - INFO - Found 24 headlines for 2019/may/22
2024-11-11 18:36:27,315 - INFO - Using User-Agent: Mozilla/5.0 (Macintosh; Intel Mac OS X 10_15_7) AppleWebKit/605.1.15 (KHTML, like Gecko) Version/14.0.3 Safari/605.1.15
2024-11-11 18:36:28,462 - INFO - Found 29 headlines for 2019/may/23
2024-11-11 18:36:29,114 - INFO - Using User-Agent: Mozilla/5.0 (X11; Linux i686) AppleWebKit/537.36 (KHTML, like Gecko) Chrome/109.0.5388.177 Safari/537.36
2024-11-11 18:36:30,113 - INFO - Found 19 headlines for 2019/may/24
2024-11-11 18:36:30,903 - INFO - Using User-Agent: Mozilla/5.0 (Macintosh; Intel Mac OS X 11_3) AppleWebKit/537.36 (KHTML, like Gecko) Chrome/109.0.5412.99 Safari/537.36
2024-11-11 18:36:31,749 - INFO - Found 15 headlines for 2019/may/25
2024-11-11 18:36:31,959 - INFO - Using User-Agent: Mozilla/5.0 (X11; Linux i686) AppleWebKit/537.36 (KHTML, like Gecko) Chrome/109.0.5388.177 Safari/537.36
2024-11-11 18:36:32,730 - INFO - Found 18 headlines for 2019/may/26
2024-11-11 18:36:33,023 - INFO - Using User-Agent: Mozilla/5.0 (Macintosh; Intel Mac OS X 10_15_7) AppleWebKit/605.1.15 (KHTML, like Gecko) Version/14.0.3 Safari/605.1.15
2024-11-11 18:36:34,009 - INFO - Found 17 headlines for 2019/may/27
2024-11-11 18:36:34,790 - INFO - Using User-Agent: Mozilla/5.0 (Macintosh; Intel Mac OS X 10_15_7) AppleWebKit/537.36 (KHTML, like Gecko) Chrome/108.0.0.0 Safari/537.36
2024-11-11 18:36:36,658 - INFO - Found 30 headlines for 2019/may/28
2024-11-11 18:36:37,549 - INFO - Using User-Agent: Mozilla/5.0 (Macintosh; Intel Mac OS X 11_3) AppleWebKit/537.36 (KHTML, like Gecko) Chrome/109.0.5412.99 Safari/537.36
2024-11-11 18:36:40,487 - INFO - Found 33 headlines for 2019/may/29
2024-11-11 18:36:40,979 - INFO - Using User-Agent: Mozilla/5.0 (Windows NT 10.0; Win64; x64) AppleWebKit/537.36 (KHTML, like Gecko) Firefox/89.0
2024-11-11 18:36:41,976 - INFO - Found 20 headlines for 2019/may/30
2024-11-11 18:36:42,837 - INFO - Using User-Agent: Mozilla/5.0 (Windows NT 10.0; Win64; x64) AppleWebKit/537.36 (KHTML, like Gecko) Firefox/89.0
2024-11-11 18:36:43,852 - INFO - Found 28 headlines for 2019/may/31
2024-11-11 18:36:44,700 - INFO - Using User-Agent: Mozilla/5.0 (Macintosh; Intel Mac OS X 10_15_7) AppleWebKit/537.36 (KHTML, like Gecko) Chrome/108.0.0.0 Safari/537.36
2024-11-11 18:36:45,650 - INFO - Found 17 headlines for 2019/jun/01
2024-11-11 18:36:46,234 - INFO - Using User-Agent: Mozilla/5.0 (Macintosh; Intel Mac OS X 10_15_7) AppleWebKit/537.36 (KHTML, like Gecko) Chrome/108.0.0.0 Safari/537.36
2024-11-11 18:36:47,010 - INFO - Found 24 headlines for 2019/jun/02
2024-11-11 18:36:47,524 - INFO - Using User-Agent: Mozilla/5.0 (Macintosh; Intel Mac OS X 10_10) AppleWebKit/537.36 (KHTML, like Gecko) Chrome/108.0.5361.172 Safari/537.36
2024-11-11 18:36:48,507 - INFO - Found 21 headlines for 2019/jun/03
2024-11-11 18:36:49,166 - INFO - Using User-Agent: Mozilla/5.0 (Macintosh; Intel Mac OS X 10_15_7) AppleWebKit/605.1.15 (KHTML, like Gecko) Version/14.0.3 Safari/605.1.15
2024-11-11 18:36:50,194 - INFO - Found 33 headlines for 2019/jun/04
2024-11-11 18:36:50,684 - INFO - Using User-Agent: Mozilla/5.0 (Windows NT 10.0; Win64; x64) AppleWebKit/537.36 (KHTML, like Gecko) Chrome/91.0.4472.124 Safari/537.36
2024-11-11 18:36:51,840 - INFO - Found 33 headlines for 2019/jun/05
2024-11-11 18:36:51,951 - INFO - Using User-Agent: Mozilla/5.0 (Macintosh; Intel Mac OS X 11_14) AppleWebKit/537.36 (KHTML, like Gecko) Chrome/109.0.5397.215 Safari/537.36
2024-11-11 18:36:52,756 - INFO - Found 28 headlines for 2019/jun/06
2024-11-11 18:36:53,706 - INFO - Using User-Agent: Mozilla/5.0 (X11; Linux i686) AppleWebKit/537.36 (KHTML, like Gecko) Chrome/109.0.5388.177 Safari/537.36
2024-11-11 18:36:54,670 - INFO - Found 27 headlines for 2019/jun/07
2024-11-11 18:36:55,293 - INFO - Using User-Agent: Mozilla/5.0 (Macintosh; Intel Mac OS X 10_15_7) AppleWebKit/537.36 (KHTML, like Gecko) Chrome/108.0.0.0 Safari/537.36
2024-11-11 18:36:56,291 - INFO - Found 11 headlines for 2019/jun/08
2024-11-11 18:36:56,439 - INFO - Using User-Agent: Mozilla/5.0 (Macintosh; Intel Mac OS X 10_15_7) AppleWebKit/537.36 (KHTML, like Gecko) Chrome/108.0.0.0 Safari/537.36
2024-11-11 18:36:57,346 - INFO - Found 15 headlines for 2019/jun/09
2024-11-11 18:36:57,734 - INFO - Using User-Agent: Mozilla/5.0 (Macintosh; Intel Mac OS X 10_15_7) AppleWebKit/605.1.15 (KHTML, like Gecko) Version/14.0.3 Safari/605.1.15
2024-11-11 18:36:58,980 - INFO - Found 29 headlines for 2019/jun/10
2024-11-11 18:36:59,880 - INFO - Using User-Agent: Mozilla/5.0 (Macintosh; Intel Mac OS X 10_10) AppleWebKit/537.36 (KHTML, like Gecko) Chrome/108.0.5361.172 Safari/537.36
2024-11-11 18:37:01,052 - INFO - Found 27 headlines for 2019/jun/11
2024-11-11 18:37:01,691 - INFO - Using User-Agent: Mozilla/5.0 (Macintosh; Intel Mac OS X 11_14) AppleWebKit/537.36 (KHTML, like Gecko) Chrome/109.0.5397.215 Safari/537.36
2024-11-11 18:37:02,675 - INFO - Found 28 headlines for 2019/jun/12
2024-11-11 18:37:03,030 - INFO - Using User-Agent: Mozilla/5.0 (Macintosh; Intel Mac OS X 11_14) AppleWebKit/537.36 (KHTML, like Gecko) Chrome/109.0.5397.215 Safari/537.36
2024-11-11 18:37:03,898 - INFO - Found 24 headlines for 2019/jun/13
2024-11-11 18:37:04,026 - INFO - Using User-Agent: Mozilla/5.0 (Windows NT 10.0; Win64; x64) AppleWebKit/537.36 (KHTML, like Gecko) Firefox/89.0
2024-11-11 18:37:04,932 - INFO - Found 31 headlines for 2019/jun/14
2024-11-11 18:37:05,760 - INFO - Using User-Agent: Mozilla/5.0 (Macintosh; Intel Mac OS X 10_15_7) AppleWebKit/605.1.15 (KHTML, like Gecko) Version/14.0.3 Safari/605.1.15
2024-11-11 18:37:06,602 - INFO - Found 20 headlines for 2019/jun/15
2024-11-11 18:37:06,881 - INFO - Using User-Agent: Mozilla/5.0 (Windows NT 10.0; Win64; x64) AppleWebKit/537.36 (KHTML, like Gecko) Firefox/89.0
2024-11-11 18:37:07,763 - INFO - Found 22 headlines for 2019/jun/16
2024-11-11 18:37:07,940 - INFO - Using User-Agent: Mozilla/5.0 (Macintosh; Intel Mac OS X 10_10) AppleWebKit/537.36 (KHTML, like Gecko) Chrome/108.0.5361.172 Safari/537.36
2024-11-11 18:37:09,047 - INFO - Found 30 headlines for 2019/jun/17
2024-11-11 18:37:09,069 - INFO - Using User-Agent: Mozilla/5.0 (Windows NT 10.0; Win64; x64) AppleWebKit/537.36 (KHTML, like Gecko) Firefox/89.0
2024-11-11 18:37:10,166 - INFO - Found 31 headlines for 2019/jun/18
2024-11-11 18:37:10,702 - INFO - Using User-Agent: Mozilla/5.0 (Windows NT 10.0; Win64; x64) AppleWebKit/537.36 (KHTML, like Gecko) Chrome/91.0.4472.124 Safari/537.36
2024-11-11 18:37:11,719 - INFO - Found 34 headlines for 2019/jun/19
2024-11-11 18:37:12,164 - INFO - Using User-Agent: Mozilla/5.0 (Windows NT 10.0; Win64; x64) AppleWebKit/537.36 (KHTML, like Gecko) Chrome/91.0.4472.124 Safari/537.36
2024-11-11 18:37:13,099 - INFO - Found 23 headlines for 2019/jun/20
2024-11-11 18:37:13,234 - INFO - Using User-Agent: Mozilla/5.0 (Macintosh; Intel Mac OS X 10_15_7) AppleWebKit/605.1.15 (KHTML, like Gecko) Version/14.0.3 Safari/605.1.15
2024-11-11 18:37:14,136 - INFO - Found 32 headlines for 2019/jun/21
2024-11-11 18:37:14,472 - INFO - Using User-Agent: Mozilla/5.0 (X11; Linux i686) AppleWebKit/537.36 (KHTML, like Gecko) Chrome/109.0.5388.177 Safari/537.36
2024-11-11 18:37:15,331 - INFO - Found 19 headlines for 2019/jun/22
2024-11-11 18:37:15,746 - INFO - Using User-Agent: Mozilla/5.0 (X11; Linux i686) AppleWebKit/537.36 (KHTML, like Gecko) Chrome/109.0.5388.177 Safari/537.36
2024-11-11 18:37:16,930 - INFO - Found 24 headlines for 2019/jun/23
2024-11-11 18:37:17,650 - INFO - Using User-Agent: Mozilla/5.0 (Windows NT 10.0; Win64; x64) AppleWebKit/537.36 (KHTML, like Gecko) Chrome/91.0.4472.124 Safari/537.36
2024-11-11 18:37:18,750 - INFO - Found 25 headlines for 2019/jun/24
2024-11-11 18:37:21,042 - INFO - Using User-Agent: Mozilla/5.0 (Windows NT 10.0; Win64; x64) AppleWebKit/537.36 (KHTML, like Gecko) Chrome/91.0.4472.124 Safari/537.36
2024-11-11 18:37:25,414 - INFO - Found 26 headlines for 2019/jun/25
2024-11-11 18:37:26,391 - INFO - Using User-Agent: Mozilla/5.0 (Windows NT 10.0; Win64; x64) AppleWebKit/537.36 (KHTML, like Gecko) Chrome/91.0.4472.124 Safari/537.36
2024-11-11 18:37:27,732 - INFO - Found 27 headlines for 2019/jun/26
2024-11-11 18:37:28,423 - INFO - Using User-Agent: Mozilla/5.0 (Macintosh; Intel Mac OS X 10_15_7) AppleWebKit/605.1.15 (KHTML, like Gecko) Version/14.0.3 Safari/605.1.15
2024-11-11 18:37:29,380 - INFO - Found 28 headlines for 2019/jun/27
2024-11-11 18:37:29,470 - INFO - Using User-Agent: Mozilla/5.0 (Windows NT 10.0; Win64; x64) AppleWebKit/537.36 (KHTML, like Gecko) Chrome/91.0.4472.124 Safari/537.36
2024-11-11 18:37:30,278 - INFO - Found 29 headlines for 2019/jun/28
2024-11-11 18:37:30,559 - INFO - Using User-Agent: Mozilla/5.0 (Windows NT 10.0; Win64; x64) AppleWebKit/537.36 (KHTML, like Gecko) Firefox/89.0
2024-11-11 18:37:31,566 - INFO - Found 13 headlines for 2019/jun/29
2024-11-11 18:37:32,126 - INFO - Using User-Agent: Mozilla/5.0 (Macintosh; Intel Mac OS X 11_14) AppleWebKit/537.36 (KHTML, like Gecko) Chrome/109.0.5397.215 Safari/537.36
2024-11-11 18:37:33,225 - INFO - Found 22 headlines for 2019/jun/30
2024-11-11 18:37:34,174 - INFO - Using User-Agent: Mozilla/5.0 (Windows NT 10.0; Win64; x64) AppleWebKit/537.36 (KHTML, like Gecko) Chrome/91.0.4472.124 Safari/537.36
2024-11-11 18:37:35,600 - INFO - Found 37 headlines for 2019/jul/01
2024-11-11 18:37:36,167 - INFO - Using User-Agent: Mozilla/5.0 (Macintosh; Intel Mac OS X 11_3) AppleWebKit/537.36 (KHTML, like Gecko) Chrome/109.0.5412.99 Safari/537.36
2024-11-11 18:37:37,619 - INFO - Found 32 headlines for 2019/jul/02
2024-11-11 18:37:37,910 - INFO - Using User-Agent: Mozilla/5.0 (Windows NT 10.0; Win64; x64) AppleWebKit/537.36 (KHTML, like Gecko) Firefox/89.0
2024-11-11 18:37:38,966 - INFO - Found 41 headlines for 2019/jul/03
2024-11-11 18:37:39,702 - INFO - Using User-Agent: Mozilla/5.0 (Windows NT 10.0; Win64; x64) AppleWebKit/537.36 (KHTML, like Gecko) Chrome/91.0.4472.124 Safari/537.36
2024-11-11 18:37:40,773 - INFO - Found 35 headlines for 2019/jul/04
2024-11-11 18:37:41,434 - INFO - Using User-Agent: Mozilla/5.0 (Macintosh; Intel Mac OS X 11_3) AppleWebKit/537.36 (KHTML, like Gecko) Chrome/109.0.5412.99 Safari/537.36
2024-11-11 18:37:42,817 - INFO - Found 29 headlines for 2019/jul/05
2024-11-11 18:37:42,844 - INFO - Using User-Agent: Mozilla/5.0 (Windows NT 10.0; Win64; x64) AppleWebKit/537.36 (KHTML, like Gecko) Chrome/91.0.4472.124 Safari/537.36
2024-11-11 18:37:44,315 - INFO - Found 20 headlines for 2019/jul/06
2024-11-11 18:37:44,461 - INFO - Using User-Agent: Mozilla/5.0 (Macintosh; Intel Mac OS X 11_14) AppleWebKit/537.36 (KHTML, like Gecko) Chrome/109.0.5397.215 Safari/537.36
2024-11-11 18:37:45,666 - INFO - Found 27 headlines for 2019/jul/07
2024-11-11 18:37:45,736 - INFO - Using User-Agent: Mozilla/5.0 (Windows NT 10.0; Win64; x64) AppleWebKit/537.36 (KHTML, like Gecko) Firefox/89.0
2024-11-11 18:37:46,698 - INFO - Found 25 headlines for 2019/jul/08
2024-11-11 18:37:46,737 - INFO - Using User-Agent: Mozilla/5.0 (Macintosh; Intel Mac OS X 10_10) AppleWebKit/537.36 (KHTML, like Gecko) Chrome/108.0.5361.172 Safari/537.36
2024-11-11 18:37:47,586 - INFO - Found 23 headlines for 2019/jul/09
2024-11-11 18:37:48,450 - INFO - Using User-Agent: Mozilla/5.0 (X11; Linux i686) AppleWebKit/537.36 (KHTML, like Gecko) Chrome/109.0.5388.177 Safari/537.36
2024-11-11 18:37:49,671 - INFO - Found 27 headlines for 2019/jul/10
2024-11-11 18:37:50,266 - INFO - Using User-Agent: Mozilla/5.0 (Windows NT 10.0; Win64; x64) AppleWebKit/537.36 (KHTML, like Gecko) Chrome/91.0.4472.124 Safari/537.36
2024-11-11 18:37:51,837 - INFO - Found 30 headlines for 2019/jul/11
2024-11-11 18:37:52,521 - INFO - Using User-Agent: Mozilla/5.0 (Macintosh; Intel Mac OS X 11_14) AppleWebKit/537.36 (KHTML, like Gecko) Chrome/109.0.5397.215 Safari/537.36
2024-11-11 18:37:53,332 - INFO - Found 25 headlines for 2019/jul/12
2024-11-11 18:37:53,963 - INFO - Using User-Agent: Mozilla/5.0 (Macintosh; Intel Mac OS X 11_14) AppleWebKit/537.36 (KHTML, like Gecko) Chrome/109.0.5397.215 Safari/537.36
2024-11-11 18:37:54,888 - INFO - Found 13 headlines for 2019/jul/13
2024-11-11 18:37:55,526 - INFO - Using User-Agent: Mozilla/5.0 (Macintosh; Intel Mac OS X 11_14) AppleWebKit/537.36 (KHTML, like Gecko) Chrome/109.0.5397.215 Safari/537.36
2024-11-11 18:37:56,543 - INFO - Found 19 headlines for 2019/jul/14
2024-11-11 18:37:56,996 - INFO - Using User-Agent: Mozilla/5.0 (Macintosh; Intel Mac OS X 10_15_7) AppleWebKit/537.36 (KHTML, like Gecko) Chrome/108.0.0.0 Safari/537.36
2024-11-11 18:37:57,910 - INFO - Found 27 headlines for 2019/jul/15
2024-11-11 18:37:58,546 - INFO - Using User-Agent: Mozilla/5.0 (Macintosh; Intel Mac OS X 11_3) AppleWebKit/537.36 (KHTML, like Gecko) Chrome/109.0.5412.99 Safari/537.36
2024-11-11 18:37:59,634 - INFO - Found 32 headlines for 2019/jul/16
2024-11-11 18:37:59,857 - INFO - Using User-Agent: Mozilla/5.0 (X11; Linux i686) AppleWebKit/537.36 (KHTML, like Gecko) Chrome/109.0.5388.177 Safari/537.36
2024-11-11 18:38:00,749 - INFO - Found 28 headlines for 2019/jul/17
2024-11-11 18:38:01,679 - INFO - Using User-Agent: Mozilla/5.0 (X11; Linux i686) AppleWebKit/537.36 (KHTML, like Gecko) Chrome/109.0.5388.177 Safari/537.36
2024-11-11 18:38:03,003 - INFO - Found 26 headlines for 2019/jul/18
2024-11-11 18:38:03,493 - INFO - Using User-Agent: Mozilla/5.0 (Macintosh; Intel Mac OS X 10_15_7) AppleWebKit/537.36 (KHTML, like Gecko) Chrome/108.0.0.0 Safari/537.36
2024-11-11 18:38:04,527 - INFO - Found 35 headlines for 2019/jul/19
2024-11-11 18:38:04,634 - INFO - Using User-Agent: Mozilla/5.0 (Macintosh; Intel Mac OS X 11_3) AppleWebKit/537.36 (KHTML, like Gecko) Chrome/109.0.5412.99 Safari/537.36
2024-11-11 18:38:05,853 - INFO - Found 23 headlines for 2019/jul/20
2024-11-11 18:38:06,038 - INFO - Using User-Agent: Mozilla/5.0 (Macintosh; Intel Mac OS X 11_14) AppleWebKit/537.36 (KHTML, like Gecko) Chrome/109.0.5397.215 Safari/537.36
2024-11-11 18:38:07,034 - INFO - Found 24 headlines for 2019/jul/21
2024-11-11 18:38:07,450 - INFO - Using User-Agent: Mozilla/5.0 (X11; Linux i686) AppleWebKit/537.36 (KHTML, like Gecko) Chrome/109.0.5388.177 Safari/537.36
2024-11-11 18:38:08,557 - INFO - Found 28 headlines for 2019/jul/22
2024-11-11 18:38:09,481 - INFO - Using User-Agent: Mozilla/5.0 (Windows NT 10.0; Win64; x64) AppleWebKit/537.36 (KHTML, like Gecko) Chrome/91.0.4472.124 Safari/537.36
2024-11-11 18:38:10,553 - INFO - Found 33 headlines for 2019/jul/23
2024-11-11 18:38:10,574 - INFO - Using User-Agent: Mozilla/5.0 (Windows NT 10.0; Win64; x64) AppleWebKit/537.36 (KHTML, like Gecko) Chrome/91.0.4472.124 Safari/537.36
2024-11-11 18:38:11,837 - INFO - Found 23 headlines for 2019/jul/24
2024-11-11 18:38:12,075 - INFO - Using User-Agent: Mozilla/5.0 (Macintosh; Intel Mac OS X 10_10) AppleWebKit/537.36 (KHTML, like Gecko) Chrome/108.0.5361.172 Safari/537.36
2024-11-11 18:38:12,986 - INFO - Found 32 headlines for 2019/jul/25
2024-11-11 18:38:13,038 - INFO - Using User-Agent: Mozilla/5.0 (Macintosh; Intel Mac OS X 11_14) AppleWebKit/537.36 (KHTML, like Gecko) Chrome/109.0.5397.215 Safari/537.36
2024-11-11 18:38:13,962 - INFO - Found 25 headlines for 2019/jul/26
2024-11-11 18:38:14,417 - INFO - Using User-Agent: Mozilla/5.0 (Macintosh; Intel Mac OS X 10_10) AppleWebKit/537.36 (KHTML, like Gecko) Chrome/108.0.5361.172 Safari/537.36
2024-11-11 18:38:15,407 - INFO - Found 14 headlines for 2019/jul/27
2024-11-11 18:38:15,758 - INFO - Using User-Agent: Mozilla/5.0 (Windows NT 10.0; Win64; x64) AppleWebKit/537.36 (KHTML, like Gecko) Chrome/91.0.4472.124 Safari/537.36
2024-11-11 18:38:16,553 - INFO - Found 21 headlines for 2019/jul/28
2024-11-11 18:38:16,845 - INFO - Using User-Agent: Mozilla/5.0 (Macintosh; Intel Mac OS X 11_3) AppleWebKit/537.36 (KHTML, like Gecko) Chrome/109.0.5412.99 Safari/537.36
2024-11-11 18:38:17,899 - INFO - Found 27 headlines for 2019/jul/29
2024-11-11 18:38:18,720 - INFO - Using User-Agent: Mozilla/5.0 (X11; Linux i686) AppleWebKit/537.36 (KHTML, like Gecko) Chrome/109.0.5388.177 Safari/537.36
2024-11-11 18:38:19,693 - INFO - Found 22 headlines for 2019/jul/30
2024-11-11 18:38:20,152 - INFO - Using User-Agent: Mozilla/5.0 (Macintosh; Intel Mac OS X 10_15_7) AppleWebKit/537.36 (KHTML, like Gecko) Chrome/108.0.0.0 Safari/537.36
2024-11-11 18:38:21,408 - INFO - Found 21 headlines for 2019/jul/31
2024-11-11 18:38:22,104 - INFO - Using User-Agent: Mozilla/5.0 (Macintosh; Intel Mac OS X 10_15_7) AppleWebKit/537.36 (KHTML, like Gecko) Chrome/108.0.0.0 Safari/537.36
2024-11-11 18:38:23,003 - INFO - Found 26 headlines for 2019/aug/01
2024-11-11 18:38:23,884 - INFO - Using User-Agent: Mozilla/5.0 (Macintosh; Intel Mac OS X 10_10) AppleWebKit/537.36 (KHTML, like Gecko) Chrome/108.0.5361.172 Safari/537.36
2024-11-11 18:38:25,568 - INFO - Found 22 headlines for 2019/aug/02
2024-11-11 18:38:25,752 - INFO - Using User-Agent: Mozilla/5.0 (Macintosh; Intel Mac OS X 10_10) AppleWebKit/537.36 (KHTML, like Gecko) Chrome/108.0.5361.172 Safari/537.36
2024-11-11 18:38:27,535 - INFO - Found 21 headlines for 2019/aug/03
2024-11-11 18:38:28,312 - INFO - Using User-Agent: Mozilla/5.0 (Windows NT 10.0; Win64; x64) AppleWebKit/537.36 (KHTML, like Gecko) Chrome/91.0.4472.124 Safari/537.36
2024-11-11 18:38:29,504 - INFO - Found 25 headlines for 2019/aug/04
2024-11-11 18:38:29,534 - INFO - Using User-Agent: Mozilla/5.0 (Macintosh; Intel Mac OS X 10_10) AppleWebKit/537.36 (KHTML, like Gecko) Chrome/108.0.5361.172 Safari/537.36
2024-11-11 18:38:30,642 - INFO - Found 29 headlines for 2019/aug/05
2024-11-11 18:38:31,480 - INFO - Using User-Agent: Mozilla/5.0 (Windows NT 10.0; Win64; x64) AppleWebKit/537.36 (KHTML, like Gecko) Firefox/89.0
2024-11-11 18:38:32,438 - INFO - Found 31 headlines for 2019/aug/06
2024-11-11 18:38:32,791 - INFO - Using User-Agent: Mozilla/5.0 (Macintosh; Intel Mac OS X 11_3) AppleWebKit/537.36 (KHTML, like Gecko) Chrome/109.0.5412.99 Safari/537.36
2024-11-11 18:38:33,604 - INFO - Found 32 headlines for 2019/aug/07
2024-11-11 18:38:33,964 - INFO - Using User-Agent: Mozilla/5.0 (Macintosh; Intel Mac OS X 10_15_7) AppleWebKit/537.36 (KHTML, like Gecko) Chrome/108.0.0.0 Safari/537.36
2024-11-11 18:38:34,876 - INFO - Found 37 headlines for 2019/aug/08
2024-11-11 18:38:35,802 - INFO - Using User-Agent: Mozilla/5.0 (Windows NT 10.0; Win64; x64) AppleWebKit/537.36 (KHTML, like Gecko) Chrome/91.0.4472.124 Safari/537.36
2024-11-11 18:38:36,821 - INFO - Found 24 headlines for 2019/aug/09
2024-11-11 18:38:37,820 - INFO - Using User-Agent: Mozilla/5.0 (Macintosh; Intel Mac OS X 10_10) AppleWebKit/537.36 (KHTML, like Gecko) Chrome/108.0.5361.172 Safari/537.36
2024-11-11 18:38:38,998 - INFO - Found 22 headlines for 2019/aug/10
2024-11-11 18:38:39,893 - INFO - Using User-Agent: Mozilla/5.0 (Windows NT 10.0; Win64; x64) AppleWebKit/537.36 (KHTML, like Gecko) Chrome/91.0.4472.124 Safari/537.36
2024-11-11 18:38:40,858 - INFO - Found 23 headlines for 2019/aug/11
2024-11-11 18:38:41,434 - INFO - Using User-Agent: Mozilla/5.0 (Windows NT 10.0; Win64; x64) AppleWebKit/537.36 (KHTML, like Gecko) Firefox/89.0
2024-11-11 18:38:42,666 - INFO - Found 45 headlines for 2019/aug/12
2024-11-11 18:38:43,299 - INFO - Using User-Agent: Mozilla/5.0 (Windows NT 10.0; Win64; x64) AppleWebKit/537.36 (KHTML, like Gecko) Chrome/91.0.4472.124 Safari/537.36
2024-11-11 18:38:44,382 - INFO - Found 32 headlines for 2019/aug/13
2024-11-11 18:38:45,329 - INFO - Using User-Agent: Mozilla/5.0 (Windows NT 10.0; Win64; x64) AppleWebKit/537.36 (KHTML, like Gecko) Chrome/91.0.4472.124 Safari/537.36
2024-11-11 18:38:46,379 - INFO - Found 30 headlines for 2019/aug/14
2024-11-11 18:38:47,117 - INFO - Using User-Agent: Mozilla/5.0 (Windows NT 10.0; Win64; x64) AppleWebKit/537.36 (KHTML, like Gecko) Firefox/89.0
2024-11-11 18:38:48,249 - INFO - Found 28 headlines for 2019/aug/15
2024-11-11 18:38:49,040 - INFO - Using User-Agent: Mozilla/5.0 (Macintosh; Intel Mac OS X 10_15_7) AppleWebKit/537.36 (KHTML, like Gecko) Chrome/108.0.0.0 Safari/537.36
2024-11-11 18:38:49,853 - INFO - Found 22 headlines for 2019/aug/16
2024-11-11 18:38:50,183 - INFO - Using User-Agent: Mozilla/5.0 (Macintosh; Intel Mac OS X 10_15_7) AppleWebKit/605.1.15 (KHTML, like Gecko) Version/14.0.3 Safari/605.1.15
2024-11-11 18:38:51,307 - INFO - Found 16 headlines for 2019/aug/17
2024-11-11 18:38:52,199 - INFO - Using User-Agent: Mozilla/5.0 (Macintosh; Intel Mac OS X 11_14) AppleWebKit/537.36 (KHTML, like Gecko) Chrome/109.0.5397.215 Safari/537.36
2024-11-11 18:38:53,039 - INFO - Found 23 headlines for 2019/aug/18
2024-11-11 18:38:53,206 - INFO - Using User-Agent: Mozilla/5.0 (Windows NT 10.0; Win64; x64) AppleWebKit/537.36 (KHTML, like Gecko) Firefox/89.0
2024-11-11 18:38:54,152 - INFO - Found 30 headlines for 2019/aug/19
2024-11-11 18:38:54,889 - INFO - Using User-Agent: Mozilla/5.0 (Macintosh; Intel Mac OS X 11_14) AppleWebKit/537.36 (KHTML, like Gecko) Chrome/109.0.5397.215 Safari/537.36
2024-11-11 18:38:55,668 - INFO - Found 32 headlines for 2019/aug/20
2024-11-11 18:38:56,118 - INFO - Using User-Agent: Mozilla/5.0 (Macintosh; Intel Mac OS X 10_15_7) AppleWebKit/537.36 (KHTML, like Gecko) Chrome/108.0.0.0 Safari/537.36
2024-11-11 18:38:57,009 - INFO - Found 28 headlines for 2019/aug/21
2024-11-11 18:38:57,663 - INFO - Using User-Agent: Mozilla/5.0 (Macintosh; Intel Mac OS X 11_3) AppleWebKit/537.36 (KHTML, like Gecko) Chrome/109.0.5412.99 Safari/537.36
2024-11-11 18:38:58,576 - INFO - Found 22 headlines for 2019/aug/22
2024-11-11 18:38:59,397 - INFO - Using User-Agent: Mozilla/5.0 (X11; Linux i686) AppleWebKit/537.36 (KHTML, like Gecko) Chrome/109.0.5388.177 Safari/537.36
2024-11-11 18:39:00,397 - INFO - Found 33 headlines for 2019/aug/23
2024-11-11 18:39:01,079 - INFO - Using User-Agent: Mozilla/5.0 (Macintosh; Intel Mac OS X 10_15_7) AppleWebKit/605.1.15 (KHTML, like Gecko) Version/14.0.3 Safari/605.1.15
2024-11-11 18:39:02,091 - INFO - Found 22 headlines for 2019/aug/24
2024-11-11 18:39:02,142 - INFO - Using User-Agent: Mozilla/5.0 (Macintosh; Intel Mac OS X 10_15_7) AppleWebKit/605.1.15 (KHTML, like Gecko) Version/14.0.3 Safari/605.1.15
2024-11-11 18:39:03,097 - INFO - Found 27 headlines for 2019/aug/25
2024-11-11 18:39:03,747 - INFO - Using User-Agent: Mozilla/5.0 (Macintosh; Intel Mac OS X 11_3) AppleWebKit/537.36 (KHTML, like Gecko) Chrome/109.0.5412.99 Safari/537.36
2024-11-11 18:39:04,727 - INFO - Found 31 headlines for 2019/aug/26
2024-11-11 18:39:05,118 - INFO - Using User-Agent: Mozilla/5.0 (Macintosh; Intel Mac OS X 10_10) AppleWebKit/537.36 (KHTML, like Gecko) Chrome/108.0.5361.172 Safari/537.36
2024-11-11 18:39:06,110 - INFO - Found 31 headlines for 2019/aug/27
2024-11-11 18:39:06,967 - INFO - Using User-Agent: Mozilla/5.0 (Macintosh; Intel Mac OS X 10_15_7) AppleWebKit/537.36 (KHTML, like Gecko) Chrome/108.0.0.0 Safari/537.36
2024-11-11 18:39:07,872 - INFO - Found 36 headlines for 2019/aug/28
2024-11-11 18:39:08,608 - INFO - Using User-Agent: Mozilla/5.0 (Macintosh; Intel Mac OS X 10_10) AppleWebKit/537.36 (KHTML, like Gecko) Chrome/108.0.5361.172 Safari/537.36
2024-11-11 18:39:09,452 - INFO - Found 28 headlines for 2019/aug/29
2024-11-11 18:39:10,001 - INFO - Using User-Agent: Mozilla/5.0 (Macintosh; Intel Mac OS X 11_14) AppleWebKit/537.36 (KHTML, like Gecko) Chrome/109.0.5397.215 Safari/537.36
2024-11-11 18:39:10,850 - INFO - Found 32 headlines for 2019/aug/30
2024-11-11 18:39:11,052 - INFO - Using User-Agent: Mozilla/5.0 (Macintosh; Intel Mac OS X 10_10) AppleWebKit/537.36 (KHTML, like Gecko) Chrome/108.0.5361.172 Safari/537.36
2024-11-11 18:39:11,879 - INFO - Found 22 headlines for 2019/aug/31
2024-11-11 18:39:12,806 - INFO - Using User-Agent: Mozilla/5.0 (Windows NT 10.0; Win64; x64) AppleWebKit/537.36 (KHTML, like Gecko) Firefox/89.0
2024-11-11 18:39:13,746 - INFO - Found 21 headlines for 2019/sep/01
2024-11-11 18:39:14,690 - INFO - Using User-Agent: Mozilla/5.0 (Macintosh; Intel Mac OS X 10_15_7) AppleWebKit/605.1.15 (KHTML, like Gecko) Version/14.0.3 Safari/605.1.15
2024-11-11 18:39:15,569 - INFO - Found 29 headlines for 2019/sep/02
2024-11-11 18:39:16,180 - INFO - Using User-Agent: Mozilla/5.0 (Macintosh; Intel Mac OS X 11_3) AppleWebKit/537.36 (KHTML, like Gecko) Chrome/109.0.5412.99 Safari/537.36
2024-11-11 18:39:17,256 - INFO - Found 29 headlines for 2019/sep/03
2024-11-11 18:39:17,393 - INFO - Using User-Agent: Mozilla/5.0 (Macintosh; Intel Mac OS X 11_3) AppleWebKit/537.36 (KHTML, like Gecko) Chrome/109.0.5412.99 Safari/537.36
2024-11-11 18:39:18,402 - INFO - Found 36 headlines for 2019/sep/04
2024-11-11 18:39:19,181 - INFO - Using User-Agent: Mozilla/5.0 (Windows NT 10.0; Win64; x64) AppleWebKit/537.36 (KHTML, like Gecko) Firefox/89.0
2024-11-11 18:39:20,145 - INFO - Found 29 headlines for 2019/sep/05
2024-11-11 18:39:20,161 - INFO - Using User-Agent: Mozilla/5.0 (X11; Linux i686) AppleWebKit/537.36 (KHTML, like Gecko) Chrome/109.0.5388.177 Safari/537.36
2024-11-11 18:39:21,435 - INFO - Found 32 headlines for 2019/sep/06
2024-11-11 18:39:22,206 - INFO - Using User-Agent: Mozilla/5.0 (Macintosh; Intel Mac OS X 11_3) AppleWebKit/537.36 (KHTML, like Gecko) Chrome/109.0.5412.99 Safari/537.36
2024-11-11 18:39:23,149 - INFO - Found 22 headlines for 2019/sep/07
2024-11-11 18:39:24,125 - INFO - Using User-Agent: Mozilla/5.0 (Macintosh; Intel Mac OS X 10_15_7) AppleWebKit/605.1.15 (KHTML, like Gecko) Version/14.0.3 Safari/605.1.15
2024-11-11 18:39:24,978 - INFO - Found 30 headlines for 2019/sep/08
2024-11-11 18:39:25,084 - INFO - Using User-Agent: Mozilla/5.0 (Macintosh; Intel Mac OS X 10_10) AppleWebKit/537.36 (KHTML, like Gecko) Chrome/108.0.5361.172 Safari/537.36
2024-11-11 18:39:25,865 - INFO - Found 34 headlines for 2019/sep/09
2024-11-11 18:39:26,127 - INFO - Using User-Agent: Mozilla/5.0 (Windows NT 10.0; Win64; x64) AppleWebKit/537.36 (KHTML, like Gecko) Chrome/91.0.4472.124 Safari/537.36
2024-11-11 18:39:27,093 - INFO - Found 33 headlines for 2019/sep/10
2024-11-11 18:39:27,495 - INFO - Using User-Agent: Mozilla/5.0 (Macintosh; Intel Mac OS X 10_15_7) AppleWebKit/605.1.15 (KHTML, like Gecko) Version/14.0.3 Safari/605.1.15
2024-11-11 18:39:28,623 - INFO - Found 36 headlines for 2019/sep/11
2024-11-11 18:39:28,686 - INFO - Using User-Agent: Mozilla/5.0 (Windows NT 10.0; Win64; x64) AppleWebKit/537.36 (KHTML, like Gecko) Chrome/91.0.4472.124 Safari/537.36
2024-11-11 18:39:29,793 - INFO - Found 36 headlines for 2019/sep/12
2024-11-11 18:39:30,083 - INFO - Using User-Agent: Mozilla/5.0 (Macintosh; Intel Mac OS X 10_15_7) AppleWebKit/537.36 (KHTML, like Gecko) Chrome/108.0.0.0 Safari/537.36
2024-11-11 18:39:30,929 - INFO - Found 22 headlines for 2019/sep/13
2024-11-11 18:39:31,337 - INFO - Using User-Agent: Mozilla/5.0 (Windows NT 10.0; Win64; x64) AppleWebKit/537.36 (KHTML, like Gecko) Firefox/89.0
2024-11-11 18:39:32,437 - INFO - Found 20 headlines for 2019/sep/14
2024-11-11 18:39:32,984 - INFO - Using User-Agent: Mozilla/5.0 (Macintosh; Intel Mac OS X 11_14) AppleWebKit/537.36 (KHTML, like Gecko) Chrome/109.0.5397.215 Safari/537.36
2024-11-11 18:39:34,017 - INFO - Found 20 headlines for 2019/sep/15
2024-11-11 18:39:34,738 - INFO - Using User-Agent: Mozilla/5.0 (Macintosh; Intel Mac OS X 10_15_7) AppleWebKit/605.1.15 (KHTML, like Gecko) Version/14.0.3 Safari/605.1.15
2024-11-11 18:39:35,648 - INFO - Found 31 headlines for 2019/sep/16
2024-11-11 18:39:36,024 - INFO - Using User-Agent: Mozilla/5.0 (Macintosh; Intel Mac OS X 10_10) AppleWebKit/537.36 (KHTML, like Gecko) Chrome/108.0.5361.172 Safari/537.36
2024-11-11 18:39:36,878 - INFO - Found 31 headlines for 2019/sep/17
2024-11-11 18:39:37,172 - INFO - Using User-Agent: Mozilla/5.0 (Macintosh; Intel Mac OS X 10_10) AppleWebKit/537.36 (KHTML, like Gecko) Chrome/108.0.5361.172 Safari/537.36
2024-11-11 18:39:38,113 - INFO - Found 27 headlines for 2019/sep/18
2024-11-11 18:39:38,793 - INFO - Using User-Agent: Mozilla/5.0 (Windows NT 10.0; Win64; x64) AppleWebKit/537.36 (KHTML, like Gecko) Firefox/89.0
2024-11-11 18:39:39,863 - INFO - Found 34 headlines for 2019/sep/19
2024-11-11 18:39:40,120 - INFO - Using User-Agent: Mozilla/5.0 (Windows NT 10.0; Win64; x64) AppleWebKit/537.36 (KHTML, like Gecko) Firefox/89.0
2024-11-11 18:39:40,944 - INFO - Found 24 headlines for 2019/sep/20
2024-11-11 18:39:41,021 - INFO - Using User-Agent: Mozilla/5.0 (Macintosh; Intel Mac OS X 11_14) AppleWebKit/537.36 (KHTML, like Gecko) Chrome/109.0.5397.215 Safari/537.36
2024-11-11 18:39:42,006 - INFO - Found 10 headlines for 2019/sep/21
2024-11-11 18:39:42,972 - INFO - Using User-Agent: Mozilla/5.0 (Windows NT 10.0; Win64; x64) AppleWebKit/537.36 (KHTML, like Gecko) Firefox/89.0
2024-11-11 18:39:43,824 - INFO - Found 20 headlines for 2019/sep/22
2024-11-11 18:39:44,659 - INFO - Using User-Agent: Mozilla/5.0 (Windows NT 10.0; Win64; x64) AppleWebKit/537.36 (KHTML, like Gecko) Chrome/91.0.4472.124 Safari/537.36
2024-11-11 18:39:45,516 - INFO - Found 27 headlines for 2019/sep/23
2024-11-11 18:39:46,405 - INFO - Using User-Agent: Mozilla/5.0 (Macintosh; Intel Mac OS X 10_15_7) AppleWebKit/537.36 (KHTML, like Gecko) Chrome/108.0.0.0 Safari/537.36
2024-11-11 18:39:47,274 - INFO - Found 25 headlines for 2019/sep/24
2024-11-11 18:39:48,208 - INFO - Using User-Agent: Mozilla/5.0 (Windows NT 10.0; Win64; x64) AppleWebKit/537.36 (KHTML, like Gecko) Chrome/91.0.4472.124 Safari/537.36
2024-11-11 18:39:49,205 - INFO - Found 24 headlines for 2019/sep/25
2024-11-11 18:39:49,514 - INFO - Using User-Agent: Mozilla/5.0 (X11; Linux i686) AppleWebKit/537.36 (KHTML, like Gecko) Chrome/109.0.5388.177 Safari/537.36
2024-11-11 18:39:50,343 - INFO - Found 21 headlines for 2019/sep/26
2024-11-11 18:39:50,717 - INFO - Using User-Agent: Mozilla/5.0 (Macintosh; Intel Mac OS X 11_3) AppleWebKit/537.36 (KHTML, like Gecko) Chrome/109.0.5412.99 Safari/537.36
2024-11-11 18:39:51,819 - INFO - Found 21 headlines for 2019/sep/27
2024-11-11 18:39:51,924 - INFO - Using User-Agent: Mozilla/5.0 (Windows NT 10.0; Win64; x64) AppleWebKit/537.36 (KHTML, like Gecko) Firefox/89.0
2024-11-11 18:39:52,834 - INFO - Found 22 headlines for 2019/sep/28
2024-11-11 18:39:52,927 - INFO - Using User-Agent: Mozilla/5.0 (Macintosh; Intel Mac OS X 11_14) AppleWebKit/537.36 (KHTML, like Gecko) Chrome/109.0.5397.215 Safari/537.36
2024-11-11 18:39:53,909 - INFO - Found 23 headlines for 2019/sep/29
2024-11-11 18:39:54,379 - INFO - Using User-Agent: Mozilla/5.0 (X11; Linux i686) AppleWebKit/537.36 (KHTML, like Gecko) Chrome/109.0.5388.177 Safari/537.36
2024-11-11 18:39:55,309 - INFO - Found 33 headlines for 2019/sep/30
2024-11-11 18:39:55,742 - INFO - Using User-Agent: Mozilla/5.0 (Macintosh; Intel Mac OS X 10_15_7) AppleWebKit/537.36 (KHTML, like Gecko) Chrome/108.0.0.0 Safari/537.36
2024-11-11 18:39:56,732 - INFO - Found 36 headlines for 2019/oct/01
2024-11-11 18:39:57,198 - INFO - Using User-Agent: Mozilla/5.0 (Macintosh; Intel Mac OS X 10_10) AppleWebKit/537.36 (KHTML, like Gecko) Chrome/108.0.5361.172 Safari/537.36
2024-11-11 18:39:58,173 - INFO - Found 34 headlines for 2019/oct/02
2024-11-11 18:39:59,025 - INFO - Using User-Agent: Mozilla/5.0 (Macintosh; Intel Mac OS X 10_10) AppleWebKit/537.36 (KHTML, like Gecko) Chrome/108.0.5361.172 Safari/537.36
2024-11-11 18:39:59,773 - INFO - Found 27 headlines for 2019/oct/03
2024-11-11 18:40:00,019 - INFO - Using User-Agent: Mozilla/5.0 (Macintosh; Intel Mac OS X 10_10) AppleWebKit/537.36 (KHTML, like Gecko) Chrome/108.0.5361.172 Safari/537.36
2024-11-11 18:40:01,029 - INFO - Found 30 headlines for 2019/oct/04
2024-11-11 18:40:01,489 - INFO - Using User-Agent: Mozilla/5.0 (Macintosh; Intel Mac OS X 11_14) AppleWebKit/537.36 (KHTML, like Gecko) Chrome/109.0.5397.215 Safari/537.36
2024-11-11 18:40:02,457 - INFO - Found 13 headlines for 2019/oct/05
2024-11-11 18:40:02,681 - INFO - Using User-Agent: Mozilla/5.0 (Windows NT 10.0; Win64; x64) AppleWebKit/537.36 (KHTML, like Gecko) Chrome/91.0.4472.124 Safari/537.36
2024-11-11 18:40:03,711 - INFO - Found 18 headlines for 2019/oct/06
2024-11-11 18:40:04,327 - INFO - Using User-Agent: Mozilla/5.0 (Macintosh; Intel Mac OS X 10_10) AppleWebKit/537.36 (KHTML, like Gecko) Chrome/108.0.5361.172 Safari/537.36
2024-11-11 18:40:05,429 - INFO - Found 26 headlines for 2019/oct/07
2024-11-11 18:40:06,178 - INFO - Using User-Agent: Mozilla/5.0 (Macintosh; Intel Mac OS X 11_3) AppleWebKit/537.36 (KHTML, like Gecko) Chrome/109.0.5412.99 Safari/537.36
2024-11-11 18:40:06,991 - INFO - Found 30 headlines for 2019/oct/08
2024-11-11 18:40:07,696 - INFO - Using User-Agent: Mozilla/5.0 (X11; Linux i686) AppleWebKit/537.36 (KHTML, like Gecko) Chrome/109.0.5388.177 Safari/537.36
2024-11-11 18:40:08,654 - INFO - Found 19 headlines for 2019/oct/09
2024-11-11 18:40:09,339 - INFO - Using User-Agent: Mozilla/5.0 (Macintosh; Intel Mac OS X 10_15_7) AppleWebKit/537.36 (KHTML, like Gecko) Chrome/108.0.0.0 Safari/537.36
2024-11-11 18:40:10,285 - INFO - Found 37 headlines for 2019/oct/10
2024-11-11 18:40:11,274 - INFO - Using User-Agent: Mozilla/5.0 (X11; Linux i686) AppleWebKit/537.36 (KHTML, like Gecko) Chrome/109.0.5388.177 Safari/537.36
2024-11-11 18:40:12,465 - INFO - Found 40 headlines for 2019/oct/11
2024-11-11 18:40:12,556 - INFO - Using User-Agent: Mozilla/5.0 (Macintosh; Intel Mac OS X 10_15_7) AppleWebKit/537.36 (KHTML, like Gecko) Chrome/108.0.0.0 Safari/537.36
2024-11-11 18:40:13,527 - INFO - Found 18 headlines for 2019/oct/12
2024-11-11 18:40:14,115 - INFO - Using User-Agent: Mozilla/5.0 (Macintosh; Intel Mac OS X 10_15_7) AppleWebKit/605.1.15 (KHTML, like Gecko) Version/14.0.3 Safari/605.1.15
2024-11-11 18:40:15,055 - INFO - Found 27 headlines for 2019/oct/13
2024-11-11 18:40:16,004 - INFO - Using User-Agent: Mozilla/5.0 (X11; Linux i686) AppleWebKit/537.36 (KHTML, like Gecko) Chrome/109.0.5388.177 Safari/537.36
2024-11-11 18:40:16,966 - INFO - Found 39 headlines for 2019/oct/14
2024-11-11 18:40:17,599 - INFO - Using User-Agent: Mozilla/5.0 (Windows NT 10.0; Win64; x64) AppleWebKit/537.36 (KHTML, like Gecko) Chrome/91.0.4472.124 Safari/537.36
2024-11-11 18:40:18,443 - INFO - Found 31 headlines for 2019/oct/15
2024-11-11 18:40:18,816 - INFO - Using User-Agent: Mozilla/5.0 (Windows NT 10.0; Win64; x64) AppleWebKit/537.36 (KHTML, like Gecko) Firefox/89.0
2024-11-11 18:40:19,875 - INFO - Found 30 headlines for 2019/oct/16
2024-11-11 18:40:20,250 - INFO - Using User-Agent: Mozilla/5.0 (Macintosh; Intel Mac OS X 10_15_7) AppleWebKit/537.36 (KHTML, like Gecko) Chrome/108.0.0.0 Safari/537.36
2024-11-11 18:40:21,112 - INFO - Found 31 headlines for 2019/oct/17
2024-11-11 18:40:21,914 - INFO - Using User-Agent: Mozilla/5.0 (Windows NT 10.0; Win64; x64) AppleWebKit/537.36 (KHTML, like Gecko) Firefox/89.0
2024-11-11 18:40:22,815 - INFO - Found 38 headlines for 2019/oct/18
2024-11-11 18:40:22,852 - INFO - Using User-Agent: Mozilla/5.0 (Macintosh; Intel Mac OS X 10_10) AppleWebKit/537.36 (KHTML, like Gecko) Chrome/108.0.5361.172 Safari/537.36
2024-11-11 18:40:23,885 - INFO - Found 17 headlines for 2019/oct/19
2024-11-11 18:40:24,208 - INFO - Using User-Agent: Mozilla/5.0 (Macintosh; Intel Mac OS X 10_10) AppleWebKit/537.36 (KHTML, like Gecko) Chrome/108.0.5361.172 Safari/537.36
2024-11-11 18:40:25,151 - INFO - Found 22 headlines for 2019/oct/20
2024-11-11 18:40:25,673 - INFO - Using User-Agent: Mozilla/5.0 (Macintosh; Intel Mac OS X 11_14) AppleWebKit/537.36 (KHTML, like Gecko) Chrome/109.0.5397.215 Safari/537.36
2024-11-11 18:40:26,657 - INFO - Found 26 headlines for 2019/oct/21
2024-11-11 18:40:27,402 - INFO - Using User-Agent: Mozilla/5.0 (Macintosh; Intel Mac OS X 10_15_7) AppleWebKit/605.1.15 (KHTML, like Gecko) Version/14.0.3 Safari/605.1.15
2024-11-11 18:40:28,306 - INFO - Found 36 headlines for 2019/oct/22
2024-11-11 18:40:28,994 - INFO - Using User-Agent: Mozilla/5.0 (Macintosh; Intel Mac OS X 10_10) AppleWebKit/537.36 (KHTML, like Gecko) Chrome/108.0.5361.172 Safari/537.36
2024-11-11 18:40:29,967 - INFO - Found 24 headlines for 2019/oct/23
2024-11-11 18:40:30,612 - INFO - Using User-Agent: Mozilla/5.0 (Macintosh; Intel Mac OS X 10_10) AppleWebKit/537.36 (KHTML, like Gecko) Chrome/108.0.5361.172 Safari/537.36
2024-11-11 18:40:31,633 - INFO - Found 25 headlines for 2019/oct/24
2024-11-11 18:40:31,907 - INFO - Using User-Agent: Mozilla/5.0 (Macintosh; Intel Mac OS X 11_3) AppleWebKit/537.36 (KHTML, like Gecko) Chrome/109.0.5412.99 Safari/537.36
2024-11-11 18:40:32,782 - INFO - Found 34 headlines for 2019/oct/25
2024-11-11 18:40:33,250 - INFO - Using User-Agent: Mozilla/5.0 (Macintosh; Intel Mac OS X 11_3) AppleWebKit/537.36 (KHTML, like Gecko) Chrome/109.0.5412.99 Safari/537.36
2024-11-11 18:40:34,249 - INFO - Found 20 headlines for 2019/oct/26
2024-11-11 18:40:34,301 - INFO - Using User-Agent: Mozilla/5.0 (Windows NT 10.0; Win64; x64) AppleWebKit/537.36 (KHTML, like Gecko) Chrome/91.0.4472.124 Safari/537.36
2024-11-11 18:40:35,530 - INFO - Found 31 headlines for 2019/oct/27
2024-11-11 18:40:36,000 - INFO - Using User-Agent: Mozilla/5.0 (X11; Linux i686) AppleWebKit/537.36 (KHTML, like Gecko) Chrome/109.0.5388.177 Safari/537.36
2024-11-11 18:40:37,056 - INFO - Found 30 headlines for 2019/oct/28
2024-11-11 18:40:37,966 - INFO - Using User-Agent: Mozilla/5.0 (Macintosh; Intel Mac OS X 10_10) AppleWebKit/537.36 (KHTML, like Gecko) Chrome/108.0.5361.172 Safari/537.36
2024-11-11 18:40:38,953 - INFO - Found 22 headlines for 2019/oct/29
2024-11-11 18:40:39,314 - INFO - Using User-Agent: Mozilla/5.0 (Macintosh; Intel Mac OS X 10_15_7) AppleWebKit/537.36 (KHTML, like Gecko) Chrome/108.0.0.0 Safari/537.36
2024-11-11 18:40:40,255 - INFO - Found 26 headlines for 2019/oct/30
2024-11-11 18:40:40,764 - INFO - Using User-Agent: Mozilla/5.0 (Macintosh; Intel Mac OS X 10_10) AppleWebKit/537.36 (KHTML, like Gecko) Chrome/108.0.5361.172 Safari/537.36
2024-11-11 18:40:41,606 - INFO - Found 31 headlines for 2019/oct/31
2024-11-11 18:40:42,290 - INFO - Using User-Agent: Mozilla/5.0 (Macintosh; Intel Mac OS X 10_10) AppleWebKit/537.36 (KHTML, like Gecko) Chrome/108.0.5361.172 Safari/537.36
2024-11-11 18:40:43,266 - INFO - Found 24 headlines for 2019/nov/01
2024-11-11 18:40:43,414 - INFO - Using User-Agent: Mozilla/5.0 (Windows NT 10.0; Win64; x64) AppleWebKit/537.36 (KHTML, like Gecko) Firefox/89.0
2024-11-11 18:40:44,169 - INFO - Found 15 headlines for 2019/nov/02
2024-11-11 18:40:44,842 - INFO - Using User-Agent: Mozilla/5.0 (Macintosh; Intel Mac OS X 10_15_7) AppleWebKit/537.36 (KHTML, like Gecko) Chrome/108.0.0.0 Safari/537.36
2024-11-11 18:40:45,960 - INFO - Found 14 headlines for 2019/nov/03
2024-11-11 18:40:46,026 - INFO - Using User-Agent: Mozilla/5.0 (Macintosh; Intel Mac OS X 10_10) AppleWebKit/537.36 (KHTML, like Gecko) Chrome/108.0.5361.172 Safari/537.36
2024-11-11 18:40:46,909 - INFO - Found 38 headlines for 2019/nov/04
2024-11-11 18:40:47,091 - INFO - Using User-Agent: Mozilla/5.0 (Macintosh; Intel Mac OS X 11_3) AppleWebKit/537.36 (KHTML, like Gecko) Chrome/109.0.5412.99 Safari/537.36
2024-11-11 18:40:49,126 - INFO - Found 31 headlines for 2019/nov/05
2024-11-11 18:40:49,227 - INFO - Using User-Agent: Mozilla/5.0 (X11; Linux i686) AppleWebKit/537.36 (KHTML, like Gecko) Chrome/109.0.5388.177 Safari/537.36
2024-11-11 18:40:50,252 - INFO - Found 34 headlines for 2019/nov/06
2024-11-11 18:40:50,840 - INFO - Using User-Agent: Mozilla/5.0 (Macintosh; Intel Mac OS X 10_15_7) AppleWebKit/605.1.15 (KHTML, like Gecko) Version/14.0.3 Safari/605.1.15
2024-11-11 18:40:52,002 - INFO - Found 39 headlines for 2019/nov/07
2024-11-11 18:40:52,687 - INFO - Using User-Agent: Mozilla/5.0 (X11; Linux i686) AppleWebKit/537.36 (KHTML, like Gecko) Chrome/109.0.5388.177 Safari/537.36
2024-11-11 18:40:53,519 - INFO - Found 32 headlines for 2019/nov/08
2024-11-11 18:40:54,520 - INFO - Using User-Agent: Mozilla/5.0 (Macintosh; Intel Mac OS X 10_15_7) AppleWebKit/537.36 (KHTML, like Gecko) Chrome/108.0.0.0 Safari/537.36
2024-11-11 18:40:55,322 - INFO - Found 11 headlines for 2019/nov/09
2024-11-11 18:40:55,916 - INFO - Using User-Agent: Mozilla/5.0 (X11; Linux i686) AppleWebKit/537.36 (KHTML, like Gecko) Chrome/109.0.5388.177 Safari/537.36
2024-11-11 18:40:56,791 - INFO - Found 22 headlines for 2019/nov/10
2024-11-11 18:40:57,551 - INFO - Using User-Agent: Mozilla/5.0 (Macintosh; Intel Mac OS X 10_15_7) AppleWebKit/537.36 (KHTML, like Gecko) Chrome/108.0.0.0 Safari/537.36
2024-11-11 18:40:58,388 - INFO - Found 25 headlines for 2019/nov/11
2024-11-11 18:40:59,090 - INFO - Using User-Agent: Mozilla/5.0 (Macintosh; Intel Mac OS X 10_15_7) AppleWebKit/537.36 (KHTML, like Gecko) Chrome/108.0.0.0 Safari/537.36
2024-11-11 18:41:00,006 - INFO - Found 31 headlines for 2019/nov/12
2024-11-11 18:41:00,379 - INFO - Using User-Agent: Mozilla/5.0 (Macintosh; Intel Mac OS X 10_15_7) AppleWebKit/605.1.15 (KHTML, like Gecko) Version/14.0.3 Safari/605.1.15
2024-11-11 18:41:01,478 - INFO - Found 30 headlines for 2019/nov/13
2024-11-11 18:41:01,946 - INFO - Using User-Agent: Mozilla/5.0 (Windows NT 10.0; Win64; x64) AppleWebKit/537.36 (KHTML, like Gecko) Chrome/91.0.4472.124 Safari/537.36
2024-11-11 18:41:02,903 - INFO - Found 35 headlines for 2019/nov/14
2024-11-11 18:41:03,474 - INFO - Using User-Agent: Mozilla/5.0 (Macintosh; Intel Mac OS X 11_3) AppleWebKit/537.36 (KHTML, like Gecko) Chrome/109.0.5412.99 Safari/537.36
2024-11-11 18:41:04,303 - INFO - Found 31 headlines for 2019/nov/15
2024-11-11 18:41:05,239 - INFO - Using User-Agent: Mozilla/5.0 (X11; Linux i686) AppleWebKit/537.36 (KHTML, like Gecko) Chrome/109.0.5388.177 Safari/537.36
2024-11-11 18:41:06,171 - INFO - Found 14 headlines for 2019/nov/16
2024-11-11 18:41:07,171 - INFO - Using User-Agent: Mozilla/5.0 (X11; Linux i686) AppleWebKit/537.36 (KHTML, like Gecko) Chrome/109.0.5388.177 Safari/537.36
2024-11-11 18:41:07,978 - INFO - Found 18 headlines for 2019/nov/17
2024-11-11 18:41:08,742 - INFO - Using User-Agent: Mozilla/5.0 (Macintosh; Intel Mac OS X 10_10) AppleWebKit/537.36 (KHTML, like Gecko) Chrome/108.0.5361.172 Safari/537.36
2024-11-11 18:41:09,547 - INFO - Found 39 headlines for 2019/nov/18
2024-11-11 18:41:10,310 - INFO - Using User-Agent: Mozilla/5.0 (Windows NT 10.0; Win64; x64) AppleWebKit/537.36 (KHTML, like Gecko) Chrome/91.0.4472.124 Safari/537.36
2024-11-11 18:41:11,147 - INFO - Found 29 headlines for 2019/nov/19
2024-11-11 18:41:11,752 - INFO - Using User-Agent: Mozilla/5.0 (X11; Linux i686) AppleWebKit/537.36 (KHTML, like Gecko) Chrome/109.0.5388.177 Safari/537.36
2024-11-11 18:41:12,537 - INFO - Found 34 headlines for 2019/nov/20
2024-11-11 18:41:12,665 - INFO - Using User-Agent: Mozilla/5.0 (Macintosh; Intel Mac OS X 11_3) AppleWebKit/537.36 (KHTML, like Gecko) Chrome/109.0.5412.99 Safari/537.36
2024-11-11 18:41:13,528 - INFO - Found 28 headlines for 2019/nov/21
2024-11-11 18:41:14,034 - INFO - Using User-Agent: Mozilla/5.0 (Macintosh; Intel Mac OS X 10_15_7) AppleWebKit/537.36 (KHTML, like Gecko) Chrome/108.0.0.0 Safari/537.36
2024-11-11 18:41:14,954 - INFO - Found 31 headlines for 2019/nov/22
2024-11-11 18:41:15,641 - INFO - Using User-Agent: Mozilla/5.0 (Macintosh; Intel Mac OS X 11_3) AppleWebKit/537.36 (KHTML, like Gecko) Chrome/109.0.5412.99 Safari/537.36
2024-11-11 18:41:16,490 - INFO - Found 12 headlines for 2019/nov/23
2024-11-11 18:41:17,213 - INFO - Using User-Agent: Mozilla/5.0 (Macintosh; Intel Mac OS X 10_10) AppleWebKit/537.36 (KHTML, like Gecko) Chrome/108.0.5361.172 Safari/537.36
2024-11-11 18:41:18,117 - INFO - Found 23 headlines for 2019/nov/24
2024-11-11 18:41:18,438 - INFO - Using User-Agent: Mozilla/5.0 (Macintosh; Intel Mac OS X 10_15_7) AppleWebKit/537.36 (KHTML, like Gecko) Chrome/108.0.0.0 Safari/537.36
2024-11-11 18:41:19,268 - INFO - Found 32 headlines for 2019/nov/25
2024-11-11 18:41:19,411 - INFO - Using User-Agent: Mozilla/5.0 (Windows NT 10.0; Win64; x64) AppleWebKit/537.36 (KHTML, like Gecko) Chrome/91.0.4472.124 Safari/537.36
2024-11-11 18:41:20,404 - INFO - Found 36 headlines for 2019/nov/26
2024-11-11 18:41:20,825 - INFO - Using User-Agent: Mozilla/5.0 (Macintosh; Intel Mac OS X 10_15_7) AppleWebKit/605.1.15 (KHTML, like Gecko) Version/14.0.3 Safari/605.1.15
2024-11-11 18:41:21,688 - INFO - Found 23 headlines for 2019/nov/27
2024-11-11 18:41:21,989 - INFO - Using User-Agent: Mozilla/5.0 (Macintosh; Intel Mac OS X 11_3) AppleWebKit/537.36 (KHTML, like Gecko) Chrome/109.0.5412.99 Safari/537.36
2024-11-11 18:41:23,015 - INFO - Found 33 headlines for 2019/nov/28
2024-11-11 18:41:23,879 - INFO - Using User-Agent: Mozilla/5.0 (Macintosh; Intel Mac OS X 11_3) AppleWebKit/537.36 (KHTML, like Gecko) Chrome/109.0.5412.99 Safari/537.36
2024-11-11 18:41:24,758 - INFO - Found 28 headlines for 2019/nov/29
2024-11-11 18:41:25,101 - INFO - Using User-Agent: Mozilla/5.0 (Macintosh; Intel Mac OS X 10_15_7) AppleWebKit/605.1.15 (KHTML, like Gecko) Version/14.0.3 Safari/605.1.15
2024-11-11 18:41:26,041 - INFO - Found 16 headlines for 2019/nov/30
2024-11-11 18:41:26,105 - INFO - Using User-Agent: Mozilla/5.0 (Windows NT 10.0; Win64; x64) AppleWebKit/537.36 (KHTML, like Gecko) Firefox/89.0
2024-11-11 18:41:27,334 - INFO - Found 22 headlines for 2019/dec/01
2024-11-11 18:41:28,030 - INFO - Using User-Agent: Mozilla/5.0 (Macintosh; Intel Mac OS X 10_10) AppleWebKit/537.36 (KHTML, like Gecko) Chrome/108.0.5361.172 Safari/537.36
2024-11-11 18:41:28,880 - INFO - Found 19 headlines for 2019/dec/02
2024-11-11 18:41:29,497 - INFO - Using User-Agent: Mozilla/5.0 (Windows NT 10.0; Win64; x64) AppleWebKit/537.36 (KHTML, like Gecko) Firefox/89.0
2024-11-11 18:41:30,294 - INFO - Found 27 headlines for 2019/dec/03
2024-11-11 18:41:30,869 - INFO - Using User-Agent: Mozilla/5.0 (Macintosh; Intel Mac OS X 11_3) AppleWebKit/537.36 (KHTML, like Gecko) Chrome/109.0.5412.99 Safari/537.36
2024-11-11 18:41:31,641 - INFO - Found 22 headlines for 2019/dec/04
2024-11-11 18:41:32,225 - INFO - Using User-Agent: Mozilla/5.0 (Macintosh; Intel Mac OS X 10_15_7) AppleWebKit/605.1.15 (KHTML, like Gecko) Version/14.0.3 Safari/605.1.15
2024-11-11 18:41:33,020 - INFO - Found 25 headlines for 2019/dec/05
2024-11-11 18:41:33,796 - INFO - Using User-Agent: Mozilla/5.0 (Macintosh; Intel Mac OS X 10_15_7) AppleWebKit/605.1.15 (KHTML, like Gecko) Version/14.0.3 Safari/605.1.15
2024-11-11 18:41:34,646 - INFO - Found 26 headlines for 2019/dec/06
2024-11-11 18:41:35,555 - INFO - Using User-Agent: Mozilla/5.0 (Windows NT 10.0; Win64; x64) AppleWebKit/537.36 (KHTML, like Gecko) Firefox/89.0
2024-11-11 18:41:36,440 - INFO - Found 19 headlines for 2019/dec/07
2024-11-11 18:41:37,081 - INFO - Using User-Agent: Mozilla/5.0 (Windows NT 10.0; Win64; x64) AppleWebKit/537.36 (KHTML, like Gecko) Chrome/91.0.4472.124 Safari/537.36
2024-11-11 18:41:37,869 - INFO - Found 19 headlines for 2019/dec/08
2024-11-11 18:41:38,771 - INFO - Using User-Agent: Mozilla/5.0 (Windows NT 10.0; Win64; x64) AppleWebKit/537.36 (KHTML, like Gecko) Firefox/89.0
2024-11-11 18:41:39,802 - INFO - Found 30 headlines for 2019/dec/09
2024-11-11 18:41:39,935 - INFO - Using User-Agent: Mozilla/5.0 (Windows NT 10.0; Win64; x64) AppleWebKit/537.36 (KHTML, like Gecko) Chrome/91.0.4472.124 Safari/537.36
2024-11-11 18:41:40,749 - INFO - Found 33 headlines for 2019/dec/10
2024-11-11 18:41:41,087 - INFO - Using User-Agent: Mozilla/5.0 (Macintosh; Intel Mac OS X 10_10) AppleWebKit/537.36 (KHTML, like Gecko) Chrome/108.0.5361.172 Safari/537.36
2024-11-11 18:41:41,873 - INFO - Found 44 headlines for 2019/dec/11
2024-11-11 18:41:42,386 - INFO - Using User-Agent: Mozilla/5.0 (Windows NT 10.0; Win64; x64) AppleWebKit/537.36 (KHTML, like Gecko) Firefox/89.0
2024-11-11 18:41:43,334 - INFO - Found 32 headlines for 2019/dec/12
2024-11-11 18:41:43,699 - INFO - Using User-Agent: Mozilla/5.0 (Macintosh; Intel Mac OS X 11_3) AppleWebKit/537.36 (KHTML, like Gecko) Chrome/109.0.5412.99 Safari/537.36
2024-11-11 18:41:44,648 - INFO - Found 24 headlines for 2019/dec/13
2024-11-11 18:41:44,836 - INFO - Using User-Agent: Mozilla/5.0 (Macintosh; Intel Mac OS X 10_10) AppleWebKit/537.36 (KHTML, like Gecko) Chrome/108.0.5361.172 Safari/537.36
2024-11-11 18:41:45,561 - INFO - Found 14 headlines for 2019/dec/14
2024-11-11 18:41:46,063 - INFO - Using User-Agent: Mozilla/5.0 (Macintosh; Intel Mac OS X 11_3) AppleWebKit/537.36 (KHTML, like Gecko) Chrome/109.0.5412.99 Safari/537.36
2024-11-11 18:41:47,413 - INFO - Found 12 headlines for 2019/dec/15
2024-11-11 18:41:47,680 - INFO - Using User-Agent: Mozilla/5.0 (Macintosh; Intel Mac OS X 10_15_7) AppleWebKit/605.1.15 (KHTML, like Gecko) Version/14.0.3 Safari/605.1.15
2024-11-11 18:41:48,570 - INFO - Found 25 headlines for 2019/dec/16
2024-11-11 18:41:49,467 - INFO - Using User-Agent: Mozilla/5.0 (Macintosh; Intel Mac OS X 10_15_7) AppleWebKit/537.36 (KHTML, like Gecko) Chrome/108.0.0.0 Safari/537.36
2024-11-11 18:41:50,410 - INFO - Found 29 headlines for 2019/dec/17
2024-11-11 18:41:50,463 - INFO - Using User-Agent: Mozilla/5.0 (Macintosh; Intel Mac OS X 11_3) AppleWebKit/537.36 (KHTML, like Gecko) Chrome/109.0.5412.99 Safari/537.36
2024-11-11 18:41:51,427 - INFO - Found 22 headlines for 2019/dec/18
2024-11-11 18:41:52,297 - INFO - Using User-Agent: Mozilla/5.0 (Windows NT 10.0; Win64; x64) AppleWebKit/537.36 (KHTML, like Gecko) Firefox/89.0
2024-11-11 18:41:53,343 - INFO - Found 30 headlines for 2019/dec/19
2024-11-11 18:41:54,293 - INFO - Using User-Agent: Mozilla/5.0 (Windows NT 10.0; Win64; x64) AppleWebKit/537.36 (KHTML, like Gecko) Chrome/91.0.4472.124 Safari/537.36
2024-11-11 18:41:55,070 - INFO - Found 21 headlines for 2019/dec/20
2024-11-11 18:41:55,428 - INFO - Using User-Agent: Mozilla/5.0 (Windows NT 10.0; Win64; x64) AppleWebKit/537.36 (KHTML, like Gecko) Chrome/91.0.4472.124 Safari/537.36
2024-11-11 18:41:56,234 - INFO - Found 22 headlines for 2019/dec/21
2024-11-11 18:41:56,974 - INFO - Using User-Agent: Mozilla/5.0 (Macintosh; Intel Mac OS X 11_3) AppleWebKit/537.36 (KHTML, like Gecko) Chrome/109.0.5412.99 Safari/537.36
2024-11-11 18:41:57,720 - INFO - Found 20 headlines for 2019/dec/22
2024-11-11 18:41:58,148 - INFO - Using User-Agent: Mozilla/5.0 (Macintosh; Intel Mac OS X 11_3) AppleWebKit/537.36 (KHTML, like Gecko) Chrome/109.0.5412.99 Safari/537.36
2024-11-11 18:41:59,122 - INFO - Found 21 headlines for 2019/dec/23
2024-11-11 18:41:59,717 - INFO - Using User-Agent: Mozilla/5.0 (Macintosh; Intel Mac OS X 10_10) AppleWebKit/537.36 (KHTML, like Gecko) Chrome/108.0.5361.172 Safari/537.36
2024-11-11 18:42:00,627 - INFO - Found 21 headlines for 2019/dec/24
2024-11-11 18:42:00,863 - INFO - Using User-Agent: Mozilla/5.0 (X11; Linux i686) AppleWebKit/537.36 (KHTML, like Gecko) Chrome/109.0.5388.177 Safari/537.36
2024-11-11 18:42:01,899 - INFO - Found 13 headlines for 2019/dec/25
2024-11-11 18:42:02,620 - INFO - Using User-Agent: Mozilla/5.0 (Windows NT 10.0; Win64; x64) AppleWebKit/537.36 (KHTML, like Gecko) Chrome/91.0.4472.124 Safari/537.36
2024-11-11 18:42:03,407 - INFO - Found 13 headlines for 2019/dec/26
2024-11-11 18:42:03,510 - INFO - Using User-Agent: Mozilla/5.0 (Windows NT 10.0; Win64; x64) AppleWebKit/537.36 (KHTML, like Gecko) Firefox/89.0
2024-11-11 18:42:04,322 - INFO - Found 30 headlines for 2019/dec/27
2024-11-11 18:42:05,262 - INFO - Using User-Agent: Mozilla/5.0 (Macintosh; Intel Mac OS X 11_14) AppleWebKit/537.36 (KHTML, like Gecko) Chrome/109.0.5397.215 Safari/537.36
2024-11-11 18:42:06,137 - INFO - Found 21 headlines for 2019/dec/28
2024-11-11 18:42:06,386 - INFO - Using User-Agent: Mozilla/5.0 (Macintosh; Intel Mac OS X 11_3) AppleWebKit/537.36 (KHTML, like Gecko) Chrome/109.0.5412.99 Safari/537.36
2024-11-11 18:42:07,173 - INFO - Found 18 headlines for 2019/dec/29
2024-11-11 18:42:08,153 - INFO - Using User-Agent: Mozilla/5.0 (Macintosh; Intel Mac OS X 10_15_7) AppleWebKit/537.36 (KHTML, like Gecko) Chrome/108.0.0.0 Safari/537.36
2024-11-11 18:42:08,966 - INFO - Found 23 headlines for 2019/dec/30
2024-11-11 18:42:09,531 - INFO - Using User-Agent: Mozilla/5.0 (Macintosh; Intel Mac OS X 11_14) AppleWebKit/537.36 (KHTML, like Gecko) Chrome/109.0.5397.215 Safari/537.36
2024-11-11 18:42:10,347 - INFO - Found 25 headlines for 2019/dec/31
2024-11-11 18:42:10,565 - INFO - Using User-Agent: Mozilla/5.0 (Macintosh; Intel Mac OS X 10_15_7) AppleWebKit/537.36 (KHTML, like Gecko) Chrome/108.0.0.0 Safari/537.36
2024-11-11 18:42:11,441 - INFO - Found 23 headlines for 2020/jan/01
2024-11-11 18:42:11,879 - INFO - Using User-Agent: Mozilla/5.0 (Macintosh; Intel Mac OS X 10_15_7) AppleWebKit/605.1.15 (KHTML, like Gecko) Version/14.0.3 Safari/605.1.15
2024-11-11 18:42:12,728 - INFO - Found 21 headlines for 2020/jan/02
2024-11-11 18:42:13,209 - INFO - Using User-Agent: Mozilla/5.0 (Macintosh; Intel Mac OS X 11_3) AppleWebKit/537.36 (KHTML, like Gecko) Chrome/109.0.5412.99 Safari/537.36
2024-11-11 18:42:14,181 - INFO - Found 25 headlines for 2020/jan/03
2024-11-11 18:42:14,951 - INFO - Using User-Agent: Mozilla/5.0 (Windows NT 10.0; Win64; x64) AppleWebKit/537.36 (KHTML, like Gecko) Firefox/89.0
2024-11-11 18:42:16,141 - INFO - Found 24 headlines for 2020/jan/04
2024-11-11 18:42:16,496 - INFO - Using User-Agent: Mozilla/5.0 (Macintosh; Intel Mac OS X 10_15_7) AppleWebKit/605.1.15 (KHTML, like Gecko) Version/14.0.3 Safari/605.1.15
2024-11-11 18:42:17,543 - INFO - Found 38 headlines for 2020/jan/05
2024-11-11 18:42:18,338 - INFO - Using User-Agent: Mozilla/5.0 (X11; Linux i686) AppleWebKit/537.36 (KHTML, like Gecko) Chrome/109.0.5388.177 Safari/537.36
2024-11-11 18:42:19,274 - INFO - Found 28 headlines for 2020/jan/06
2024-11-11 18:42:19,324 - INFO - Using User-Agent: Mozilla/5.0 (Macintosh; Intel Mac OS X 10_15_7) AppleWebKit/605.1.15 (KHTML, like Gecko) Version/14.0.3 Safari/605.1.15
2024-11-11 18:42:20,319 - INFO - Found 34 headlines for 2020/jan/07
2024-11-11 18:42:20,381 - INFO - Using User-Agent: Mozilla/5.0 (Macintosh; Intel Mac OS X 10_10) AppleWebKit/537.36 (KHTML, like Gecko) Chrome/108.0.5361.172 Safari/537.36
2024-11-11 18:42:21,586 - INFO - Found 35 headlines for 2020/jan/08
2024-11-11 18:42:21,618 - INFO - Using User-Agent: Mozilla/5.0 (Macintosh; Intel Mac OS X 10_10) AppleWebKit/537.36 (KHTML, like Gecko) Chrome/108.0.5361.172 Safari/537.36
2024-11-11 18:42:22,767 - INFO - Found 31 headlines for 2020/jan/09
2024-11-11 18:42:23,378 - INFO - Using User-Agent: Mozilla/5.0 (Macintosh; Intel Mac OS X 11_3) AppleWebKit/537.36 (KHTML, like Gecko) Chrome/109.0.5412.99 Safari/537.36
2024-11-11 18:42:24,399 - INFO - Found 25 headlines for 2020/jan/10
2024-11-11 18:42:24,500 - INFO - Using User-Agent: Mozilla/5.0 (Macintosh; Intel Mac OS X 10_10) AppleWebKit/537.36 (KHTML, like Gecko) Chrome/108.0.5361.172 Safari/537.36
2024-11-11 18:42:25,286 - INFO - Found 19 headlines for 2020/jan/11
2024-11-11 18:42:25,939 - INFO - Using User-Agent: Mozilla/5.0 (Macintosh; Intel Mac OS X 10_15_7) AppleWebKit/605.1.15 (KHTML, like Gecko) Version/14.0.3 Safari/605.1.15
2024-11-11 18:42:27,023 - INFO - Found 27 headlines for 2020/jan/12
2024-11-11 18:42:27,072 - INFO - Using User-Agent: Mozilla/5.0 (Windows NT 10.0; Win64; x64) AppleWebKit/537.36 (KHTML, like Gecko) Chrome/91.0.4472.124 Safari/537.36
2024-11-11 18:42:27,845 - INFO - Found 33 headlines for 2020/jan/13
2024-11-11 18:42:28,777 - INFO - Using User-Agent: Mozilla/5.0 (Macintosh; Intel Mac OS X 10_15_7) AppleWebKit/605.1.15 (KHTML, like Gecko) Version/14.0.3 Safari/605.1.15
2024-11-11 18:42:29,733 - INFO - Found 32 headlines for 2020/jan/14
2024-11-11 18:42:30,534 - INFO - Using User-Agent: Mozilla/5.0 (Macintosh; Intel Mac OS X 10_15_7) AppleWebKit/537.36 (KHTML, like Gecko) Chrome/108.0.0.0 Safari/537.36
2024-11-11 18:42:31,583 - INFO - Found 28 headlines for 2020/jan/15
2024-11-11 18:42:31,743 - INFO - Using User-Agent: Mozilla/5.0 (Windows NT 10.0; Win64; x64) AppleWebKit/537.36 (KHTML, like Gecko) Chrome/91.0.4472.124 Safari/537.36
2024-11-11 18:42:32,526 - INFO - Found 33 headlines for 2020/jan/16
2024-11-11 18:42:32,819 - INFO - Using User-Agent: Mozilla/5.0 (X11; Linux i686) AppleWebKit/537.36 (KHTML, like Gecko) Chrome/109.0.5388.177 Safari/537.36
2024-11-11 18:42:33,706 - INFO - Found 31 headlines for 2020/jan/17
2024-11-11 18:42:34,063 - INFO - Using User-Agent: Mozilla/5.0 (X11; Linux i686) AppleWebKit/537.36 (KHTML, like Gecko) Chrome/109.0.5388.177 Safari/537.36
2024-11-11 19:07:27,716 - INFO - Using User-Agent: Mozilla/5.0 (Macintosh; Intel Mac OS X 11_14) AppleWebKit/537.36 (KHTML, like Gecko) Chrome/109.0.5397.215 Safari/537.36
2024-11-11 19:07:28,878 - INFO - Found 28 headlines for 2019/jan/01
2024-11-11 19:07:29,871 - INFO - Using User-Agent: Mozilla/5.0 (Windows NT 10.0; Win64; x64) AppleWebKit/537.36 (KHTML, like Gecko) Chrome/91.0.4472.124 Safari/537.36
2024-11-11 19:07:31,109 - INFO - Found 23 headlines for 2019/jan/02
2024-11-11 19:07:31,291 - INFO - Using User-Agent: Mozilla/5.0 (Macintosh; Intel Mac OS X 10_10) AppleWebKit/537.36 (KHTML, like Gecko) Chrome/108.0.5361.172 Safari/537.36
2024-11-11 19:07:32,246 - INFO - Found 26 headlines for 2019/jan/03
2024-11-11 19:07:32,482 - INFO - Using User-Agent: Mozilla/5.0 (X11; Linux i686) AppleWebKit/537.36 (KHTML, like Gecko) Chrome/109.0.5388.177 Safari/537.36
2024-11-11 19:07:33,665 - INFO - Found 23 headlines for 2019/jan/04
2024-11-11 19:07:34,363 - INFO - Using User-Agent: Mozilla/5.0 (Macintosh; Intel Mac OS X 11_3) AppleWebKit/537.36 (KHTML, like Gecko) Chrome/109.0.5412.99 Safari/537.36
2024-11-11 19:07:35,570 - INFO - Found 12 headlines for 2019/jan/05
2024-11-11 19:07:35,749 - INFO - Using User-Agent: Mozilla/5.0 (Macintosh; Intel Mac OS X 10_15_7) AppleWebKit/605.1.15 (KHTML, like Gecko) Version/14.0.3 Safari/605.1.15
2024-11-11 19:07:36,765 - INFO - Found 21 headlines for 2019/jan/06
2024-11-11 19:07:37,421 - INFO - Using User-Agent: Mozilla/5.0 (Macintosh; Intel Mac OS X 10_15_7) AppleWebKit/537.36 (KHTML, like Gecko) Chrome/108.0.0.0 Safari/537.36
2024-11-11 19:07:38,406 - INFO - Found 24 headlines for 2019/jan/07
2024-11-11 19:07:39,341 - INFO - Using User-Agent: Mozilla/5.0 (Macintosh; Intel Mac OS X 11_3) AppleWebKit/537.36 (KHTML, like Gecko) Chrome/109.0.5412.99 Safari/537.36
2024-11-11 19:07:40,266 - INFO - Found 27 headlines for 2019/jan/08
2024-11-11 19:07:40,420 - INFO - Using User-Agent: Mozilla/5.0 (Windows NT 10.0; Win64; x64) AppleWebKit/537.36 (KHTML, like Gecko) Chrome/91.0.4472.124 Safari/537.36
2024-11-11 19:07:41,425 - INFO - Found 30 headlines for 2019/jan/09
2024-11-11 19:07:41,845 - INFO - Using User-Agent: Mozilla/5.0 (Windows NT 10.0; Win64; x64) AppleWebKit/537.36 (KHTML, like Gecko) Firefox/89.0
2024-11-11 19:07:43,063 - INFO - Found 28 headlines for 2019/jan/10
2024-11-11 19:07:43,988 - INFO - Using User-Agent: Mozilla/5.0 (X11; Linux i686) AppleWebKit/537.36 (KHTML, like Gecko) Chrome/109.0.5388.177 Safari/537.36
2024-11-11 19:07:45,069 - INFO - Found 32 headlines for 2019/jan/11
2024-11-11 19:07:45,243 - INFO - Using User-Agent: Mozilla/5.0 (Windows NT 10.0; Win64; x64) AppleWebKit/537.36 (KHTML, like Gecko) Chrome/91.0.4472.124 Safari/537.36
2024-11-11 19:07:46,195 - INFO - Found 16 headlines for 2019/jan/12
2024-11-11 19:07:46,295 - INFO - Using User-Agent: Mozilla/5.0 (Macintosh; Intel Mac OS X 11_14) AppleWebKit/537.36 (KHTML, like Gecko) Chrome/109.0.5397.215 Safari/537.36
2024-11-11 19:07:47,430 - INFO - Found 18 headlines for 2019/jan/13
2024-11-11 19:07:47,605 - INFO - Using User-Agent: Mozilla/5.0 (Macintosh; Intel Mac OS X 11_14) AppleWebKit/537.36 (KHTML, like Gecko) Chrome/109.0.5397.215 Safari/537.36
2024-11-11 19:07:48,908 - INFO - Found 35 headlines for 2019/jan/14
2024-11-11 19:07:49,580 - INFO - Using User-Agent: Mozilla/5.0 (Windows NT 10.0; Win64; x64) AppleWebKit/537.36 (KHTML, like Gecko) Firefox/89.0
2024-11-11 19:07:50,562 - INFO - Found 34 headlines for 2019/jan/15
2024-11-11 19:07:50,835 - INFO - Using User-Agent: Mozilla/5.0 (Windows NT 10.0; Win64; x64) AppleWebKit/537.36 (KHTML, like Gecko) Firefox/89.0
2024-11-11 19:07:51,955 - INFO - Found 26 headlines for 2019/jan/16
2024-11-11 19:07:52,349 - INFO - Using User-Agent: Mozilla/5.0 (Macintosh; Intel Mac OS X 11_14) AppleWebKit/537.36 (KHTML, like Gecko) Chrome/109.0.5397.215 Safari/537.36
2024-11-11 19:07:53,612 - INFO - Found 32 headlines for 2019/jan/17
2024-11-11 19:07:53,902 - INFO - Using User-Agent: Mozilla/5.0 (Macintosh; Intel Mac OS X 11_14) AppleWebKit/537.36 (KHTML, like Gecko) Chrome/109.0.5397.215 Safari/537.36
2024-11-11 19:07:55,774 - INFO - Found 36 headlines for 2019/jan/18
2024-11-11 19:07:56,753 - INFO - Using User-Agent: Mozilla/5.0 (X11; Linux i686) AppleWebKit/537.36 (KHTML, like Gecko) Chrome/109.0.5388.177 Safari/537.36
2024-11-11 19:07:57,986 - INFO - Found 20 headlines for 2019/jan/19
2024-11-11 19:07:58,862 - INFO - Using User-Agent: Mozilla/5.0 (Macintosh; Intel Mac OS X 10_10) AppleWebKit/537.36 (KHTML, like Gecko) Chrome/108.0.5361.172 Safari/537.36
2024-11-11 19:08:00,102 - INFO - Found 21 headlines for 2019/jan/20
2024-11-11 19:08:01,003 - INFO - Using User-Agent: Mozilla/5.0 (Macintosh; Intel Mac OS X 10_15_7) AppleWebKit/537.36 (KHTML, like Gecko) Chrome/108.0.0.0 Safari/537.36
2024-11-11 19:08:02,145 - INFO - Found 21 headlines for 2019/jan/21
2024-11-11 19:08:02,511 - INFO - Using User-Agent: Mozilla/5.0 (Macintosh; Intel Mac OS X 11_14) AppleWebKit/537.36 (KHTML, like Gecko) Chrome/109.0.5397.215 Safari/537.36
2024-11-11 19:08:03,595 - INFO - Found 31 headlines for 2019/jan/22
2024-11-11 19:08:03,820 - INFO - Using User-Agent: Mozilla/5.0 (Windows NT 10.0; Win64; x64) AppleWebKit/537.36 (KHTML, like Gecko) Chrome/91.0.4472.124 Safari/537.36
2024-11-11 19:08:04,904 - INFO - Found 35 headlines for 2019/jan/23
2024-11-11 19:08:05,723 - INFO - Using User-Agent: Mozilla/5.0 (Macintosh; Intel Mac OS X 10_10) AppleWebKit/537.36 (KHTML, like Gecko) Chrome/108.0.5361.172 Safari/537.36
2024-11-11 19:08:06,581 - INFO - Found 37 headlines for 2019/jan/24
2024-11-11 19:08:06,978 - INFO - Using User-Agent: Mozilla/5.0 (Windows NT 10.0; Win64; x64) AppleWebKit/537.36 (KHTML, like Gecko) Chrome/91.0.4472.124 Safari/537.36
2024-11-11 19:08:08,005 - INFO - Found 35 headlines for 2019/jan/25
2024-11-11 19:08:08,152 - INFO - Using User-Agent: Mozilla/5.0 (Windows NT 10.0; Win64; x64) AppleWebKit/537.36 (KHTML, like Gecko) Chrome/91.0.4472.124 Safari/537.36
2024-11-11 19:08:09,143 - INFO - Found 16 headlines for 2019/jan/26
2024-11-11 19:08:09,993 - INFO - Using User-Agent: Mozilla/5.0 (Macintosh; Intel Mac OS X 10_10) AppleWebKit/537.36 (KHTML, like Gecko) Chrome/108.0.5361.172 Safari/537.36
2024-11-11 19:08:10,994 - INFO - Found 26 headlines for 2019/jan/27
2024-11-11 19:08:11,669 - INFO - Using User-Agent: Mozilla/5.0 (Macintosh; Intel Mac OS X 10_15_7) AppleWebKit/537.36 (KHTML, like Gecko) Chrome/108.0.0.0 Safari/537.36
2024-11-11 19:08:12,823 - INFO - Found 33 headlines for 2019/jan/28
2024-11-11 19:08:13,152 - INFO - Using User-Agent: Mozilla/5.0 (Macintosh; Intel Mac OS X 10_15_7) AppleWebKit/537.36 (KHTML, like Gecko) Chrome/108.0.0.0 Safari/537.36
2024-11-11 19:08:14,080 - INFO - Found 26 headlines for 2019/jan/29
2024-11-11 19:08:14,621 - INFO - Using User-Agent: Mozilla/5.0 (X11; Linux i686) AppleWebKit/537.36 (KHTML, like Gecko) Chrome/109.0.5388.177 Safari/537.36
2024-11-11 19:08:15,838 - INFO - Found 23 headlines for 2019/jan/30
2024-11-11 19:08:16,527 - INFO - Using User-Agent: Mozilla/5.0 (Macintosh; Intel Mac OS X 11_14) AppleWebKit/537.36 (KHTML, like Gecko) Chrome/109.0.5397.215 Safari/537.36
2024-11-11 19:08:17,519 - INFO - Found 27 headlines for 2019/jan/31
2024-11-11 19:08:18,173 - INFO - Using User-Agent: Mozilla/5.0 (X11; Linux i686) AppleWebKit/537.36 (KHTML, like Gecko) Chrome/109.0.5388.177 Safari/537.36
2024-11-11 19:08:19,184 - INFO - Found 31 headlines for 2019/feb/01
2024-11-11 19:08:20,066 - INFO - Using User-Agent: Mozilla/5.0 (Windows NT 10.0; Win64; x64) AppleWebKit/537.36 (KHTML, like Gecko) Firefox/89.0
2024-11-11 19:08:20,977 - INFO - Found 16 headlines for 2019/feb/02
2024-11-11 19:08:21,878 - INFO - Using User-Agent: Mozilla/5.0 (Macintosh; Intel Mac OS X 10_15_7) AppleWebKit/605.1.15 (KHTML, like Gecko) Version/14.0.3 Safari/605.1.15
2024-11-11 19:08:23,045 - INFO - Found 14 headlines for 2019/feb/03
2024-11-11 19:08:23,749 - INFO - Using User-Agent: Mozilla/5.0 (X11; Linux i686) AppleWebKit/537.36 (KHTML, like Gecko) Chrome/109.0.5388.177 Safari/537.36
2024-11-11 19:08:25,109 - INFO - Found 25 headlines for 2019/feb/04
2024-11-11 19:08:25,790 - INFO - Using User-Agent: Mozilla/5.0 (Macintosh; Intel Mac OS X 10_15_7) AppleWebKit/537.36 (KHTML, like Gecko) Chrome/108.0.0.0 Safari/537.36
2024-11-11 19:08:27,473 - INFO - Found 27 headlines for 2019/feb/05
2024-11-11 19:08:27,975 - INFO - Using User-Agent: Mozilla/5.0 (Macintosh; Intel Mac OS X 10_10) AppleWebKit/537.36 (KHTML, like Gecko) Chrome/108.0.5361.172 Safari/537.36
2024-11-11 19:08:28,814 - INFO - Found 21 headlines for 2019/feb/06
2024-11-11 19:08:29,031 - INFO - Using User-Agent: Mozilla/5.0 (Windows NT 10.0; Win64; x64) AppleWebKit/537.36 (KHTML, like Gecko) Firefox/89.0
2024-11-11 19:08:30,007 - INFO - Found 21 headlines for 2019/feb/07
2024-11-11 19:08:30,590 - INFO - Using User-Agent: Mozilla/5.0 (Macintosh; Intel Mac OS X 10_10) AppleWebKit/537.36 (KHTML, like Gecko) Chrome/108.0.5361.172 Safari/537.36
2024-11-11 19:08:31,431 - INFO - Found 25 headlines for 2019/feb/08
2024-11-11 19:08:31,778 - INFO - Using User-Agent: Mozilla/5.0 (Macintosh; Intel Mac OS X 10_15_7) AppleWebKit/605.1.15 (KHTML, like Gecko) Version/14.0.3 Safari/605.1.15
2024-11-11 19:08:32,848 - INFO - Found 14 headlines for 2019/feb/09
2024-11-11 19:08:33,531 - INFO - Using User-Agent: Mozilla/5.0 (Macintosh; Intel Mac OS X 11_14) AppleWebKit/537.36 (KHTML, like Gecko) Chrome/109.0.5397.215 Safari/537.36
2024-11-11 19:08:35,045 - INFO - Found 17 headlines for 2019/feb/10
2024-11-11 19:08:35,859 - INFO - Using User-Agent: Mozilla/5.0 (Windows NT 10.0; Win64; x64) AppleWebKit/537.36 (KHTML, like Gecko) Firefox/89.0
2024-11-11 19:08:37,218 - INFO - Found 25 headlines for 2019/feb/11
2024-11-11 19:08:38,000 - INFO - Using User-Agent: Mozilla/5.0 (Macintosh; Intel Mac OS X 10_10) AppleWebKit/537.36 (KHTML, like Gecko) Chrome/108.0.5361.172 Safari/537.36
2024-11-11 19:08:39,062 - INFO - Found 28 headlines for 2019/feb/12
2024-11-11 19:08:39,579 - INFO - Using User-Agent: Mozilla/5.0 (Macintosh; Intel Mac OS X 11_3) AppleWebKit/537.36 (KHTML, like Gecko) Chrome/109.0.5412.99 Safari/537.36
2024-11-11 19:08:40,455 - INFO - Found 31 headlines for 2019/feb/13
2024-11-11 19:08:40,801 - INFO - Using User-Agent: Mozilla/5.0 (Windows NT 10.0; Win64; x64) AppleWebKit/537.36 (KHTML, like Gecko) Firefox/89.0
2024-11-11 19:08:41,902 - INFO - Found 37 headlines for 2019/feb/14
2024-11-11 19:08:42,182 - INFO - Using User-Agent: Mozilla/5.0 (Macintosh; Intel Mac OS X 10_10) AppleWebKit/537.36 (KHTML, like Gecko) Chrome/108.0.5361.172 Safari/537.36
2024-11-11 19:08:43,177 - INFO - Found 34 headlines for 2019/feb/15
2024-11-11 19:08:43,240 - INFO - Using User-Agent: Mozilla/5.0 (Macintosh; Intel Mac OS X 10_15_7) AppleWebKit/605.1.15 (KHTML, like Gecko) Version/14.0.3 Safari/605.1.15
2024-11-11 19:08:44,389 - INFO - Found 15 headlines for 2019/feb/16
2024-11-11 19:08:44,763 - INFO - Using User-Agent: Mozilla/5.0 (Macintosh; Intel Mac OS X 10_15_7) AppleWebKit/605.1.15 (KHTML, like Gecko) Version/14.0.3 Safari/605.1.15
2024-11-11 19:08:45,794 - INFO - Found 28 headlines for 2019/feb/17
2024-11-11 19:08:46,570 - INFO - Using User-Agent: Mozilla/5.0 (Macintosh; Intel Mac OS X 10_10) AppleWebKit/537.36 (KHTML, like Gecko) Chrome/108.0.5361.172 Safari/537.36
2024-11-11 19:08:47,775 - INFO - Found 29 headlines for 2019/feb/18
2024-11-11 19:08:48,607 - INFO - Using User-Agent: Mozilla/5.0 (Macintosh; Intel Mac OS X 10_10) AppleWebKit/537.36 (KHTML, like Gecko) Chrome/108.0.5361.172 Safari/537.36
2024-11-11 19:08:49,699 - INFO - Found 24 headlines for 2019/feb/19
2024-11-11 19:08:50,419 - INFO - Using User-Agent: Mozilla/5.0 (Macintosh; Intel Mac OS X 11_14) AppleWebKit/537.36 (KHTML, like Gecko) Chrome/109.0.5397.215 Safari/537.36
2024-11-11 19:08:51,822 - INFO - Found 32 headlines for 2019/feb/20
2024-11-11 19:08:51,925 - INFO - Using User-Agent: Mozilla/5.0 (Macintosh; Intel Mac OS X 10_10) AppleWebKit/537.36 (KHTML, like Gecko) Chrome/108.0.5361.172 Safari/537.36
2024-11-11 19:08:53,200 - INFO - Found 20 headlines for 2019/feb/21
2024-11-11 19:08:53,429 - INFO - Using User-Agent: Mozilla/5.0 (Windows NT 10.0; Win64; x64) AppleWebKit/537.36 (KHTML, like Gecko) Firefox/89.0
2024-11-11 19:08:59,402 - INFO - Found 23 headlines for 2019/feb/22
2024-11-11 19:08:59,928 - INFO - Using User-Agent: Mozilla/5.0 (Macintosh; Intel Mac OS X 11_14) AppleWebKit/537.36 (KHTML, like Gecko) Chrome/109.0.5397.215 Safari/537.36
2024-11-11 19:09:01,553 - INFO - Found 15 headlines for 2019/feb/23
2024-11-11 19:09:02,128 - INFO - Using User-Agent: Mozilla/5.0 (Macintosh; Intel Mac OS X 11_14) AppleWebKit/537.36 (KHTML, like Gecko) Chrome/109.0.5397.215 Safari/537.36
2024-11-11 19:09:03,750 - INFO - Found 18 headlines for 2019/feb/24
2024-11-11 19:09:04,748 - INFO - Using User-Agent: Mozilla/5.0 (Macintosh; Intel Mac OS X 11_3) AppleWebKit/537.36 (KHTML, like Gecko) Chrome/109.0.5412.99 Safari/537.36
2024-11-11 19:09:05,896 - INFO - Found 28 headlines for 2019/feb/25
2024-11-11 19:09:06,698 - INFO - Using User-Agent: Mozilla/5.0 (Macintosh; Intel Mac OS X 11_3) AppleWebKit/537.36 (KHTML, like Gecko) Chrome/109.0.5412.99 Safari/537.36
2024-11-11 19:09:07,921 - INFO - Found 27 headlines for 2019/feb/26
2024-11-11 19:09:08,433 - INFO - Using User-Agent: Mozilla/5.0 (Windows NT 10.0; Win64; x64) AppleWebKit/537.36 (KHTML, like Gecko) Firefox/89.0
2024-11-11 19:09:09,330 - INFO - Found 29 headlines for 2019/feb/27
2024-11-11 19:09:10,122 - INFO - Using User-Agent: Mozilla/5.0 (Windows NT 10.0; Win64; x64) AppleWebKit/537.36 (KHTML, like Gecko) Chrome/91.0.4472.124 Safari/537.36
2024-11-11 19:09:10,933 - INFO - Found 26 headlines for 2019/feb/28
2024-11-11 19:09:11,153 - INFO - Using User-Agent: Mozilla/5.0 (Macintosh; Intel Mac OS X 10_15_7) AppleWebKit/605.1.15 (KHTML, like Gecko) Version/14.0.3 Safari/605.1.15
2024-11-11 19:09:12,093 - INFO - Found 32 headlines for 2019/mar/01
2024-11-11 19:09:12,265 - INFO - Using User-Agent: Mozilla/5.0 (Macintosh; Intel Mac OS X 11_14) AppleWebKit/537.36 (KHTML, like Gecko) Chrome/109.0.5397.215 Safari/537.36
2024-11-11 19:09:13,191 - INFO - Found 19 headlines for 2019/mar/02
2024-11-11 19:09:13,454 - INFO - Using User-Agent: Mozilla/5.0 (Macintosh; Intel Mac OS X 10_15_7) AppleWebKit/537.36 (KHTML, like Gecko) Chrome/108.0.0.0 Safari/537.36
2024-11-11 19:09:14,496 - INFO - Found 19 headlines for 2019/mar/03
2024-11-11 19:09:14,820 - INFO - Using User-Agent: Mozilla/5.0 (Macintosh; Intel Mac OS X 10_15_7) AppleWebKit/537.36 (KHTML, like Gecko) Chrome/108.0.0.0 Safari/537.36
2024-11-11 19:09:15,874 - INFO - Found 26 headlines for 2019/mar/04
2024-11-11 19:09:16,155 - INFO - Using User-Agent: Mozilla/5.0 (Macintosh; Intel Mac OS X 10_15_7) AppleWebKit/537.36 (KHTML, like Gecko) Chrome/108.0.0.0 Safari/537.36
2024-11-11 19:09:17,123 - INFO - Found 27 headlines for 2019/mar/05
2024-11-11 19:09:17,353 - INFO - Using User-Agent: Mozilla/5.0 (Macintosh; Intel Mac OS X 10_15_7) AppleWebKit/605.1.15 (KHTML, like Gecko) Version/14.0.3 Safari/605.1.15
2024-11-11 19:09:18,355 - INFO - Found 31 headlines for 2019/mar/06
2024-11-11 19:09:18,596 - INFO - Using User-Agent: Mozilla/5.0 (Macintosh; Intel Mac OS X 10_15_7) AppleWebKit/537.36 (KHTML, like Gecko) Chrome/108.0.0.0 Safari/537.36
2024-11-11 19:09:19,523 - INFO - Found 31 headlines for 2019/mar/07
2024-11-11 19:09:20,270 - INFO - Using User-Agent: Mozilla/5.0 (Macintosh; Intel Mac OS X 11_14) AppleWebKit/537.36 (KHTML, like Gecko) Chrome/109.0.5397.215 Safari/537.36
2024-11-11 19:09:21,218 - INFO - Found 39 headlines for 2019/mar/08
2024-11-11 19:09:22,059 - INFO - Using User-Agent: Mozilla/5.0 (Macintosh; Intel Mac OS X 10_10) AppleWebKit/537.36 (KHTML, like Gecko) Chrome/108.0.5361.172 Safari/537.36
2024-11-11 19:09:23,032 - INFO - Found 10 headlines for 2019/mar/09
2024-11-11 19:09:23,429 - INFO - Using User-Agent: Mozilla/5.0 (Macintosh; Intel Mac OS X 10_10) AppleWebKit/537.36 (KHTML, like Gecko) Chrome/108.0.5361.172 Safari/537.36
2024-11-11 19:09:24,471 - INFO - Found 23 headlines for 2019/mar/10
2024-11-11 19:09:25,089 - INFO - Using User-Agent: Mozilla/5.0 (Macintosh; Intel Mac OS X 11_14) AppleWebKit/537.36 (KHTML, like Gecko) Chrome/109.0.5397.215 Safari/537.36
2024-11-11 19:09:26,128 - INFO - Found 35 headlines for 2019/mar/11
2024-11-11 19:09:26,765 - INFO - Using User-Agent: Mozilla/5.0 (Macintosh; Intel Mac OS X 11_3) AppleWebKit/537.36 (KHTML, like Gecko) Chrome/109.0.5412.99 Safari/537.36
2024-11-11 19:09:27,839 - INFO - Found 30 headlines for 2019/mar/12
2024-11-11 19:09:28,162 - INFO - Using User-Agent: Mozilla/5.0 (Macintosh; Intel Mac OS X 10_15_7) AppleWebKit/537.36 (KHTML, like Gecko) Chrome/108.0.0.0 Safari/537.36
2024-11-11 19:09:29,211 - INFO - Found 32 headlines for 2019/mar/13
2024-11-11 19:09:29,983 - INFO - Using User-Agent: Mozilla/5.0 (Macintosh; Intel Mac OS X 10_10) AppleWebKit/537.36 (KHTML, like Gecko) Chrome/108.0.5361.172 Safari/537.36
2024-11-11 19:09:30,778 - INFO - Found 28 headlines for 2019/mar/14
2024-11-11 19:09:31,040 - INFO - Using User-Agent: Mozilla/5.0 (Windows NT 10.0; Win64; x64) AppleWebKit/537.36 (KHTML, like Gecko) Chrome/91.0.4472.124 Safari/537.36
2024-11-11 19:09:31,912 - INFO - Found 40 headlines for 2019/mar/15
2024-11-11 19:09:32,833 - INFO - Using User-Agent: Mozilla/5.0 (Macintosh; Intel Mac OS X 10_15_7) AppleWebKit/605.1.15 (KHTML, like Gecko) Version/14.0.3 Safari/605.1.15
2024-11-11 19:09:33,947 - INFO - Found 25 headlines for 2019/mar/16
2024-11-11 19:09:34,082 - INFO - Using User-Agent: Mozilla/5.0 (Windows NT 10.0; Win64; x64) AppleWebKit/537.36 (KHTML, like Gecko) Chrome/91.0.4472.124 Safari/537.36
2024-11-11 19:09:35,155 - INFO - Found 34 headlines for 2019/mar/17
2024-11-11 19:09:35,875 - INFO - Using User-Agent: Mozilla/5.0 (Macintosh; Intel Mac OS X 11_3) AppleWebKit/537.36 (KHTML, like Gecko) Chrome/109.0.5412.99 Safari/537.36
2024-11-11 19:09:37,042 - INFO - Found 33 headlines for 2019/mar/18
2024-11-11 19:09:37,173 - INFO - Using User-Agent: Mozilla/5.0 (Macintosh; Intel Mac OS X 11_3) AppleWebKit/537.36 (KHTML, like Gecko) Chrome/109.0.5412.99 Safari/537.36
2024-11-11 19:09:38,206 - INFO - Found 29 headlines for 2019/mar/19
2024-11-11 19:09:38,574 - INFO - Using User-Agent: Mozilla/5.0 (Macintosh; Intel Mac OS X 10_15_7) AppleWebKit/537.36 (KHTML, like Gecko) Chrome/108.0.0.0 Safari/537.36
2024-11-11 19:09:39,689 - INFO - Found 35 headlines for 2019/mar/20
2024-11-11 19:09:39,727 - INFO - Using User-Agent: Mozilla/5.0 (Macintosh; Intel Mac OS X 10_15_7) AppleWebKit/537.36 (KHTML, like Gecko) Chrome/108.0.0.0 Safari/537.36
2024-11-11 19:09:40,925 - INFO - Found 37 headlines for 2019/mar/21
2024-11-11 19:09:41,228 - INFO - Using User-Agent: Mozilla/5.0 (X11; Linux i686) AppleWebKit/537.36 (KHTML, like Gecko) Chrome/109.0.5388.177 Safari/537.36
2024-11-11 19:09:42,333 - INFO - Found 26 headlines for 2019/mar/22
2024-11-11 19:09:42,738 - INFO - Using User-Agent: Mozilla/5.0 (Macintosh; Intel Mac OS X 10_15_7) AppleWebKit/537.36 (KHTML, like Gecko) Chrome/108.0.0.0 Safari/537.36
2024-11-11 19:09:43,781 - INFO - Found 17 headlines for 2019/mar/23
2024-11-11 19:09:44,547 - INFO - Using User-Agent: Mozilla/5.0 (Windows NT 10.0; Win64; x64) AppleWebKit/537.36 (KHTML, like Gecko) Chrome/91.0.4472.124 Safari/537.36
2024-11-11 19:09:45,576 - INFO - Found 13 headlines for 2019/mar/24
2024-11-11 19:09:46,161 - INFO - Using User-Agent: Mozilla/5.0 (Macintosh; Intel Mac OS X 10_15_7) AppleWebKit/605.1.15 (KHTML, like Gecko) Version/14.0.3 Safari/605.1.15
2024-11-11 19:09:46,992 - INFO - Found 29 headlines for 2019/mar/25
2024-11-11 19:09:47,633 - INFO - Using User-Agent: Mozilla/5.0 (Macintosh; Intel Mac OS X 11_3) AppleWebKit/537.36 (KHTML, like Gecko) Chrome/109.0.5412.99 Safari/537.36
2024-11-11 19:09:48,715 - INFO - Found 36 headlines for 2019/mar/26
2024-11-11 19:09:49,541 - INFO - Using User-Agent: Mozilla/5.0 (Macintosh; Intel Mac OS X 10_15_7) AppleWebKit/537.36 (KHTML, like Gecko) Chrome/108.0.0.0 Safari/537.36
2024-11-11 19:09:50,537 - INFO - Found 32 headlines for 2019/mar/27
2024-11-11 19:09:51,389 - INFO - Using User-Agent: Mozilla/5.0 (Macintosh; Intel Mac OS X 10_15_7) AppleWebKit/605.1.15 (KHTML, like Gecko) Version/14.0.3 Safari/605.1.15
2024-11-11 19:09:52,351 - INFO - Found 33 headlines for 2019/mar/28
2024-11-11 19:09:52,581 - INFO - Using User-Agent: Mozilla/5.0 (Macintosh; Intel Mac OS X 10_15_7) AppleWebKit/605.1.15 (KHTML, like Gecko) Version/14.0.3 Safari/605.1.15
2024-11-11 19:09:53,562 - INFO - Found 29 headlines for 2019/mar/29
2024-11-11 19:09:53,764 - INFO - Using User-Agent: Mozilla/5.0 (Macintosh; Intel Mac OS X 10_15_7) AppleWebKit/605.1.15 (KHTML, like Gecko) Version/14.0.3 Safari/605.1.15
2024-11-11 19:09:54,786 - INFO - Found 15 headlines for 2019/mar/30
2024-11-11 19:09:55,381 - INFO - Using User-Agent: Mozilla/5.0 (Macintosh; Intel Mac OS X 11_14) AppleWebKit/537.36 (KHTML, like Gecko) Chrome/109.0.5397.215 Safari/537.36
2024-11-11 19:09:56,529 - INFO - Found 21 headlines for 2019/mar/31
2024-11-11 19:09:57,324 - INFO - Using User-Agent: Mozilla/5.0 (Macintosh; Intel Mac OS X 11_14) AppleWebKit/537.36 (KHTML, like Gecko) Chrome/109.0.5397.215 Safari/537.36
2024-11-11 19:09:58,261 - INFO - Found 34 headlines for 2019/apr/01
2024-11-11 19:09:58,896 - INFO - Using User-Agent: Mozilla/5.0 (Macintosh; Intel Mac OS X 10_10) AppleWebKit/537.36 (KHTML, like Gecko) Chrome/108.0.5361.172 Safari/537.36
2024-11-11 19:10:00,067 - INFO - Found 23 headlines for 2019/apr/02
2024-11-11 19:10:00,593 - INFO - Using User-Agent: Mozilla/5.0 (Macintosh; Intel Mac OS X 10_15_7) AppleWebKit/605.1.15 (KHTML, like Gecko) Version/14.0.3 Safari/605.1.15
2024-11-11 19:10:01,505 - INFO - Found 36 headlines for 2019/apr/03
2024-11-11 19:10:01,933 - INFO - Using User-Agent: Mozilla/5.0 (Macintosh; Intel Mac OS X 10_15_7) AppleWebKit/537.36 (KHTML, like Gecko) Chrome/108.0.0.0 Safari/537.36
2024-11-11 19:10:03,046 - INFO - Found 27 headlines for 2019/apr/04
2024-11-11 19:10:03,498 - INFO - Using User-Agent: Mozilla/5.0 (Macintosh; Intel Mac OS X 11_14) AppleWebKit/537.36 (KHTML, like Gecko) Chrome/109.0.5397.215 Safari/537.36
2024-11-11 19:10:04,313 - INFO - Found 34 headlines for 2019/apr/05
2024-11-11 19:10:05,281 - INFO - Using User-Agent: Mozilla/5.0 (Windows NT 10.0; Win64; x64) AppleWebKit/537.36 (KHTML, like Gecko) Firefox/89.0
2024-11-11 19:10:06,248 - INFO - Found 16 headlines for 2019/apr/06
2024-11-11 19:10:07,109 - INFO - Using User-Agent: Mozilla/5.0 (Macintosh; Intel Mac OS X 10_10) AppleWebKit/537.36 (KHTML, like Gecko) Chrome/108.0.5361.172 Safari/537.36
2024-11-11 19:10:08,193 - INFO - Found 19 headlines for 2019/apr/07
2024-11-11 19:10:08,549 - INFO - Using User-Agent: Mozilla/5.0 (Macintosh; Intel Mac OS X 10_10) AppleWebKit/537.36 (KHTML, like Gecko) Chrome/108.0.5361.172 Safari/537.36
2024-11-11 19:10:09,582 - INFO - Found 30 headlines for 2019/apr/08
2024-11-11 19:10:09,618 - INFO - Using User-Agent: Mozilla/5.0 (Macintosh; Intel Mac OS X 11_14) AppleWebKit/537.36 (KHTML, like Gecko) Chrome/109.0.5397.215 Safari/537.36
2024-11-11 19:10:10,677 - INFO - Found 20 headlines for 2019/apr/09
2024-11-11 19:10:11,459 - INFO - Using User-Agent: Mozilla/5.0 (Macintosh; Intel Mac OS X 11_3) AppleWebKit/537.36 (KHTML, like Gecko) Chrome/109.0.5412.99 Safari/537.36
2024-11-11 19:10:12,379 - INFO - Found 32 headlines for 2019/apr/10
2024-11-11 19:10:13,170 - INFO - Using User-Agent: Mozilla/5.0 (X11; Linux i686) AppleWebKit/537.36 (KHTML, like Gecko) Chrome/109.0.5388.177 Safari/537.36
2024-11-11 19:10:14,274 - INFO - Found 30 headlines for 2019/apr/11
2024-11-11 19:10:15,276 - INFO - Using User-Agent: Mozilla/5.0 (X11; Linux i686) AppleWebKit/537.36 (KHTML, like Gecko) Chrome/109.0.5388.177 Safari/537.36
2024-11-11 19:10:16,305 - INFO - Found 22 headlines for 2019/apr/12
2024-11-11 19:10:16,831 - INFO - Using User-Agent: Mozilla/5.0 (Windows NT 10.0; Win64; x64) AppleWebKit/537.36 (KHTML, like Gecko) Firefox/89.0
2024-11-11 19:10:17,793 - INFO - Found 16 headlines for 2019/apr/13
2024-11-11 19:10:18,288 - INFO - Using User-Agent: Mozilla/5.0 (Macintosh; Intel Mac OS X 11_3) AppleWebKit/537.36 (KHTML, like Gecko) Chrome/109.0.5412.99 Safari/537.36
2024-11-11 19:10:19,128 - INFO - Found 19 headlines for 2019/apr/14
2024-11-11 19:10:19,461 - INFO - Using User-Agent: Mozilla/5.0 (Macintosh; Intel Mac OS X 11_14) AppleWebKit/537.36 (KHTML, like Gecko) Chrome/109.0.5397.215 Safari/537.36
2024-11-11 19:10:20,459 - INFO - Found 33 headlines for 2019/apr/15
2024-11-11 19:10:21,026 - INFO - Using User-Agent: Mozilla/5.0 (Windows NT 10.0; Win64; x64) AppleWebKit/537.36 (KHTML, like Gecko) Firefox/89.0
2024-11-11 19:10:22,395 - INFO - Found 34 headlines for 2019/apr/16
2024-11-11 19:10:23,127 - INFO - Using User-Agent: Mozilla/5.0 (Windows NT 10.0; Win64; x64) AppleWebKit/537.36 (KHTML, like Gecko) Firefox/89.0
2024-11-11 19:10:24,077 - INFO - Found 29 headlines for 2019/apr/17
2024-11-11 19:10:24,423 - INFO - Using User-Agent: Mozilla/5.0 (Macintosh; Intel Mac OS X 10_15_7) AppleWebKit/537.36 (KHTML, like Gecko) Chrome/108.0.0.0 Safari/537.36
2024-11-11 19:10:25,289 - INFO - Found 25 headlines for 2019/apr/18
2024-11-11 19:10:25,714 - INFO - Using User-Agent: Mozilla/5.0 (Macintosh; Intel Mac OS X 10_15_7) AppleWebKit/537.36 (KHTML, like Gecko) Chrome/108.0.0.0 Safari/537.36
2024-11-11 19:10:26,467 - INFO - Found 18 headlines for 2019/apr/19
2024-11-11 19:10:26,864 - INFO - Using User-Agent: Mozilla/5.0 (Macintosh; Intel Mac OS X 11_3) AppleWebKit/537.36 (KHTML, like Gecko) Chrome/109.0.5412.99 Safari/537.36
2024-11-11 19:10:27,748 - INFO - Found 14 headlines for 2019/apr/20
2024-11-11 19:10:28,434 - INFO - Using User-Agent: Mozilla/5.0 (Macintosh; Intel Mac OS X 11_3) AppleWebKit/537.36 (KHTML, like Gecko) Chrome/109.0.5412.99 Safari/537.36
2024-11-11 19:10:29,604 - INFO - Found 30 headlines for 2019/apr/21
2024-11-11 19:10:30,214 - INFO - Using User-Agent: Mozilla/5.0 (Macintosh; Intel Mac OS X 10_15_7) AppleWebKit/537.36 (KHTML, like Gecko) Chrome/108.0.0.0 Safari/537.36
2024-11-11 19:10:31,326 - INFO - Found 30 headlines for 2019/apr/22
2024-11-11 19:10:31,672 - INFO - Using User-Agent: Mozilla/5.0 (Macintosh; Intel Mac OS X 11_14) AppleWebKit/537.36 (KHTML, like Gecko) Chrome/109.0.5397.215 Safari/537.36
2024-11-11 19:10:32,753 - INFO - Found 31 headlines for 2019/apr/23
2024-11-11 19:10:32,921 - INFO - Using User-Agent: Mozilla/5.0 (Macintosh; Intel Mac OS X 10_15_7) AppleWebKit/605.1.15 (KHTML, like Gecko) Version/14.0.3 Safari/605.1.15
2024-11-11 19:10:34,014 - INFO - Found 33 headlines for 2019/apr/24
2024-11-11 19:10:34,264 - INFO - Using User-Agent: Mozilla/5.0 (X11; Linux i686) AppleWebKit/537.36 (KHTML, like Gecko) Chrome/109.0.5388.177 Safari/537.36
2024-11-11 19:10:35,381 - INFO - Found 33 headlines for 2019/apr/25
2024-11-11 19:10:35,762 - INFO - Using User-Agent: Mozilla/5.0 (Windows NT 10.0; Win64; x64) AppleWebKit/537.36 (KHTML, like Gecko) Firefox/89.0
2024-11-11 19:10:36,763 - INFO - Found 34 headlines for 2019/apr/26
2024-11-11 19:10:37,532 - INFO - Using User-Agent: Mozilla/5.0 (Windows NT 10.0; Win64; x64) AppleWebKit/537.36 (KHTML, like Gecko) Chrome/91.0.4472.124 Safari/537.36
2024-11-11 19:10:38,686 - INFO - Found 18 headlines for 2019/apr/27
2024-11-11 19:10:39,285 - INFO - Using User-Agent: Mozilla/5.0 (Macintosh; Intel Mac OS X 11_14) AppleWebKit/537.36 (KHTML, like Gecko) Chrome/109.0.5397.215 Safari/537.36
2024-11-11 19:10:40,223 - INFO - Found 17 headlines for 2019/apr/28
2024-11-11 19:10:40,498 - INFO - Using User-Agent: Mozilla/5.0 (Macintosh; Intel Mac OS X 11_14) AppleWebKit/537.36 (KHTML, like Gecko) Chrome/109.0.5397.215 Safari/537.36
2024-11-11 19:10:41,471 - INFO - Found 23 headlines for 2019/apr/29
2024-11-11 19:10:41,688 - INFO - Using User-Agent: Mozilla/5.0 (X11; Linux i686) AppleWebKit/537.36 (KHTML, like Gecko) Chrome/109.0.5388.177 Safari/537.36
2024-11-11 19:10:42,790 - INFO - Found 34 headlines for 2019/apr/30
2024-11-11 19:10:43,124 - INFO - Using User-Agent: Mozilla/5.0 (Macintosh; Intel Mac OS X 10_10) AppleWebKit/537.36 (KHTML, like Gecko) Chrome/108.0.5361.172 Safari/537.36
2024-11-11 19:10:44,191 - INFO - Found 29 headlines for 2019/may/01
2024-11-11 19:10:44,719 - INFO - Using User-Agent: Mozilla/5.0 (Windows NT 10.0; Win64; x64) AppleWebKit/537.36 (KHTML, like Gecko) Chrome/91.0.4472.124 Safari/537.36
2024-11-11 19:10:45,854 - INFO - Found 30 headlines for 2019/may/02
2024-11-11 19:10:45,880 - INFO - Using User-Agent: Mozilla/5.0 (Macintosh; Intel Mac OS X 11_14) AppleWebKit/537.36 (KHTML, like Gecko) Chrome/109.0.5397.215 Safari/537.36
2024-11-11 19:10:47,527 - INFO - Found 29 headlines for 2019/may/03
2024-11-11 19:10:48,137 - INFO - Using User-Agent: Mozilla/5.0 (X11; Linux i686) AppleWebKit/537.36 (KHTML, like Gecko) Chrome/109.0.5388.177 Safari/537.36
2024-11-11 19:10:49,403 - INFO - Found 17 headlines for 2019/may/04
2024-11-11 19:10:49,577 - INFO - Using User-Agent: Mozilla/5.0 (Macintosh; Intel Mac OS X 10_15_7) AppleWebKit/537.36 (KHTML, like Gecko) Chrome/108.0.0.0 Safari/537.36
2024-11-11 19:10:50,727 - INFO - Found 26 headlines for 2019/may/05
2024-11-11 19:10:51,537 - INFO - Using User-Agent: Mozilla/5.0 (Windows NT 10.0; Win64; x64) AppleWebKit/537.36 (KHTML, like Gecko) Chrome/91.0.4472.124 Safari/537.36
2024-11-11 19:10:52,514 - INFO - Found 19 headlines for 2019/may/06
2024-11-11 19:10:52,642 - INFO - Using User-Agent: Mozilla/5.0 (Macintosh; Intel Mac OS X 11_3) AppleWebKit/537.36 (KHTML, like Gecko) Chrome/109.0.5412.99 Safari/537.36
2024-11-11 19:10:53,436 - INFO - Found 24 headlines for 2019/may/07
2024-11-11 19:10:53,742 - INFO - Using User-Agent: Mozilla/5.0 (Macintosh; Intel Mac OS X 11_14) AppleWebKit/537.36 (KHTML, like Gecko) Chrome/109.0.5397.215 Safari/537.36
2024-11-11 19:10:54,835 - INFO - Found 28 headlines for 2019/may/08
2024-11-11 19:10:55,250 - INFO - Using User-Agent: Mozilla/5.0 (Windows NT 10.0; Win64; x64) AppleWebKit/537.36 (KHTML, like Gecko) Firefox/89.0
2024-11-11 19:10:56,239 - INFO - Found 26 headlines for 2019/may/09
2024-11-11 19:10:56,925 - INFO - Using User-Agent: Mozilla/5.0 (X11; Linux i686) AppleWebKit/537.36 (KHTML, like Gecko) Chrome/109.0.5388.177 Safari/537.36
2024-11-11 19:10:57,826 - INFO - Found 24 headlines for 2019/may/10
2024-11-11 19:10:58,398 - INFO - Using User-Agent: Mozilla/5.0 (Macintosh; Intel Mac OS X 11_14) AppleWebKit/537.36 (KHTML, like Gecko) Chrome/109.0.5397.215 Safari/537.36
2024-11-11 19:10:59,275 - INFO - Found 22 headlines for 2019/may/11
2024-11-11 19:11:00,004 - INFO - Using User-Agent: Mozilla/5.0 (Windows NT 10.0; Win64; x64) AppleWebKit/537.36 (KHTML, like Gecko) Firefox/89.0
2024-11-11 19:11:01,112 - INFO - Found 18 headlines for 2019/may/12
2024-11-11 19:11:01,865 - INFO - Using User-Agent: Mozilla/5.0 (Windows NT 10.0; Win64; x64) AppleWebKit/537.36 (KHTML, like Gecko) Chrome/91.0.4472.124 Safari/537.36
2024-11-11 19:11:02,817 - INFO - Found 28 headlines for 2019/may/13
2024-11-11 19:11:02,936 - INFO - Using User-Agent: Mozilla/5.0 (Windows NT 10.0; Win64; x64) AppleWebKit/537.36 (KHTML, like Gecko) Firefox/89.0
2024-11-11 19:11:04,052 - INFO - Found 15 headlines for 2019/may/14
2024-11-11 19:11:05,039 - INFO - Using User-Agent: Mozilla/5.0 (Macintosh; Intel Mac OS X 11_14) AppleWebKit/537.36 (KHTML, like Gecko) Chrome/109.0.5397.215 Safari/537.36
2024-11-11 19:11:06,128 - INFO - Found 26 headlines for 2019/may/15
2024-11-11 19:11:06,269 - INFO - Using User-Agent: Mozilla/5.0 (X11; Linux i686) AppleWebKit/537.36 (KHTML, like Gecko) Chrome/109.0.5388.177 Safari/537.36
2024-11-11 19:11:07,381 - INFO - Found 22 headlines for 2019/may/16
2024-11-11 19:11:07,550 - INFO - Using User-Agent: Mozilla/5.0 (Windows NT 10.0; Win64; x64) AppleWebKit/537.36 (KHTML, like Gecko) Chrome/91.0.4472.124 Safari/537.36
2024-11-11 19:11:08,485 - INFO - Found 27 headlines for 2019/may/17
2024-11-11 19:11:08,891 - INFO - Using User-Agent: Mozilla/5.0 (Macintosh; Intel Mac OS X 10_15_7) AppleWebKit/605.1.15 (KHTML, like Gecko) Version/14.0.3 Safari/605.1.15
2024-11-11 19:11:10,013 - INFO - Found 14 headlines for 2019/may/18
2024-11-11 19:11:10,322 - INFO - Using User-Agent: Mozilla/5.0 (Macintosh; Intel Mac OS X 10_15_7) AppleWebKit/605.1.15 (KHTML, like Gecko) Version/14.0.3 Safari/605.1.15
2024-11-11 19:11:11,090 - INFO - Found 15 headlines for 2019/may/19
2024-11-11 19:11:11,686 - INFO - Using User-Agent: Mozilla/5.0 (Windows NT 10.0; Win64; x64) AppleWebKit/537.36 (KHTML, like Gecko) Firefox/89.0
2024-11-11 19:11:12,622 - INFO - Found 24 headlines for 2019/may/20
2024-11-11 19:11:12,808 - INFO - Using User-Agent: Mozilla/5.0 (Macintosh; Intel Mac OS X 10_10) AppleWebKit/537.36 (KHTML, like Gecko) Chrome/108.0.5361.172 Safari/537.36
2024-11-11 19:11:13,616 - INFO - Found 23 headlines for 2019/may/21
2024-11-11 19:11:13,970 - INFO - Using User-Agent: Mozilla/5.0 (Macintosh; Intel Mac OS X 11_3) AppleWebKit/537.36 (KHTML, like Gecko) Chrome/109.0.5412.99 Safari/537.36
2024-11-11 19:11:14,851 - INFO - Found 24 headlines for 2019/may/22
2024-11-11 19:11:15,295 - INFO - Using User-Agent: Mozilla/5.0 (Macintosh; Intel Mac OS X 10_15_7) AppleWebKit/537.36 (KHTML, like Gecko) Chrome/108.0.0.0 Safari/537.36
2024-11-11 19:11:16,382 - INFO - Found 29 headlines for 2019/may/23
2024-11-11 19:11:16,482 - INFO - Using User-Agent: Mozilla/5.0 (X11; Linux i686) AppleWebKit/537.36 (KHTML, like Gecko) Chrome/109.0.5388.177 Safari/537.36
2024-11-11 19:11:17,505 - INFO - Found 19 headlines for 2019/may/24
2024-11-11 19:11:18,486 - INFO - Using User-Agent: Mozilla/5.0 (Macintosh; Intel Mac OS X 11_3) AppleWebKit/537.36 (KHTML, like Gecko) Chrome/109.0.5412.99 Safari/537.36
2024-11-11 19:11:19,380 - INFO - Found 15 headlines for 2019/may/25
2024-11-11 19:11:20,209 - INFO - Using User-Agent: Mozilla/5.0 (Macintosh; Intel Mac OS X 11_14) AppleWebKit/537.36 (KHTML, like Gecko) Chrome/109.0.5397.215 Safari/537.36
2024-11-11 19:11:21,213 - INFO - Found 18 headlines for 2019/may/26
2024-11-11 19:11:21,883 - INFO - Using User-Agent: Mozilla/5.0 (Windows NT 10.0; Win64; x64) AppleWebKit/537.36 (KHTML, like Gecko) Chrome/91.0.4472.124 Safari/537.36
2024-11-11 19:11:22,889 - INFO - Found 17 headlines for 2019/may/27
2024-11-11 19:11:23,165 - INFO - Using User-Agent: Mozilla/5.0 (Macintosh; Intel Mac OS X 11_14) AppleWebKit/537.36 (KHTML, like Gecko) Chrome/109.0.5397.215 Safari/537.36
2024-11-11 19:11:24,141 - INFO - Found 30 headlines for 2019/may/28
2024-11-11 19:11:24,528 - INFO - Using User-Agent: Mozilla/5.0 (Macintosh; Intel Mac OS X 10_15_7) AppleWebKit/605.1.15 (KHTML, like Gecko) Version/14.0.3 Safari/605.1.15
2024-11-11 19:11:25,780 - INFO - Found 33 headlines for 2019/may/29
2024-11-11 19:11:25,830 - INFO - Using User-Agent: Mozilla/5.0 (Macintosh; Intel Mac OS X 10_15_7) AppleWebKit/605.1.15 (KHTML, like Gecko) Version/14.0.3 Safari/605.1.15
2024-11-11 19:11:26,758 - INFO - Found 20 headlines for 2019/may/30
2024-11-11 19:11:27,572 - INFO - Using User-Agent: Mozilla/5.0 (X11; Linux i686) AppleWebKit/537.36 (KHTML, like Gecko) Chrome/109.0.5388.177 Safari/537.36
2024-11-11 19:11:28,566 - INFO - Found 28 headlines for 2019/may/31
2024-11-11 19:11:29,509 - INFO - Using User-Agent: Mozilla/5.0 (X11; Linux i686) AppleWebKit/537.36 (KHTML, like Gecko) Chrome/109.0.5388.177 Safari/537.36
2024-11-11 19:11:30,375 - INFO - Found 17 headlines for 2019/jun/01
2024-11-11 19:11:30,908 - INFO - Using User-Agent: Mozilla/5.0 (Macintosh; Intel Mac OS X 10_15_7) AppleWebKit/605.1.15 (KHTML, like Gecko) Version/14.0.3 Safari/605.1.15
2024-11-11 19:11:31,894 - INFO - Found 24 headlines for 2019/jun/02
2024-11-11 19:11:32,489 - INFO - Using User-Agent: Mozilla/5.0 (X11; Linux i686) AppleWebKit/537.36 (KHTML, like Gecko) Chrome/109.0.5388.177 Safari/537.36
2024-11-11 19:11:33,341 - INFO - Found 21 headlines for 2019/jun/03
2024-11-11 19:11:33,422 - INFO - Using User-Agent: Mozilla/5.0 (Macintosh; Intel Mac OS X 11_3) AppleWebKit/537.36 (KHTML, like Gecko) Chrome/109.0.5412.99 Safari/537.36
2024-11-11 19:11:34,636 - INFO - Found 33 headlines for 2019/jun/04
2024-11-11 19:11:35,533 - INFO - Using User-Agent: Mozilla/5.0 (Windows NT 10.0; Win64; x64) AppleWebKit/537.36 (KHTML, like Gecko) Firefox/89.0
2024-11-11 19:11:36,633 - INFO - Found 33 headlines for 2019/jun/05
2024-11-11 19:11:36,758 - INFO - Using User-Agent: Mozilla/5.0 (Windows NT 10.0; Win64; x64) AppleWebKit/537.36 (KHTML, like Gecko) Chrome/91.0.4472.124 Safari/537.36
2024-11-11 19:11:38,157 - INFO - Found 28 headlines for 2019/jun/06
2024-11-11 19:11:38,628 - INFO - Using User-Agent: Mozilla/5.0 (Windows NT 10.0; Win64; x64) AppleWebKit/537.36 (KHTML, like Gecko) Chrome/91.0.4472.124 Safari/537.36
2024-11-11 19:11:39,994 - INFO - Found 27 headlines for 2019/jun/07
2024-11-11 19:11:40,741 - INFO - Using User-Agent: Mozilla/5.0 (Macintosh; Intel Mac OS X 10_15_7) AppleWebKit/605.1.15 (KHTML, like Gecko) Version/14.0.3 Safari/605.1.15
2024-11-11 19:11:41,664 - INFO - Found 11 headlines for 2019/jun/08
2024-11-11 19:11:42,406 - INFO - Using User-Agent: Mozilla/5.0 (Macintosh; Intel Mac OS X 11_3) AppleWebKit/537.36 (KHTML, like Gecko) Chrome/109.0.5412.99 Safari/537.36
2024-11-11 19:11:43,343 - INFO - Found 15 headlines for 2019/jun/09
2024-11-11 19:11:43,507 - INFO - Using User-Agent: Mozilla/5.0 (Macintosh; Intel Mac OS X 10_15_7) AppleWebKit/537.36 (KHTML, like Gecko) Chrome/108.0.0.0 Safari/537.36
2024-11-11 19:11:44,340 - INFO - Found 29 headlines for 2019/jun/10
2024-11-11 19:11:44,499 - INFO - Using User-Agent: Mozilla/5.0 (Macintosh; Intel Mac OS X 10_10) AppleWebKit/537.36 (KHTML, like Gecko) Chrome/108.0.5361.172 Safari/537.36
2024-11-11 19:11:45,395 - INFO - Found 27 headlines for 2019/jun/11
2024-11-11 19:11:45,537 - INFO - Using User-Agent: Mozilla/5.0 (Macintosh; Intel Mac OS X 11_3) AppleWebKit/537.36 (KHTML, like Gecko) Chrome/109.0.5412.99 Safari/537.36
2024-11-11 19:11:46,718 - INFO - Found 28 headlines for 2019/jun/12
2024-11-11 19:11:47,588 - INFO - Using User-Agent: Mozilla/5.0 (Macintosh; Intel Mac OS X 11_14) AppleWebKit/537.36 (KHTML, like Gecko) Chrome/109.0.5397.215 Safari/537.36
2024-11-11 19:11:48,667 - INFO - Found 24 headlines for 2019/jun/13
2024-11-11 19:11:49,000 - INFO - Using User-Agent: Mozilla/5.0 (Macintosh; Intel Mac OS X 10_15_7) AppleWebKit/537.36 (KHTML, like Gecko) Chrome/108.0.0.0 Safari/537.36
2024-11-11 19:11:50,368 - INFO - Found 31 headlines for 2019/jun/14
2024-11-11 19:11:51,069 - INFO - Using User-Agent: Mozilla/5.0 (X11; Linux i686) AppleWebKit/537.36 (KHTML, like Gecko) Chrome/109.0.5388.177 Safari/537.36
2024-11-11 19:11:52,564 - INFO - Found 20 headlines for 2019/jun/15
2024-11-11 19:11:53,536 - INFO - Using User-Agent: Mozilla/5.0 (Windows NT 10.0; Win64; x64) AppleWebKit/537.36 (KHTML, like Gecko) Firefox/89.0
2024-11-11 19:11:54,664 - INFO - Found 22 headlines for 2019/jun/16
2024-11-11 19:11:55,482 - INFO - Using User-Agent: Mozilla/5.0 (Macintosh; Intel Mac OS X 10_15_7) AppleWebKit/537.36 (KHTML, like Gecko) Chrome/108.0.0.0 Safari/537.36
2024-11-11 19:11:57,021 - INFO - Found 30 headlines for 2019/jun/17
2024-11-11 19:11:57,405 - INFO - Using User-Agent: Mozilla/5.0 (Macintosh; Intel Mac OS X 11_14) AppleWebKit/537.36 (KHTML, like Gecko) Chrome/109.0.5397.215 Safari/537.36
2024-11-11 19:11:58,572 - INFO - Found 31 headlines for 2019/jun/18
2024-11-11 19:11:59,558 - INFO - Using User-Agent: Mozilla/5.0 (X11; Linux i686) AppleWebKit/537.36 (KHTML, like Gecko) Chrome/109.0.5388.177 Safari/537.36
2024-11-11 19:12:00,807 - INFO - Found 34 headlines for 2019/jun/19
2024-11-11 19:12:01,717 - INFO - Using User-Agent: Mozilla/5.0 (Macintosh; Intel Mac OS X 10_15_7) AppleWebKit/605.1.15 (KHTML, like Gecko) Version/14.0.3 Safari/605.1.15
2024-11-11 19:12:03,140 - INFO - Found 23 headlines for 2019/jun/20
2024-11-11 19:12:03,300 - INFO - Using User-Agent: Mozilla/5.0 (Macintosh; Intel Mac OS X 10_10) AppleWebKit/537.36 (KHTML, like Gecko) Chrome/108.0.5361.172 Safari/537.36
2024-11-11 19:12:04,866 - INFO - Found 32 headlines for 2019/jun/21
2024-11-11 19:12:05,664 - INFO - Using User-Agent: Mozilla/5.0 (X11; Linux i686) AppleWebKit/537.36 (KHTML, like Gecko) Chrome/109.0.5388.177 Safari/537.36
2024-11-11 19:12:07,493 - INFO - Found 19 headlines for 2019/jun/22
2024-11-11 19:12:08,475 - INFO - Using User-Agent: Mozilla/5.0 (Macintosh; Intel Mac OS X 11_3) AppleWebKit/537.36 (KHTML, like Gecko) Chrome/109.0.5412.99 Safari/537.36
2024-11-11 19:12:10,092 - INFO - Found 24 headlines for 2019/jun/23
2024-11-11 19:12:10,692 - INFO - Using User-Agent: Mozilla/5.0 (Macintosh; Intel Mac OS X 10_15_7) AppleWebKit/537.36 (KHTML, like Gecko) Chrome/108.0.0.0 Safari/537.36
2024-11-11 19:12:12,234 - INFO - Found 25 headlines for 2019/jun/24
2024-11-11 19:12:12,871 - INFO - Using User-Agent: Mozilla/5.0 (Macintosh; Intel Mac OS X 10_15_7) AppleWebKit/537.36 (KHTML, like Gecko) Chrome/108.0.0.0 Safari/537.36
2024-11-11 19:12:14,260 - INFO - Found 26 headlines for 2019/jun/25
2024-11-11 19:12:14,493 - INFO - Using User-Agent: Mozilla/5.0 (Windows NT 10.0; Win64; x64) AppleWebKit/537.36 (KHTML, like Gecko) Firefox/89.0
2024-11-11 19:12:15,502 - INFO - Found 27 headlines for 2019/jun/26
2024-11-11 19:12:15,588 - INFO - Using User-Agent: Mozilla/5.0 (Macintosh; Intel Mac OS X 11_3) AppleWebKit/537.36 (KHTML, like Gecko) Chrome/109.0.5412.99 Safari/537.36
2024-11-11 19:12:16,836 - INFO - Found 28 headlines for 2019/jun/27
2024-11-11 19:12:17,525 - INFO - Using User-Agent: Mozilla/5.0 (Macintosh; Intel Mac OS X 10_15_7) AppleWebKit/537.36 (KHTML, like Gecko) Chrome/108.0.0.0 Safari/537.36
2024-11-11 19:12:18,760 - INFO - Found 29 headlines for 2019/jun/28
2024-11-11 19:12:19,387 - INFO - Using User-Agent: Mozilla/5.0 (Macintosh; Intel Mac OS X 11_3) AppleWebKit/537.36 (KHTML, like Gecko) Chrome/109.0.5412.99 Safari/537.36
2024-11-11 19:12:20,251 - INFO - Found 13 headlines for 2019/jun/29
2024-11-11 19:12:20,285 - INFO - Using User-Agent: Mozilla/5.0 (Macintosh; Intel Mac OS X 11_14) AppleWebKit/537.36 (KHTML, like Gecko) Chrome/109.0.5397.215 Safari/537.36
2024-11-11 19:12:21,139 - INFO - Found 22 headlines for 2019/jun/30
2024-11-11 19:12:21,598 - INFO - Using User-Agent: Mozilla/5.0 (Windows NT 10.0; Win64; x64) AppleWebKit/537.36 (KHTML, like Gecko) Firefox/89.0
2024-11-11 19:12:22,543 - INFO - Found 37 headlines for 2019/jul/01
2024-11-11 19:12:23,348 - INFO - Using User-Agent: Mozilla/5.0 (Macintosh; Intel Mac OS X 10_10) AppleWebKit/537.36 (KHTML, like Gecko) Chrome/108.0.5361.172 Safari/537.36
2024-11-11 19:12:24,286 - INFO - Found 32 headlines for 2019/jul/02
2024-11-11 19:12:25,126 - INFO - Using User-Agent: Mozilla/5.0 (Macintosh; Intel Mac OS X 10_15_7) AppleWebKit/605.1.15 (KHTML, like Gecko) Version/14.0.3 Safari/605.1.15
2024-11-11 19:12:26,166 - INFO - Found 41 headlines for 2019/jul/03
2024-11-11 19:12:26,465 - INFO - Using User-Agent: Mozilla/5.0 (Macintosh; Intel Mac OS X 11_3) AppleWebKit/537.36 (KHTML, like Gecko) Chrome/109.0.5412.99 Safari/537.36
2024-11-11 19:12:27,323 - INFO - Found 35 headlines for 2019/jul/04
2024-11-11 19:12:27,333 - INFO - Using User-Agent: Mozilla/5.0 (Macintosh; Intel Mac OS X 10_10) AppleWebKit/537.36 (KHTML, like Gecko) Chrome/108.0.5361.172 Safari/537.36
2024-11-11 19:12:28,289 - INFO - Found 29 headlines for 2019/jul/05
2024-11-11 19:12:28,672 - INFO - Using User-Agent: Mozilla/5.0 (Windows NT 10.0; Win64; x64) AppleWebKit/537.36 (KHTML, like Gecko) Firefox/89.0
2024-11-11 19:12:29,598 - INFO - Found 20 headlines for 2019/jul/06
2024-11-11 19:12:30,446 - INFO - Using User-Agent: Mozilla/5.0 (Windows NT 10.0; Win64; x64) AppleWebKit/537.36 (KHTML, like Gecko) Firefox/89.0
2024-11-11 19:12:31,286 - INFO - Found 27 headlines for 2019/jul/07
2024-11-11 19:12:31,635 - INFO - Using User-Agent: Mozilla/5.0 (Macintosh; Intel Mac OS X 10_15_7) AppleWebKit/605.1.15 (KHTML, like Gecko) Version/14.0.3 Safari/605.1.15
2024-11-11 19:12:32,728 - INFO - Found 25 headlines for 2019/jul/08
2024-11-11 19:12:33,156 - INFO - Using User-Agent: Mozilla/5.0 (Macintosh; Intel Mac OS X 11_14) AppleWebKit/537.36 (KHTML, like Gecko) Chrome/109.0.5397.215 Safari/537.36
2024-11-11 19:12:34,003 - INFO - Found 23 headlines for 2019/jul/09
2024-11-11 19:12:35,007 - INFO - Using User-Agent: Mozilla/5.0 (Windows NT 10.0; Win64; x64) AppleWebKit/537.36 (KHTML, like Gecko) Firefox/89.0
2024-11-11 19:12:35,810 - INFO - Found 27 headlines for 2019/jul/10
2024-11-11 19:12:36,575 - INFO - Using User-Agent: Mozilla/5.0 (Macintosh; Intel Mac OS X 10_15_7) AppleWebKit/537.36 (KHTML, like Gecko) Chrome/108.0.0.0 Safari/537.36
2024-11-11 19:12:37,433 - INFO - Found 30 headlines for 2019/jul/11
2024-11-11 19:12:38,435 - INFO - Using User-Agent: Mozilla/5.0 (Macintosh; Intel Mac OS X 10_10) AppleWebKit/537.36 (KHTML, like Gecko) Chrome/108.0.5361.172 Safari/537.36
2024-11-11 19:12:39,836 - INFO - Found 25 headlines for 2019/jul/12
2024-11-11 19:12:40,815 - INFO - Using User-Agent: Mozilla/5.0 (Macintosh; Intel Mac OS X 10_15_7) AppleWebKit/605.1.15 (KHTML, like Gecko) Version/14.0.3 Safari/605.1.15
2024-11-11 19:12:41,560 - INFO - Found 13 headlines for 2019/jul/13
2024-11-11 19:12:41,742 - INFO - Using User-Agent: Mozilla/5.0 (Macintosh; Intel Mac OS X 10_15_7) AppleWebKit/537.36 (KHTML, like Gecko) Chrome/108.0.0.0 Safari/537.36
2024-11-11 19:12:43,093 - INFO - Found 19 headlines for 2019/jul/14
2024-11-11 19:12:44,024 - INFO - Using User-Agent: Mozilla/5.0 (Macintosh; Intel Mac OS X 11_14) AppleWebKit/537.36 (KHTML, like Gecko) Chrome/109.0.5397.215 Safari/537.36
2024-11-11 19:12:46,233 - INFO - Found 27 headlines for 2019/jul/15
2024-11-11 19:12:47,081 - INFO - Using User-Agent: Mozilla/5.0 (Macintosh; Intel Mac OS X 10_15_7) AppleWebKit/537.36 (KHTML, like Gecko) Chrome/108.0.0.0 Safari/537.36
2024-11-11 19:12:47,946 - INFO - Found 32 headlines for 2019/jul/16
2024-11-11 19:12:48,676 - INFO - Using User-Agent: Mozilla/5.0 (Macintosh; Intel Mac OS X 10_15_7) AppleWebKit/537.36 (KHTML, like Gecko) Chrome/108.0.0.0 Safari/537.36
2024-11-11 19:12:49,768 - INFO - Found 28 headlines for 2019/jul/17
2024-11-11 19:12:50,361 - INFO - Using User-Agent: Mozilla/5.0 (Windows NT 10.0; Win64; x64) AppleWebKit/537.36 (KHTML, like Gecko) Firefox/89.0
2024-11-11 19:12:51,637 - INFO - Found 26 headlines for 2019/jul/18
2024-11-11 19:12:52,535 - INFO - Using User-Agent: Mozilla/5.0 (Macintosh; Intel Mac OS X 11_3) AppleWebKit/537.36 (KHTML, like Gecko) Chrome/109.0.5412.99 Safari/537.36
2024-11-11 19:12:53,375 - INFO - Found 35 headlines for 2019/jul/19
2024-11-11 19:12:53,844 - INFO - Using User-Agent: Mozilla/5.0 (Windows NT 10.0; Win64; x64) AppleWebKit/537.36 (KHTML, like Gecko) Firefox/89.0
2024-11-11 19:12:55,109 - INFO - Found 23 headlines for 2019/jul/20
2024-11-11 19:12:56,115 - INFO - Using User-Agent: Mozilla/5.0 (Windows NT 10.0; Win64; x64) AppleWebKit/537.36 (KHTML, like Gecko) Firefox/89.0
2024-11-11 19:12:56,943 - INFO - Found 24 headlines for 2019/jul/21
2024-11-11 19:12:57,561 - INFO - Using User-Agent: Mozilla/5.0 (X11; Linux i686) AppleWebKit/537.36 (KHTML, like Gecko) Chrome/109.0.5388.177 Safari/537.36
2024-11-11 19:12:58,471 - INFO - Found 28 headlines for 2019/jul/22
2024-11-11 19:12:59,023 - INFO - Using User-Agent: Mozilla/5.0 (Macintosh; Intel Mac OS X 10_15_7) AppleWebKit/537.36 (KHTML, like Gecko) Chrome/108.0.0.0 Safari/537.36
2024-11-11 19:12:59,993 - INFO - Found 33 headlines for 2019/jul/23
2024-11-11 19:13:00,239 - INFO - Using User-Agent: Mozilla/5.0 (Macintosh; Intel Mac OS X 10_15_7) AppleWebKit/537.36 (KHTML, like Gecko) Chrome/108.0.0.0 Safari/537.36
2024-11-11 19:13:01,335 - INFO - Found 23 headlines for 2019/jul/24
2024-11-11 19:13:01,448 - INFO - Using User-Agent: Mozilla/5.0 (Macintosh; Intel Mac OS X 11_3) AppleWebKit/537.36 (KHTML, like Gecko) Chrome/109.0.5412.99 Safari/537.36
2024-11-11 19:13:02,483 - INFO - Found 32 headlines for 2019/jul/25
2024-11-11 19:13:02,874 - INFO - Using User-Agent: Mozilla/5.0 (Macintosh; Intel Mac OS X 10_15_7) AppleWebKit/605.1.15 (KHTML, like Gecko) Version/14.0.3 Safari/605.1.15
2024-11-11 19:13:03,644 - INFO - Found 25 headlines for 2019/jul/26
2024-11-11 19:13:03,692 - INFO - Using User-Agent: Mozilla/5.0 (Windows NT 10.0; Win64; x64) AppleWebKit/537.36 (KHTML, like Gecko) Firefox/89.0
2024-11-11 19:13:04,609 - INFO - Found 14 headlines for 2019/jul/27
2024-11-11 19:13:04,992 - INFO - Using User-Agent: Mozilla/5.0 (Windows NT 10.0; Win64; x64) AppleWebKit/537.36 (KHTML, like Gecko) Firefox/89.0
2024-11-11 19:13:06,241 - INFO - Found 21 headlines for 2019/jul/28
2024-11-11 19:13:06,405 - INFO - Using User-Agent: Mozilla/5.0 (Macintosh; Intel Mac OS X 11_14) AppleWebKit/537.36 (KHTML, like Gecko) Chrome/109.0.5397.215 Safari/537.36
2024-11-11 19:13:07,203 - INFO - Found 27 headlines for 2019/jul/29
2024-11-11 19:13:07,319 - INFO - Using User-Agent: Mozilla/5.0 (Macintosh; Intel Mac OS X 10_15_7) AppleWebKit/537.36 (KHTML, like Gecko) Chrome/108.0.0.0 Safari/537.36
2024-11-11 19:13:08,314 - INFO - Found 22 headlines for 2019/jul/30
2024-11-11 19:13:08,823 - INFO - Using User-Agent: Mozilla/5.0 (Macintosh; Intel Mac OS X 10_15_7) AppleWebKit/605.1.15 (KHTML, like Gecko) Version/14.0.3 Safari/605.1.15
2024-11-11 19:13:09,814 - INFO - Found 21 headlines for 2019/jul/31
2024-11-11 19:13:09,876 - INFO - Using User-Agent: Mozilla/5.0 (X11; Linux i686) AppleWebKit/537.36 (KHTML, like Gecko) Chrome/109.0.5388.177 Safari/537.36
2024-11-11 19:13:10,929 - INFO - Found 26 headlines for 2019/aug/01
2024-11-11 19:13:11,064 - INFO - Using User-Agent: Mozilla/5.0 (X11; Linux i686) AppleWebKit/537.36 (KHTML, like Gecko) Chrome/109.0.5388.177 Safari/537.36
2024-11-11 19:13:11,937 - INFO - Found 22 headlines for 2019/aug/02
2024-11-11 19:13:12,819 - INFO - Using User-Agent: Mozilla/5.0 (Macintosh; Intel Mac OS X 11_3) AppleWebKit/537.36 (KHTML, like Gecko) Chrome/109.0.5412.99 Safari/537.36
2024-11-11 19:13:13,947 - INFO - Found 21 headlines for 2019/aug/03
2024-11-11 19:13:14,090 - INFO - Using User-Agent: Mozilla/5.0 (Macintosh; Intel Mac OS X 10_15_7) AppleWebKit/605.1.15 (KHTML, like Gecko) Version/14.0.3 Safari/605.1.15
2024-11-11 19:13:15,227 - INFO - Found 25 headlines for 2019/aug/04
2024-11-11 19:13:15,948 - INFO - Using User-Agent: Mozilla/5.0 (Macintosh; Intel Mac OS X 10_15_7) AppleWebKit/537.36 (KHTML, like Gecko) Chrome/108.0.0.0 Safari/537.36
2024-11-11 19:13:16,804 - INFO - Found 29 headlines for 2019/aug/05
2024-11-11 19:13:16,938 - INFO - Using User-Agent: Mozilla/5.0 (Windows NT 10.0; Win64; x64) AppleWebKit/537.36 (KHTML, like Gecko) Firefox/89.0
2024-11-11 19:13:17,900 - INFO - Found 31 headlines for 2019/aug/06
2024-11-11 19:13:18,442 - INFO - Using User-Agent: Mozilla/5.0 (Windows NT 10.0; Win64; x64) AppleWebKit/537.36 (KHTML, like Gecko) Chrome/91.0.4472.124 Safari/537.36
2024-11-11 19:13:19,517 - INFO - Found 32 headlines for 2019/aug/07
2024-11-11 19:13:20,106 - INFO - Using User-Agent: Mozilla/5.0 (Macintosh; Intel Mac OS X 10_15_7) AppleWebKit/605.1.15 (KHTML, like Gecko) Version/14.0.3 Safari/605.1.15
2024-11-11 19:13:21,144 - INFO - Found 37 headlines for 2019/aug/08
2024-11-11 19:13:21,215 - INFO - Using User-Agent: Mozilla/5.0 (Macintosh; Intel Mac OS X 10_10) AppleWebKit/537.36 (KHTML, like Gecko) Chrome/108.0.5361.172 Safari/537.36
2024-11-11 19:13:22,099 - INFO - Found 24 headlines for 2019/aug/09
2024-11-11 19:13:22,141 - INFO - Using User-Agent: Mozilla/5.0 (Macintosh; Intel Mac OS X 10_15_7) AppleWebKit/537.36 (KHTML, like Gecko) Chrome/108.0.0.0 Safari/537.36
2024-11-11 19:13:23,135 - INFO - Found 22 headlines for 2019/aug/10
2024-11-11 19:13:23,155 - INFO - Using User-Agent: Mozilla/5.0 (Macintosh; Intel Mac OS X 10_15_7) AppleWebKit/537.36 (KHTML, like Gecko) Chrome/108.0.0.0 Safari/537.36
2024-11-11 19:13:24,950 - INFO - Found 23 headlines for 2019/aug/11
2024-11-11 19:13:24,968 - INFO - Using User-Agent: Mozilla/5.0 (Windows NT 10.0; Win64; x64) AppleWebKit/537.36 (KHTML, like Gecko) Firefox/89.0
2024-11-11 19:13:26,362 - INFO - Found 45 headlines for 2019/aug/12
2024-11-11 19:13:27,148 - INFO - Using User-Agent: Mozilla/5.0 (X11; Linux i686) AppleWebKit/537.36 (KHTML, like Gecko) Chrome/109.0.5388.177 Safari/537.36
2024-11-11 19:13:28,162 - INFO - Found 32 headlines for 2019/aug/13
2024-11-11 19:13:29,019 - INFO - Using User-Agent: Mozilla/5.0 (Macintosh; Intel Mac OS X 11_14) AppleWebKit/537.36 (KHTML, like Gecko) Chrome/109.0.5397.215 Safari/537.36
2024-11-11 19:13:29,975 - INFO - Found 30 headlines for 2019/aug/14
2024-11-11 19:13:30,425 - INFO - Using User-Agent: Mozilla/5.0 (X11; Linux i686) AppleWebKit/537.36 (KHTML, like Gecko) Chrome/109.0.5388.177 Safari/537.36
2024-11-11 19:13:31,843 - INFO - Found 28 headlines for 2019/aug/15
2024-11-11 19:13:32,028 - INFO - Using User-Agent: Mozilla/5.0 (X11; Linux i686) AppleWebKit/537.36 (KHTML, like Gecko) Chrome/109.0.5388.177 Safari/537.36
2024-11-11 19:13:33,190 - INFO - Found 22 headlines for 2019/aug/16
2024-11-11 19:13:33,575 - INFO - Using User-Agent: Mozilla/5.0 (Macintosh; Intel Mac OS X 10_15_7) AppleWebKit/537.36 (KHTML, like Gecko) Chrome/108.0.0.0 Safari/537.36
2024-11-11 19:13:34,725 - INFO - Found 16 headlines for 2019/aug/17
2024-11-11 19:13:35,187 - INFO - Using User-Agent: Mozilla/5.0 (X11; Linux i686) AppleWebKit/537.36 (KHTML, like Gecko) Chrome/109.0.5388.177 Safari/537.36
2024-11-11 19:13:36,173 - INFO - Found 23 headlines for 2019/aug/18
2024-11-11 19:13:36,840 - INFO - Using User-Agent: Mozilla/5.0 (Macintosh; Intel Mac OS X 11_3) AppleWebKit/537.36 (KHTML, like Gecko) Chrome/109.0.5412.99 Safari/537.36
2024-11-11 19:13:37,805 - INFO - Found 30 headlines for 2019/aug/19
2024-11-11 19:13:37,996 - INFO - Using User-Agent: Mozilla/5.0 (Macintosh; Intel Mac OS X 10_10) AppleWebKit/537.36 (KHTML, like Gecko) Chrome/108.0.5361.172 Safari/537.36
2024-11-11 19:13:38,914 - INFO - Found 32 headlines for 2019/aug/20
2024-11-11 19:13:39,548 - INFO - Using User-Agent: Mozilla/5.0 (Windows NT 10.0; Win64; x64) AppleWebKit/537.36 (KHTML, like Gecko) Chrome/91.0.4472.124 Safari/537.36
2024-11-11 19:13:41,271 - INFO - Found 28 headlines for 2019/aug/21
2024-11-11 19:13:42,248 - INFO - Using User-Agent: Mozilla/5.0 (Macintosh; Intel Mac OS X 11_3) AppleWebKit/537.36 (KHTML, like Gecko) Chrome/109.0.5412.99 Safari/537.36
2024-11-11 19:13:43,148 - INFO - Found 22 headlines for 2019/aug/22
2024-11-11 19:13:44,116 - INFO - Using User-Agent: Mozilla/5.0 (Windows NT 10.0; Win64; x64) AppleWebKit/537.36 (KHTML, like Gecko) Firefox/89.0
2024-11-11 19:13:45,846 - INFO - Found 33 headlines for 2019/aug/23
2024-11-11 19:13:46,038 - INFO - Using User-Agent: Mozilla/5.0 (Macintosh; Intel Mac OS X 10_15_7) AppleWebKit/605.1.15 (KHTML, like Gecko) Version/14.0.3 Safari/605.1.15
2024-11-11 19:13:47,062 - INFO - Found 22 headlines for 2019/aug/24
2024-11-11 19:13:47,562 - INFO - Using User-Agent: Mozilla/5.0 (Windows NT 10.0; Win64; x64) AppleWebKit/537.36 (KHTML, like Gecko) Firefox/89.0
2024-11-11 19:13:48,400 - INFO - Found 27 headlines for 2019/aug/25
2024-11-11 19:13:48,883 - INFO - Using User-Agent: Mozilla/5.0 (Windows NT 10.0; Win64; x64) AppleWebKit/537.36 (KHTML, like Gecko) Chrome/91.0.4472.124 Safari/537.36
2024-11-11 19:13:49,674 - INFO - Found 31 headlines for 2019/aug/26
2024-11-11 19:13:49,940 - INFO - Using User-Agent: Mozilla/5.0 (X11; Linux i686) AppleWebKit/537.36 (KHTML, like Gecko) Chrome/109.0.5388.177 Safari/537.36
2024-11-11 19:13:50,836 - INFO - Found 31 headlines for 2019/aug/27
2024-11-11 19:13:51,764 - INFO - Using User-Agent: Mozilla/5.0 (Macintosh; Intel Mac OS X 10_15_7) AppleWebKit/605.1.15 (KHTML, like Gecko) Version/14.0.3 Safari/605.1.15
2024-11-11 19:13:52,786 - INFO - Found 36 headlines for 2019/aug/28
2024-11-11 19:13:53,123 - INFO - Using User-Agent: Mozilla/5.0 (Macintosh; Intel Mac OS X 10_15_7) AppleWebKit/605.1.15 (KHTML, like Gecko) Version/14.0.3 Safari/605.1.15
2024-11-11 19:13:53,874 - INFO - Found 28 headlines for 2019/aug/29
2024-11-11 19:13:54,268 - INFO - Using User-Agent: Mozilla/5.0 (Macintosh; Intel Mac OS X 10_15_7) AppleWebKit/605.1.15 (KHTML, like Gecko) Version/14.0.3 Safari/605.1.15
2024-11-11 19:13:55,210 - INFO - Found 32 headlines for 2019/aug/30
2024-11-11 19:13:55,990 - INFO - Using User-Agent: Mozilla/5.0 (Macintosh; Intel Mac OS X 10_15_7) AppleWebKit/605.1.15 (KHTML, like Gecko) Version/14.0.3 Safari/605.1.15
2024-11-11 19:13:56,950 - INFO - Found 22 headlines for 2019/aug/31
2024-11-11 19:13:56,958 - INFO - Using User-Agent: Mozilla/5.0 (Windows NT 10.0; Win64; x64) AppleWebKit/537.36 (KHTML, like Gecko) Firefox/89.0
2024-11-11 19:13:57,882 - INFO - Found 21 headlines for 2019/sep/01
2024-11-11 19:13:58,144 - INFO - Using User-Agent: Mozilla/5.0 (Macintosh; Intel Mac OS X 10_15_7) AppleWebKit/537.36 (KHTML, like Gecko) Chrome/108.0.0.0 Safari/537.36
2024-11-11 19:13:59,093 - INFO - Found 29 headlines for 2019/sep/02
2024-11-11 19:13:59,433 - INFO - Using User-Agent: Mozilla/5.0 (Macintosh; Intel Mac OS X 11_3) AppleWebKit/537.36 (KHTML, like Gecko) Chrome/109.0.5412.99 Safari/537.36
2024-11-11 19:14:00,458 - INFO - Found 29 headlines for 2019/sep/03
2024-11-11 19:14:00,645 - INFO - Using User-Agent: Mozilla/5.0 (Macintosh; Intel Mac OS X 10_15_7) AppleWebKit/537.36 (KHTML, like Gecko) Chrome/108.0.0.0 Safari/537.36
2024-11-11 19:14:01,466 - INFO - Found 36 headlines for 2019/sep/04
2024-11-11 19:14:01,726 - INFO - Using User-Agent: Mozilla/5.0 (Windows NT 10.0; Win64; x64) AppleWebKit/537.36 (KHTML, like Gecko) Chrome/91.0.4472.124 Safari/537.36
2024-11-11 19:14:02,846 - INFO - Found 29 headlines for 2019/sep/05
2024-11-11 19:14:03,240 - INFO - Using User-Agent: Mozilla/5.0 (Macintosh; Intel Mac OS X 11_3) AppleWebKit/537.36 (KHTML, like Gecko) Chrome/109.0.5412.99 Safari/537.36
2024-11-11 19:14:04,173 - INFO - Found 32 headlines for 2019/sep/06
2024-11-11 19:14:04,635 - INFO - Using User-Agent: Mozilla/5.0 (Macintosh; Intel Mac OS X 10_10) AppleWebKit/537.36 (KHTML, like Gecko) Chrome/108.0.5361.172 Safari/537.36
2024-11-11 19:14:05,665 - INFO - Found 22 headlines for 2019/sep/07
2024-11-11 19:14:05,783 - INFO - Using User-Agent: Mozilla/5.0 (Macintosh; Intel Mac OS X 10_15_7) AppleWebKit/537.36 (KHTML, like Gecko) Chrome/108.0.0.0 Safari/537.36
2024-11-11 19:14:06,930 - INFO - Found 30 headlines for 2019/sep/08
2024-11-11 19:14:07,267 - INFO - Using User-Agent: Mozilla/5.0 (Macintosh; Intel Mac OS X 11_14) AppleWebKit/537.36 (KHTML, like Gecko) Chrome/109.0.5397.215 Safari/537.36
2024-11-11 19:14:08,103 - INFO - Found 34 headlines for 2019/sep/09
2024-11-11 19:14:08,253 - INFO - Using User-Agent: Mozilla/5.0 (Macintosh; Intel Mac OS X 11_14) AppleWebKit/537.36 (KHTML, like Gecko) Chrome/109.0.5397.215 Safari/537.36
2024-11-11 19:14:09,092 - INFO - Found 33 headlines for 2019/sep/10
2024-11-11 19:14:09,733 - INFO - Using User-Agent: Mozilla/5.0 (Macintosh; Intel Mac OS X 10_10) AppleWebKit/537.36 (KHTML, like Gecko) Chrome/108.0.5361.172 Safari/537.36
2024-11-11 19:14:10,587 - INFO - Found 36 headlines for 2019/sep/11
2024-11-11 19:14:10,939 - INFO - Using User-Agent: Mozilla/5.0 (X11; Linux i686) AppleWebKit/537.36 (KHTML, like Gecko) Chrome/109.0.5388.177 Safari/537.36
2024-11-11 19:14:11,894 - INFO - Found 36 headlines for 2019/sep/12
2024-11-11 19:14:12,732 - INFO - Using User-Agent: Mozilla/5.0 (Macintosh; Intel Mac OS X 11_14) AppleWebKit/537.36 (KHTML, like Gecko) Chrome/109.0.5397.215 Safari/537.36
2024-11-11 19:14:13,710 - INFO - Found 22 headlines for 2019/sep/13
2024-11-11 19:14:14,389 - INFO - Using User-Agent: Mozilla/5.0 (Macintosh; Intel Mac OS X 11_3) AppleWebKit/537.36 (KHTML, like Gecko) Chrome/109.0.5412.99 Safari/537.36
2024-11-11 19:14:15,223 - INFO - Found 20 headlines for 2019/sep/14
2024-11-11 19:14:15,582 - INFO - Using User-Agent: Mozilla/5.0 (Macintosh; Intel Mac OS X 11_3) AppleWebKit/537.36 (KHTML, like Gecko) Chrome/109.0.5412.99 Safari/537.36
2024-11-11 19:14:16,479 - INFO - Found 20 headlines for 2019/sep/15
2024-11-11 19:14:16,568 - INFO - Using User-Agent: Mozilla/5.0 (Macintosh; Intel Mac OS X 11_14) AppleWebKit/537.36 (KHTML, like Gecko) Chrome/109.0.5397.215 Safari/537.36
2024-11-11 19:14:17,510 - INFO - Found 31 headlines for 2019/sep/16
2024-11-11 19:14:18,231 - INFO - Using User-Agent: Mozilla/5.0 (Windows NT 10.0; Win64; x64) AppleWebKit/537.36 (KHTML, like Gecko) Firefox/89.0
2024-11-11 19:14:19,134 - INFO - Found 31 headlines for 2019/sep/17
2024-11-11 19:14:19,808 - INFO - Using User-Agent: Mozilla/5.0 (Macintosh; Intel Mac OS X 11_14) AppleWebKit/537.36 (KHTML, like Gecko) Chrome/109.0.5397.215 Safari/537.36
2024-11-11 19:14:20,840 - INFO - Found 27 headlines for 2019/sep/18
2024-11-11 19:14:21,312 - INFO - Using User-Agent: Mozilla/5.0 (Macintosh; Intel Mac OS X 11_3) AppleWebKit/537.36 (KHTML, like Gecko) Chrome/109.0.5412.99 Safari/537.36
2024-11-11 19:14:22,068 - INFO - Found 34 headlines for 2019/sep/19
2024-11-11 19:14:22,541 - INFO - Using User-Agent: Mozilla/5.0 (Windows NT 10.0; Win64; x64) AppleWebKit/537.36 (KHTML, like Gecko) Chrome/91.0.4472.124 Safari/537.36
2024-11-11 19:14:23,283 - INFO - Found 24 headlines for 2019/sep/20
2024-11-11 19:14:23,789 - INFO - Using User-Agent: Mozilla/5.0 (Macintosh; Intel Mac OS X 10_15_7) AppleWebKit/605.1.15 (KHTML, like Gecko) Version/14.0.3 Safari/605.1.15
2024-11-11 19:14:24,665 - INFO - Found 10 headlines for 2019/sep/21
2024-11-11 19:14:25,532 - INFO - Using User-Agent: Mozilla/5.0 (Windows NT 10.0; Win64; x64) AppleWebKit/537.36 (KHTML, like Gecko) Firefox/89.0
2024-11-11 19:14:26,836 - INFO - Found 20 headlines for 2019/sep/22
2024-11-11 19:14:27,423 - INFO - Using User-Agent: Mozilla/5.0 (Macintosh; Intel Mac OS X 11_3) AppleWebKit/537.36 (KHTML, like Gecko) Chrome/109.0.5412.99 Safari/537.36
2024-11-11 19:14:28,339 - INFO - Found 27 headlines for 2019/sep/23
2024-11-11 19:14:29,157 - INFO - Using User-Agent: Mozilla/5.0 (Windows NT 10.0; Win64; x64) AppleWebKit/537.36 (KHTML, like Gecko) Chrome/91.0.4472.124 Safari/537.36
2024-11-11 19:14:29,969 - INFO - Found 25 headlines for 2019/sep/24
2024-11-11 19:14:30,254 - INFO - Using User-Agent: Mozilla/5.0 (Macintosh; Intel Mac OS X 11_14) AppleWebKit/537.36 (KHTML, like Gecko) Chrome/109.0.5397.215 Safari/537.36
2024-11-11 19:14:31,193 - INFO - Found 24 headlines for 2019/sep/25
2024-11-11 19:14:31,820 - INFO - Using User-Agent: Mozilla/5.0 (Macintosh; Intel Mac OS X 10_10) AppleWebKit/537.36 (KHTML, like Gecko) Chrome/108.0.5361.172 Safari/537.36
2024-11-11 19:14:32,616 - INFO - Found 21 headlines for 2019/sep/26
2024-11-11 19:14:33,249 - INFO - Using User-Agent: Mozilla/5.0 (X11; Linux i686) AppleWebKit/537.36 (KHTML, like Gecko) Chrome/109.0.5388.177 Safari/537.36
2024-11-11 19:14:34,093 - INFO - Found 21 headlines for 2019/sep/27
2024-11-11 19:14:35,018 - INFO - Using User-Agent: Mozilla/5.0 (Windows NT 10.0; Win64; x64) AppleWebKit/537.36 (KHTML, like Gecko) Chrome/91.0.4472.124 Safari/537.36
2024-11-11 19:14:35,963 - INFO - Found 22 headlines for 2019/sep/28
2024-11-11 19:14:36,519 - INFO - Using User-Agent: Mozilla/5.0 (Macintosh; Intel Mac OS X 10_15_7) AppleWebKit/605.1.15 (KHTML, like Gecko) Version/14.0.3 Safari/605.1.15
2024-11-11 19:14:37,352 - INFO - Found 23 headlines for 2019/sep/29
2024-11-11 19:14:37,454 - INFO - Using User-Agent: Mozilla/5.0 (Macintosh; Intel Mac OS X 10_15_7) AppleWebKit/605.1.15 (KHTML, like Gecko) Version/14.0.3 Safari/605.1.15
2024-11-11 19:14:38,439 - INFO - Found 33 headlines for 2019/sep/30
2024-11-11 19:14:39,203 - INFO - Using User-Agent: Mozilla/5.0 (Macintosh; Intel Mac OS X 11_14) AppleWebKit/537.36 (KHTML, like Gecko) Chrome/109.0.5397.215 Safari/537.36
2024-11-11 19:14:40,036 - INFO - Found 36 headlines for 2019/oct/01
2024-11-11 19:14:40,053 - INFO - Using User-Agent: Mozilla/5.0 (X11; Linux i686) AppleWebKit/537.36 (KHTML, like Gecko) Chrome/109.0.5388.177 Safari/537.36
2024-11-11 19:14:41,082 - INFO - Found 34 headlines for 2019/oct/02
2024-11-11 19:14:41,393 - INFO - Using User-Agent: Mozilla/5.0 (X11; Linux i686) AppleWebKit/537.36 (KHTML, like Gecko) Chrome/109.0.5388.177 Safari/537.36
2024-11-11 19:14:42,293 - INFO - Found 27 headlines for 2019/oct/03
2024-11-11 19:14:43,211 - INFO - Using User-Agent: Mozilla/5.0 (Windows NT 10.0; Win64; x64) AppleWebKit/537.36 (KHTML, like Gecko) Firefox/89.0
2024-11-11 19:14:44,139 - INFO - Found 30 headlines for 2019/oct/04
2024-11-11 19:14:44,813 - INFO - Using User-Agent: Mozilla/5.0 (X11; Linux i686) AppleWebKit/537.36 (KHTML, like Gecko) Chrome/109.0.5388.177 Safari/537.36
2024-11-11 19:14:45,989 - INFO - Found 13 headlines for 2019/oct/05
2024-11-11 19:14:46,969 - INFO - Using User-Agent: Mozilla/5.0 (Macintosh; Intel Mac OS X 11_3) AppleWebKit/537.36 (KHTML, like Gecko) Chrome/109.0.5412.99 Safari/537.36
2024-11-11 19:14:47,788 - INFO - Found 18 headlines for 2019/oct/06
2024-11-11 19:14:47,942 - INFO - Using User-Agent: Mozilla/5.0 (Macintosh; Intel Mac OS X 10_15_7) AppleWebKit/537.36 (KHTML, like Gecko) Chrome/108.0.0.0 Safari/537.36
2024-11-11 19:14:48,784 - INFO - Found 26 headlines for 2019/oct/07
2024-11-11 19:14:49,252 - INFO - Using User-Agent: Mozilla/5.0 (Macintosh; Intel Mac OS X 10_10) AppleWebKit/537.36 (KHTML, like Gecko) Chrome/108.0.5361.172 Safari/537.36
2024-11-11 19:14:50,058 - INFO - Found 30 headlines for 2019/oct/08
2024-11-11 19:14:50,103 - INFO - Using User-Agent: Mozilla/5.0 (Macintosh; Intel Mac OS X 10_10) AppleWebKit/537.36 (KHTML, like Gecko) Chrome/108.0.5361.172 Safari/537.36
2024-11-11 19:14:50,889 - INFO - Found 19 headlines for 2019/oct/09
2024-11-11 19:14:51,541 - INFO - Using User-Agent: Mozilla/5.0 (Macintosh; Intel Mac OS X 11_3) AppleWebKit/537.36 (KHTML, like Gecko) Chrome/109.0.5412.99 Safari/537.36
2024-11-11 19:14:52,332 - INFO - Found 37 headlines for 2019/oct/10
2024-11-11 19:14:52,610 - INFO - Using User-Agent: Mozilla/5.0 (Macintosh; Intel Mac OS X 11_14) AppleWebKit/537.36 (KHTML, like Gecko) Chrome/109.0.5397.215 Safari/537.36
2024-11-11 19:14:53,634 - INFO - Found 40 headlines for 2019/oct/11
2024-11-11 19:14:54,383 - INFO - Using User-Agent: Mozilla/5.0 (Macintosh; Intel Mac OS X 10_10) AppleWebKit/537.36 (KHTML, like Gecko) Chrome/108.0.5361.172 Safari/537.36
2024-11-11 19:14:55,321 - INFO - Found 18 headlines for 2019/oct/12
2024-11-11 19:14:55,872 - INFO - Using User-Agent: Mozilla/5.0 (Macintosh; Intel Mac OS X 11_14) AppleWebKit/537.36 (KHTML, like Gecko) Chrome/109.0.5397.215 Safari/537.36
2024-11-11 19:14:56,811 - INFO - Found 27 headlines for 2019/oct/13
2024-11-11 19:14:57,402 - INFO - Using User-Agent: Mozilla/5.0 (Macintosh; Intel Mac OS X 11_3) AppleWebKit/537.36 (KHTML, like Gecko) Chrome/109.0.5412.99 Safari/537.36
2024-11-11 19:14:58,391 - INFO - Found 39 headlines for 2019/oct/14
2024-11-11 19:14:58,953 - INFO - Using User-Agent: Mozilla/5.0 (Windows NT 10.0; Win64; x64) AppleWebKit/537.36 (KHTML, like Gecko) Chrome/91.0.4472.124 Safari/537.36
2024-11-11 19:14:59,920 - INFO - Found 31 headlines for 2019/oct/15
2024-11-11 19:15:00,825 - INFO - Using User-Agent: Mozilla/5.0 (Macintosh; Intel Mac OS X 10_15_7) AppleWebKit/605.1.15 (KHTML, like Gecko) Version/14.0.3 Safari/605.1.15
2024-11-11 19:15:01,706 - INFO - Found 30 headlines for 2019/oct/16
2024-11-11 19:15:02,421 - INFO - Using User-Agent: Mozilla/5.0 (Macintosh; Intel Mac OS X 11_3) AppleWebKit/537.36 (KHTML, like Gecko) Chrome/109.0.5412.99 Safari/537.36
2024-11-11 19:15:03,447 - INFO - Found 31 headlines for 2019/oct/17
2024-11-11 19:15:04,140 - INFO - Using User-Agent: Mozilla/5.0 (Macintosh; Intel Mac OS X 11_3) AppleWebKit/537.36 (KHTML, like Gecko) Chrome/109.0.5412.99 Safari/537.36
2024-11-11 19:15:05,096 - INFO - Found 38 headlines for 2019/oct/18
2024-11-11 19:15:05,194 - INFO - Using User-Agent: Mozilla/5.0 (Macintosh; Intel Mac OS X 11_14) AppleWebKit/537.36 (KHTML, like Gecko) Chrome/109.0.5397.215 Safari/537.36
2024-11-11 19:15:05,998 - INFO - Found 17 headlines for 2019/oct/19
2024-11-11 19:15:06,405 - INFO - Using User-Agent: Mozilla/5.0 (Windows NT 10.0; Win64; x64) AppleWebKit/537.36 (KHTML, like Gecko) Firefox/89.0
2024-11-11 19:15:07,304 - INFO - Found 22 headlines for 2019/oct/20
2024-11-11 19:15:07,416 - INFO - Using User-Agent: Mozilla/5.0 (Macintosh; Intel Mac OS X 11_3) AppleWebKit/537.36 (KHTML, like Gecko) Chrome/109.0.5412.99 Safari/537.36
2024-11-11 19:15:08,371 - INFO - Found 26 headlines for 2019/oct/21
2024-11-11 19:15:08,652 - INFO - Using User-Agent: Mozilla/5.0 (Windows NT 10.0; Win64; x64) AppleWebKit/537.36 (KHTML, like Gecko) Chrome/91.0.4472.124 Safari/537.36
2024-11-11 19:15:09,529 - INFO - Found 36 headlines for 2019/oct/22
2024-11-11 19:15:10,245 - INFO - Using User-Agent: Mozilla/5.0 (Macintosh; Intel Mac OS X 11_3) AppleWebKit/537.36 (KHTML, like Gecko) Chrome/109.0.5412.99 Safari/537.36
2024-11-11 19:15:11,178 - INFO - Found 24 headlines for 2019/oct/23
2024-11-11 19:15:11,898 - INFO - Using User-Agent: Mozilla/5.0 (Macintosh; Intel Mac OS X 11_3) AppleWebKit/537.36 (KHTML, like Gecko) Chrome/109.0.5412.99 Safari/537.36
2024-11-11 19:15:12,800 - INFO - Found 25 headlines for 2019/oct/24
2024-11-11 19:15:12,818 - INFO - Using User-Agent: Mozilla/5.0 (X11; Linux i686) AppleWebKit/537.36 (KHTML, like Gecko) Chrome/109.0.5388.177 Safari/537.36
2024-11-11 19:15:13,904 - INFO - Found 34 headlines for 2019/oct/25
2024-11-11 19:15:14,697 - INFO - Using User-Agent: Mozilla/5.0 (Windows NT 10.0; Win64; x64) AppleWebKit/537.36 (KHTML, like Gecko) Chrome/91.0.4472.124 Safari/537.36
2024-11-11 19:15:15,721 - INFO - Found 20 headlines for 2019/oct/26
2024-11-11 19:15:16,570 - INFO - Using User-Agent: Mozilla/5.0 (Macintosh; Intel Mac OS X 11_3) AppleWebKit/537.36 (KHTML, like Gecko) Chrome/109.0.5412.99 Safari/537.36
2024-11-11 19:15:17,577 - INFO - Found 31 headlines for 2019/oct/27
2024-11-11 19:15:18,531 - INFO - Using User-Agent: Mozilla/5.0 (Macintosh; Intel Mac OS X 11_3) AppleWebKit/537.36 (KHTML, like Gecko) Chrome/109.0.5412.99 Safari/537.36
2024-11-11 19:15:19,580 - INFO - Found 30 headlines for 2019/oct/28
2024-11-11 19:15:20,502 - INFO - Using User-Agent: Mozilla/5.0 (Macintosh; Intel Mac OS X 10_10) AppleWebKit/537.36 (KHTML, like Gecko) Chrome/108.0.5361.172 Safari/537.36
2024-11-11 19:15:21,420 - INFO - Found 22 headlines for 2019/oct/29
2024-11-11 19:15:21,475 - INFO - Using User-Agent: Mozilla/5.0 (X11; Linux i686) AppleWebKit/537.36 (KHTML, like Gecko) Chrome/109.0.5388.177 Safari/537.36
2024-11-11 19:15:22,511 - INFO - Found 26 headlines for 2019/oct/30
2024-11-11 19:15:23,104 - INFO - Using User-Agent: Mozilla/5.0 (Macintosh; Intel Mac OS X 10_15_7) AppleWebKit/537.36 (KHTML, like Gecko) Chrome/108.0.0.0 Safari/537.36
2024-11-11 19:15:24,091 - INFO - Found 31 headlines for 2019/oct/31
2024-11-11 19:15:24,342 - INFO - Using User-Agent: Mozilla/5.0 (Windows NT 10.0; Win64; x64) AppleWebKit/537.36 (KHTML, like Gecko) Chrome/91.0.4472.124 Safari/537.36
2024-11-11 19:15:25,292 - INFO - Found 24 headlines for 2019/nov/01
2024-11-11 19:15:25,842 - INFO - Using User-Agent: Mozilla/5.0 (Macintosh; Intel Mac OS X 10_15_7) AppleWebKit/605.1.15 (KHTML, like Gecko) Version/14.0.3 Safari/605.1.15
2024-11-11 19:15:26,780 - INFO - Found 15 headlines for 2019/nov/02
2024-11-11 19:15:26,790 - INFO - Using User-Agent: Mozilla/5.0 (Macintosh; Intel Mac OS X 10_10) AppleWebKit/537.36 (KHTML, like Gecko) Chrome/108.0.5361.172 Safari/537.36
2024-11-11 19:15:27,722 - INFO - Found 14 headlines for 2019/nov/03
2024-11-11 19:15:28,649 - INFO - Using User-Agent: Mozilla/5.0 (Windows NT 10.0; Win64; x64) AppleWebKit/537.36 (KHTML, like Gecko) Firefox/89.0
2024-11-11 19:15:29,525 - INFO - Found 38 headlines for 2019/nov/04
2024-11-11 19:15:29,982 - INFO - Using User-Agent: Mozilla/5.0 (Macintosh; Intel Mac OS X 10_10) AppleWebKit/537.36 (KHTML, like Gecko) Chrome/108.0.5361.172 Safari/537.36
2024-11-11 19:15:30,774 - INFO - Found 31 headlines for 2019/nov/05
2024-11-11 19:15:31,049 - INFO - Using User-Agent: Mozilla/5.0 (Macintosh; Intel Mac OS X 11_3) AppleWebKit/537.36 (KHTML, like Gecko) Chrome/109.0.5412.99 Safari/537.36
2024-11-11 19:15:31,837 - INFO - Found 34 headlines for 2019/nov/06
2024-11-11 19:15:31,987 - INFO - Using User-Agent: Mozilla/5.0 (Windows NT 10.0; Win64; x64) AppleWebKit/537.36 (KHTML, like Gecko) Firefox/89.0
2024-11-11 19:15:32,919 - INFO - Found 39 headlines for 2019/nov/07
2024-11-11 19:15:33,171 - INFO - Using User-Agent: Mozilla/5.0 (Macintosh; Intel Mac OS X 11_14) AppleWebKit/537.36 (KHTML, like Gecko) Chrome/109.0.5397.215 Safari/537.36
2024-11-11 19:15:34,102 - INFO - Found 32 headlines for 2019/nov/08
2024-11-11 19:15:34,203 - INFO - Using User-Agent: Mozilla/5.0 (X11; Linux i686) AppleWebKit/537.36 (KHTML, like Gecko) Chrome/109.0.5388.177 Safari/537.36
2024-11-11 19:15:35,177 - INFO - Found 11 headlines for 2019/nov/09
2024-11-11 19:15:35,550 - INFO - Using User-Agent: Mozilla/5.0 (Macintosh; Intel Mac OS X 11_14) AppleWebKit/537.36 (KHTML, like Gecko) Chrome/109.0.5397.215 Safari/537.36
2024-11-11 19:15:36,351 - INFO - Found 22 headlines for 2019/nov/10
2024-11-11 19:15:37,095 - INFO - Using User-Agent: Mozilla/5.0 (Macintosh; Intel Mac OS X 10_15_7) AppleWebKit/537.36 (KHTML, like Gecko) Chrome/108.0.0.0 Safari/537.36
2024-11-11 19:15:38,022 - INFO - Found 25 headlines for 2019/nov/11
2024-11-11 19:15:38,210 - INFO - Using User-Agent: Mozilla/5.0 (X11; Linux i686) AppleWebKit/537.36 (KHTML, like Gecko) Chrome/109.0.5388.177 Safari/537.36
2024-11-11 19:15:39,284 - INFO - Found 31 headlines for 2019/nov/12
2024-11-11 19:15:40,271 - INFO - Using User-Agent: Mozilla/5.0 (Windows NT 10.0; Win64; x64) AppleWebKit/537.36 (KHTML, like Gecko) Firefox/89.0
2024-11-11 19:15:41,282 - INFO - Found 30 headlines for 2019/nov/13
2024-11-11 19:15:41,341 - INFO - Using User-Agent: Mozilla/5.0 (X11; Linux i686) AppleWebKit/537.36 (KHTML, like Gecko) Chrome/109.0.5388.177 Safari/537.36
2024-11-11 19:15:42,416 - INFO - Found 35 headlines for 2019/nov/14
2024-11-11 19:15:43,401 - INFO - Using User-Agent: Mozilla/5.0 (Macintosh; Intel Mac OS X 10_15_7) AppleWebKit/537.36 (KHTML, like Gecko) Chrome/108.0.0.0 Safari/537.36
2024-11-11 19:15:44,353 - INFO - Found 31 headlines for 2019/nov/15
2024-11-11 19:15:44,637 - INFO - Using User-Agent: Mozilla/5.0 (Macintosh; Intel Mac OS X 10_15_7) AppleWebKit/537.36 (KHTML, like Gecko) Chrome/108.0.0.0 Safari/537.36
2024-11-11 19:15:45,625 - INFO - Found 14 headlines for 2019/nov/16
2024-11-11 19:15:46,177 - INFO - Using User-Agent: Mozilla/5.0 (Macintosh; Intel Mac OS X 11_14) AppleWebKit/537.36 (KHTML, like Gecko) Chrome/109.0.5397.215 Safari/537.36
2024-11-11 19:15:47,014 - INFO - Found 18 headlines for 2019/nov/17
2024-11-11 19:15:47,438 - INFO - Using User-Agent: Mozilla/5.0 (Macintosh; Intel Mac OS X 11_3) AppleWebKit/537.36 (KHTML, like Gecko) Chrome/109.0.5412.99 Safari/537.36
2024-11-11 19:15:48,495 - INFO - Found 39 headlines for 2019/nov/18
2024-11-11 19:15:49,438 - INFO - Using User-Agent: Mozilla/5.0 (Macintosh; Intel Mac OS X 11_14) AppleWebKit/537.36 (KHTML, like Gecko) Chrome/109.0.5397.215 Safari/537.36
2024-11-11 19:15:50,321 - INFO - Found 29 headlines for 2019/nov/19
2024-11-11 19:15:50,546 - INFO - Using User-Agent: Mozilla/5.0 (Macintosh; Intel Mac OS X 10_15_7) AppleWebKit/537.36 (KHTML, like Gecko) Chrome/108.0.0.0 Safari/537.36
2024-11-11 19:15:51,634 - INFO - Found 34 headlines for 2019/nov/20
2024-11-11 19:15:52,347 - INFO - Using User-Agent: Mozilla/5.0 (Macintosh; Intel Mac OS X 10_15_7) AppleWebKit/605.1.15 (KHTML, like Gecko) Version/14.0.3 Safari/605.1.15
2024-11-11 19:15:54,033 - INFO - Found 28 headlines for 2019/nov/21
2024-11-11 19:15:54,348 - INFO - Using User-Agent: Mozilla/5.0 (Macintosh; Intel Mac OS X 10_15_7) AppleWebKit/537.36 (KHTML, like Gecko) Chrome/108.0.0.0 Safari/537.36
2024-11-11 19:15:55,481 - INFO - Found 31 headlines for 2019/nov/22
2024-11-11 19:15:55,516 - INFO - Using User-Agent: Mozilla/5.0 (Windows NT 10.0; Win64; x64) AppleWebKit/537.36 (KHTML, like Gecko) Chrome/91.0.4472.124 Safari/537.36
2024-11-11 19:15:56,444 - INFO - Found 12 headlines for 2019/nov/23
2024-11-11 19:15:56,725 - INFO - Using User-Agent: Mozilla/5.0 (X11; Linux i686) AppleWebKit/537.36 (KHTML, like Gecko) Chrome/109.0.5388.177 Safari/537.36
2024-11-11 19:15:57,717 - INFO - Found 23 headlines for 2019/nov/24
2024-11-11 19:15:58,615 - INFO - Using User-Agent: Mozilla/5.0 (Windows NT 10.0; Win64; x64) AppleWebKit/537.36 (KHTML, like Gecko) Chrome/91.0.4472.124 Safari/537.36
2024-11-11 19:16:01,257 - INFO - Found 32 headlines for 2019/nov/25
2024-11-11 19:16:01,390 - INFO - Using User-Agent: Mozilla/5.0 (Macintosh; Intel Mac OS X 11_3) AppleWebKit/537.36 (KHTML, like Gecko) Chrome/109.0.5412.99 Safari/537.36
2024-11-11 19:16:02,407 - INFO - Found 36 headlines for 2019/nov/26
2024-11-11 19:16:02,490 - INFO - Using User-Agent: Mozilla/5.0 (Windows NT 10.0; Win64; x64) AppleWebKit/537.36 (KHTML, like Gecko) Chrome/91.0.4472.124 Safari/537.36
2024-11-11 19:16:03,487 - INFO - Found 23 headlines for 2019/nov/27
2024-11-11 19:16:03,559 - INFO - Using User-Agent: Mozilla/5.0 (Macintosh; Intel Mac OS X 10_15_7) AppleWebKit/605.1.15 (KHTML, like Gecko) Version/14.0.3 Safari/605.1.15
2024-11-11 19:16:04,563 - INFO - Found 33 headlines for 2019/nov/28
2024-11-11 19:16:04,650 - INFO - Using User-Agent: Mozilla/5.0 (Macintosh; Intel Mac OS X 11_14) AppleWebKit/537.36 (KHTML, like Gecko) Chrome/109.0.5397.215 Safari/537.36
2024-11-11 19:16:05,686 - INFO - Found 28 headlines for 2019/nov/29
2024-11-11 19:16:05,996 - INFO - Using User-Agent: Mozilla/5.0 (Macintosh; Intel Mac OS X 10_10) AppleWebKit/537.36 (KHTML, like Gecko) Chrome/108.0.5361.172 Safari/537.36
2024-11-11 19:16:06,843 - INFO - Found 16 headlines for 2019/nov/30
2024-11-11 19:16:07,205 - INFO - Using User-Agent: Mozilla/5.0 (Macintosh; Intel Mac OS X 10_15_7) AppleWebKit/605.1.15 (KHTML, like Gecko) Version/14.0.3 Safari/605.1.15
2024-11-11 19:16:08,081 - INFO - Found 22 headlines for 2019/dec/01
2024-11-11 19:16:08,151 - INFO - Using User-Agent: Mozilla/5.0 (Macintosh; Intel Mac OS X 10_15_7) AppleWebKit/605.1.15 (KHTML, like Gecko) Version/14.0.3 Safari/605.1.15
2024-11-11 19:16:09,134 - INFO - Found 19 headlines for 2019/dec/02
2024-11-11 19:16:09,182 - INFO - Using User-Agent: Mozilla/5.0 (Macintosh; Intel Mac OS X 10_15_7) AppleWebKit/537.36 (KHTML, like Gecko) Chrome/108.0.0.0 Safari/537.36
2024-11-11 19:16:10,258 - INFO - Found 27 headlines for 2019/dec/03
2024-11-11 19:16:10,663 - INFO - Using User-Agent: Mozilla/5.0 (Macintosh; Intel Mac OS X 11_3) AppleWebKit/537.36 (KHTML, like Gecko) Chrome/109.0.5412.99 Safari/537.36
2024-11-11 19:16:11,557 - INFO - Found 22 headlines for 2019/dec/04
2024-11-11 19:16:11,880 - INFO - Using User-Agent: Mozilla/5.0 (Macintosh; Intel Mac OS X 11_3) AppleWebKit/537.36 (KHTML, like Gecko) Chrome/109.0.5412.99 Safari/537.36
2024-11-11 19:16:12,685 - INFO - Found 25 headlines for 2019/dec/05
2024-11-11 19:16:13,180 - INFO - Using User-Agent: Mozilla/5.0 (Windows NT 10.0; Win64; x64) AppleWebKit/537.36 (KHTML, like Gecko) Firefox/89.0
2024-11-11 19:16:14,071 - INFO - Found 26 headlines for 2019/dec/06
2024-11-11 19:16:14,297 - INFO - Using User-Agent: Mozilla/5.0 (Macintosh; Intel Mac OS X 10_15_7) AppleWebKit/537.36 (KHTML, like Gecko) Chrome/108.0.0.0 Safari/537.36
2024-11-11 19:16:15,108 - INFO - Found 19 headlines for 2019/dec/07
2024-11-11 19:16:15,785 - INFO - Using User-Agent: Mozilla/5.0 (Macintosh; Intel Mac OS X 10_15_7) AppleWebKit/537.36 (KHTML, like Gecko) Chrome/108.0.0.0 Safari/537.36
2024-11-11 19:16:16,583 - INFO - Found 19 headlines for 2019/dec/08
2024-11-11 19:16:17,553 - INFO - Using User-Agent: Mozilla/5.0 (Macintosh; Intel Mac OS X 11_14) AppleWebKit/537.36 (KHTML, like Gecko) Chrome/109.0.5397.215 Safari/537.36
2024-11-11 19:16:18,647 - INFO - Found 30 headlines for 2019/dec/09
2024-11-11 19:16:19,080 - INFO - Using User-Agent: Mozilla/5.0 (Macintosh; Intel Mac OS X 11_14) AppleWebKit/537.36 (KHTML, like Gecko) Chrome/109.0.5397.215 Safari/537.36
2024-11-11 19:16:19,992 - INFO - Found 33 headlines for 2019/dec/10
2024-11-11 19:16:20,297 - INFO - Using User-Agent: Mozilla/5.0 (Macintosh; Intel Mac OS X 11_3) AppleWebKit/537.36 (KHTML, like Gecko) Chrome/109.0.5412.99 Safari/537.36
2024-11-11 19:16:21,229 - INFO - Found 44 headlines for 2019/dec/11
2024-11-11 19:16:21,319 - INFO - Using User-Agent: Mozilla/5.0 (Macintosh; Intel Mac OS X 10_15_7) AppleWebKit/605.1.15 (KHTML, like Gecko) Version/14.0.3 Safari/605.1.15
2024-11-11 19:16:22,076 - INFO - Found 32 headlines for 2019/dec/12
2024-11-11 19:16:22,844 - INFO - Using User-Agent: Mozilla/5.0 (X11; Linux i686) AppleWebKit/537.36 (KHTML, like Gecko) Chrome/109.0.5388.177 Safari/537.36
2024-11-11 19:16:23,872 - INFO - Found 24 headlines for 2019/dec/13
2024-11-11 19:16:24,140 - INFO - Using User-Agent: Mozilla/5.0 (Windows NT 10.0; Win64; x64) AppleWebKit/537.36 (KHTML, like Gecko) Chrome/91.0.4472.124 Safari/537.36
2024-11-11 19:16:25,001 - INFO - Found 14 headlines for 2019/dec/14
2024-11-11 19:16:25,615 - INFO - Using User-Agent: Mozilla/5.0 (X11; Linux i686) AppleWebKit/537.36 (KHTML, like Gecko) Chrome/109.0.5388.177 Safari/537.36
2024-11-11 19:16:26,364 - INFO - Found 12 headlines for 2019/dec/15
2024-11-11 19:16:26,654 - INFO - Using User-Agent: Mozilla/5.0 (Windows NT 10.0; Win64; x64) AppleWebKit/537.36 (KHTML, like Gecko) Firefox/89.0
2024-11-11 19:16:27,575 - INFO - Found 25 headlines for 2019/dec/16
2024-11-11 19:16:28,470 - INFO - Using User-Agent: Mozilla/5.0 (Macintosh; Intel Mac OS X 10_10) AppleWebKit/537.36 (KHTML, like Gecko) Chrome/108.0.5361.172 Safari/537.36
2024-11-11 19:16:29,780 - INFO - Found 29 headlines for 2019/dec/17
2024-11-11 19:16:30,408 - INFO - Using User-Agent: Mozilla/5.0 (Macintosh; Intel Mac OS X 11_3) AppleWebKit/537.36 (KHTML, like Gecko) Chrome/109.0.5412.99 Safari/537.36
2024-11-11 19:16:31,244 - INFO - Found 22 headlines for 2019/dec/18
2024-11-11 19:16:31,949 - INFO - Using User-Agent: Mozilla/5.0 (Macintosh; Intel Mac OS X 10_15_7) AppleWebKit/605.1.15 (KHTML, like Gecko) Version/14.0.3 Safari/605.1.15
2024-11-11 19:16:32,988 - INFO - Found 30 headlines for 2019/dec/19
2024-11-11 19:16:33,457 - INFO - Using User-Agent: Mozilla/5.0 (X11; Linux i686) AppleWebKit/537.36 (KHTML, like Gecko) Chrome/109.0.5388.177 Safari/537.36
2024-11-11 19:16:34,211 - INFO - Found 21 headlines for 2019/dec/20
2024-11-11 19:16:34,757 - INFO - Using User-Agent: Mozilla/5.0 (X11; Linux i686) AppleWebKit/537.36 (KHTML, like Gecko) Chrome/109.0.5388.177 Safari/537.36
2024-11-11 19:16:35,493 - INFO - Found 22 headlines for 2019/dec/21
2024-11-11 19:16:36,393 - INFO - Using User-Agent: Mozilla/5.0 (Windows NT 10.0; Win64; x64) AppleWebKit/537.36 (KHTML, like Gecko) Firefox/89.0
2024-11-11 19:16:37,185 - INFO - Found 20 headlines for 2019/dec/22
2024-11-11 19:16:37,188 - INFO - Using User-Agent: Mozilla/5.0 (Windows NT 10.0; Win64; x64) AppleWebKit/537.36 (KHTML, like Gecko) Firefox/89.0
2024-11-11 19:16:38,230 - INFO - Found 21 headlines for 2019/dec/23
2024-11-11 19:16:38,624 - INFO - Using User-Agent: Mozilla/5.0 (Macintosh; Intel Mac OS X 10_10) AppleWebKit/537.36 (KHTML, like Gecko) Chrome/108.0.5361.172 Safari/537.36
2024-11-11 19:16:39,411 - INFO - Found 21 headlines for 2019/dec/24
2024-11-11 19:16:39,820 - INFO - Using User-Agent: Mozilla/5.0 (Windows NT 10.0; Win64; x64) AppleWebKit/537.36 (KHTML, like Gecko) Firefox/89.0
2024-11-11 19:16:40,659 - INFO - Found 13 headlines for 2019/dec/25
2024-11-11 19:16:41,217 - INFO - Using User-Agent: Mozilla/5.0 (Macintosh; Intel Mac OS X 11_14) AppleWebKit/537.36 (KHTML, like Gecko) Chrome/109.0.5397.215 Safari/537.36
2024-11-11 19:16:41,970 - INFO - Found 13 headlines for 2019/dec/26
2024-11-11 19:16:42,488 - INFO - Using User-Agent: Mozilla/5.0 (Windows NT 10.0; Win64; x64) AppleWebKit/537.36 (KHTML, like Gecko) Firefox/89.0
2024-11-11 19:16:43,480 - INFO - Found 30 headlines for 2019/dec/27
2024-11-11 19:16:43,940 - INFO - Using User-Agent: Mozilla/5.0 (Macintosh; Intel Mac OS X 11_14) AppleWebKit/537.36 (KHTML, like Gecko) Chrome/109.0.5397.215 Safari/537.36
2024-11-11 19:16:45,015 - INFO - Found 21 headlines for 2019/dec/28
2024-11-11 19:16:45,806 - INFO - Using User-Agent: Mozilla/5.0 (Macintosh; Intel Mac OS X 10_10) AppleWebKit/537.36 (KHTML, like Gecko) Chrome/108.0.5361.172 Safari/537.36
2024-11-11 19:16:46,572 - INFO - Found 18 headlines for 2019/dec/29
2024-11-11 19:16:46,928 - INFO - Using User-Agent: Mozilla/5.0 (Macintosh; Intel Mac OS X 10_15_7) AppleWebKit/537.36 (KHTML, like Gecko) Chrome/108.0.0.0 Safari/537.36
2024-11-11 19:16:47,868 - INFO - Found 23 headlines for 2019/dec/30
2024-11-11 19:16:48,721 - INFO - Using User-Agent: Mozilla/5.0 (Macintosh; Intel Mac OS X 10_15_7) AppleWebKit/537.36 (KHTML, like Gecko) Chrome/108.0.0.0 Safari/537.36
2024-11-11 19:16:49,605 - INFO - Found 25 headlines for 2019/dec/31
2024-11-11 19:16:49,866 - INFO - Using User-Agent: Mozilla/5.0 (Macintosh; Intel Mac OS X 11_14) AppleWebKit/537.36 (KHTML, like Gecko) Chrome/109.0.5397.215 Safari/537.36
2024-11-11 19:16:50,915 - INFO - Found 23 headlines for 2020/jan/01
2024-11-11 19:16:51,521 - INFO - Using User-Agent: Mozilla/5.0 (Windows NT 10.0; Win64; x64) AppleWebKit/537.36 (KHTML, like Gecko) Firefox/89.0
2024-11-11 19:16:52,573 - INFO - Found 21 headlines for 2020/jan/02
2024-11-11 19:16:53,004 - INFO - Using User-Agent: Mozilla/5.0 (Macintosh; Intel Mac OS X 11_3) AppleWebKit/537.36 (KHTML, like Gecko) Chrome/109.0.5412.99 Safari/537.36
2024-11-11 19:16:53,986 - INFO - Found 25 headlines for 2020/jan/03
2024-11-11 19:16:54,333 - INFO - Using User-Agent: Mozilla/5.0 (X11; Linux i686) AppleWebKit/537.36 (KHTML, like Gecko) Chrome/109.0.5388.177 Safari/537.36
2024-11-11 19:16:55,458 - INFO - Found 24 headlines for 2020/jan/04
2024-11-11 19:16:55,924 - INFO - Using User-Agent: Mozilla/5.0 (Macintosh; Intel Mac OS X 10_15_7) AppleWebKit/537.36 (KHTML, like Gecko) Chrome/108.0.0.0 Safari/537.36
2024-11-11 19:16:56,837 - INFO - Found 38 headlines for 2020/jan/05
2024-11-11 19:16:57,487 - INFO - Using User-Agent: Mozilla/5.0 (Windows NT 10.0; Win64; x64) AppleWebKit/537.36 (KHTML, like Gecko) Firefox/89.0
2024-11-11 19:16:58,501 - INFO - Found 28 headlines for 2020/jan/06
2024-11-11 19:16:58,776 - INFO - Using User-Agent: Mozilla/5.0 (Macintosh; Intel Mac OS X 11_14) AppleWebKit/537.36 (KHTML, like Gecko) Chrome/109.0.5397.215 Safari/537.36
2024-11-11 19:16:59,689 - INFO - Found 34 headlines for 2020/jan/07
2024-11-11 19:17:00,460 - INFO - Using User-Agent: Mozilla/5.0 (Macintosh; Intel Mac OS X 10_15_7) AppleWebKit/537.36 (KHTML, like Gecko) Chrome/108.0.0.0 Safari/537.36
2024-11-11 19:17:01,573 - INFO - Found 35 headlines for 2020/jan/08
2024-11-11 19:17:02,249 - INFO - Using User-Agent: Mozilla/5.0 (Macintosh; Intel Mac OS X 11_3) AppleWebKit/537.36 (KHTML, like Gecko) Chrome/109.0.5412.99 Safari/537.36
2024-11-11 19:17:03,188 - INFO - Found 31 headlines for 2020/jan/09
2024-11-11 19:17:03,195 - INFO - Using User-Agent: Mozilla/5.0 (Macintosh; Intel Mac OS X 10_15_7) AppleWebKit/605.1.15 (KHTML, like Gecko) Version/14.0.3 Safari/605.1.15
2024-11-11 19:17:04,200 - INFO - Found 25 headlines for 2020/jan/10
2024-11-11 19:17:04,526 - INFO - Using User-Agent: Mozilla/5.0 (Macintosh; Intel Mac OS X 10_15_7) AppleWebKit/537.36 (KHTML, like Gecko) Chrome/108.0.0.0 Safari/537.36
2024-11-11 19:17:05,397 - INFO - Found 19 headlines for 2020/jan/11
2024-11-11 19:17:05,688 - INFO - Using User-Agent: Mozilla/5.0 (Macintosh; Intel Mac OS X 10_15_7) AppleWebKit/605.1.15 (KHTML, like Gecko) Version/14.0.3 Safari/605.1.15
2024-11-11 19:17:06,671 - INFO - Found 27 headlines for 2020/jan/12
2024-11-11 19:17:07,179 - INFO - Using User-Agent: Mozilla/5.0 (Macintosh; Intel Mac OS X 10_15_7) AppleWebKit/605.1.15 (KHTML, like Gecko) Version/14.0.3 Safari/605.1.15
2024-11-11 19:17:08,063 - INFO - Found 33 headlines for 2020/jan/13
2024-11-11 19:17:08,608 - INFO - Using User-Agent: Mozilla/5.0 (Macintosh; Intel Mac OS X 10_15_7) AppleWebKit/537.36 (KHTML, like Gecko) Chrome/108.0.0.0 Safari/537.36
2024-11-11 19:17:09,526 - INFO - Found 32 headlines for 2020/jan/14
2024-11-11 19:17:10,394 - INFO - Using User-Agent: Mozilla/5.0 (Macintosh; Intel Mac OS X 11_14) AppleWebKit/537.36 (KHTML, like Gecko) Chrome/109.0.5397.215 Safari/537.36
2024-11-11 19:17:11,133 - INFO - Found 28 headlines for 2020/jan/15
2024-11-11 19:17:11,998 - INFO - Using User-Agent: Mozilla/5.0 (X11; Linux i686) AppleWebKit/537.36 (KHTML, like Gecko) Chrome/109.0.5388.177 Safari/537.36
2024-11-11 19:17:12,801 - INFO - Found 33 headlines for 2020/jan/16
2024-11-11 19:17:13,272 - INFO - Using User-Agent: Mozilla/5.0 (Macintosh; Intel Mac OS X 10_15_7) AppleWebKit/605.1.15 (KHTML, like Gecko) Version/14.0.3 Safari/605.1.15
2024-11-11 19:17:14,224 - INFO - Found 31 headlines for 2020/jan/17
2024-11-11 19:17:14,273 - INFO - Using User-Agent: Mozilla/5.0 (Macintosh; Intel Mac OS X 10_15_7) AppleWebKit/605.1.15 (KHTML, like Gecko) Version/14.0.3 Safari/605.1.15
2024-11-11 19:17:15,295 - INFO - Found 14 headlines for 2020/jan/18
2024-11-11 19:17:15,580 - INFO - Using User-Agent: Mozilla/5.0 (Macintosh; Intel Mac OS X 10_15_7) AppleWebKit/537.36 (KHTML, like Gecko) Chrome/108.0.0.0 Safari/537.36
2024-11-11 19:17:16,486 - INFO - Found 22 headlines for 2020/jan/19
2024-11-11 19:17:16,512 - INFO - Using User-Agent: Mozilla/5.0 (Macintosh; Intel Mac OS X 11_14) AppleWebKit/537.36 (KHTML, like Gecko) Chrome/109.0.5397.215 Safari/537.36
2024-11-11 19:17:17,297 - INFO - Found 23 headlines for 2020/jan/20
2024-11-11 19:17:18,147 - INFO - Using User-Agent: Mozilla/5.0 (Macintosh; Intel Mac OS X 10_15_7) AppleWebKit/605.1.15 (KHTML, like Gecko) Version/14.0.3 Safari/605.1.15
2024-11-11 19:17:18,928 - INFO - Found 29 headlines for 2020/jan/21
2024-11-11 19:17:19,679 - INFO - Using User-Agent: Mozilla/5.0 (Macintosh; Intel Mac OS X 11_3) AppleWebKit/537.36 (KHTML, like Gecko) Chrome/109.0.5412.99 Safari/537.36
2024-11-11 19:17:20,459 - INFO - Found 30 headlines for 2020/jan/22
2024-11-11 19:17:20,728 - INFO - Using User-Agent: Mozilla/5.0 (Windows NT 10.0; Win64; x64) AppleWebKit/537.36 (KHTML, like Gecko) Firefox/89.0
2024-11-11 19:17:21,611 - INFO - Found 46 headlines for 2020/jan/23
2024-11-11 19:17:21,967 - INFO - Using User-Agent: Mozilla/5.0 (Windows NT 10.0; Win64; x64) AppleWebKit/537.36 (KHTML, like Gecko) Firefox/89.0
2024-11-11 19:17:23,113 - INFO - Found 46 headlines for 2020/jan/24
2024-11-11 19:17:23,613 - INFO - Using User-Agent: Mozilla/5.0 (Macintosh; Intel Mac OS X 10_15_7) AppleWebKit/605.1.15 (KHTML, like Gecko) Version/14.0.3 Safari/605.1.15
2024-11-11 19:17:24,687 - INFO - Found 18 headlines for 2020/jan/25
2024-11-11 19:17:25,320 - INFO - Using User-Agent: Mozilla/5.0 (Macintosh; Intel Mac OS X 11_14) AppleWebKit/537.36 (KHTML, like Gecko) Chrome/109.0.5397.215 Safari/537.36
2024-11-11 19:17:26,539 - INFO - Found 23 headlines for 2020/jan/26
2024-11-11 19:17:26,558 - INFO - Using User-Agent: Mozilla/5.0 (Macintosh; Intel Mac OS X 10_15_7) AppleWebKit/537.36 (KHTML, like Gecko) Chrome/108.0.0.0 Safari/537.36
2024-11-11 19:17:27,625 - INFO - Found 38 headlines for 2020/jan/27
2024-11-11 19:17:27,857 - INFO - Using User-Agent: Mozilla/5.0 (Windows NT 10.0; Win64; x64) AppleWebKit/537.36 (KHTML, like Gecko) Chrome/91.0.4472.124 Safari/537.36
2024-11-11 19:17:29,091 - INFO - Found 45 headlines for 2020/jan/28
2024-11-11 19:17:29,804 - INFO - Using User-Agent: Mozilla/5.0 (Macintosh; Intel Mac OS X 11_14) AppleWebKit/537.36 (KHTML, like Gecko) Chrome/109.0.5397.215 Safari/537.36
2024-11-11 19:17:31,425 - INFO - Found 35 headlines for 2020/jan/29
2024-11-11 19:17:31,455 - INFO - Using User-Agent: Mozilla/5.0 (Macintosh; Intel Mac OS X 10_15_7) AppleWebKit/537.36 (KHTML, like Gecko) Chrome/108.0.0.0 Safari/537.36
2024-11-11 19:17:32,552 - INFO - Found 44 headlines for 2020/jan/30
2024-11-11 19:17:32,801 - INFO - Using User-Agent: Mozilla/5.0 (Macintosh; Intel Mac OS X 10_10) AppleWebKit/537.36 (KHTML, like Gecko) Chrome/108.0.5361.172 Safari/537.36
2024-11-11 19:17:33,729 - INFO - Found 37 headlines for 2020/jan/31
2024-11-11 19:17:34,429 - INFO - Using User-Agent: Mozilla/5.0 (Macintosh; Intel Mac OS X 11_3) AppleWebKit/537.36 (KHTML, like Gecko) Chrome/109.0.5412.99 Safari/537.36
2024-11-11 19:17:35,422 - INFO - Found 24 headlines for 2020/feb/01
2024-11-11 19:17:35,893 - INFO - Using User-Agent: Mozilla/5.0 (Macintosh; Intel Mac OS X 11_3) AppleWebKit/537.36 (KHTML, like Gecko) Chrome/109.0.5412.99 Safari/537.36
2024-11-11 19:17:37,213 - INFO - Found 24 headlines for 2020/feb/02
2024-11-11 19:17:37,290 - INFO - Using User-Agent: Mozilla/5.0 (X11; Linux i686) AppleWebKit/537.36 (KHTML, like Gecko) Chrome/109.0.5388.177 Safari/537.36
2024-11-11 19:17:38,185 - INFO - Found 36 headlines for 2020/feb/03
2024-11-11 19:17:38,231 - INFO - Using User-Agent: Mozilla/5.0 (Windows NT 10.0; Win64; x64) AppleWebKit/537.36 (KHTML, like Gecko) Chrome/91.0.4472.124 Safari/537.36
2024-11-11 19:17:39,260 - INFO - Found 42 headlines for 2020/feb/04
2024-11-11 19:17:39,955 - INFO - Using User-Agent: Mozilla/5.0 (Macintosh; Intel Mac OS X 11_3) AppleWebKit/537.36 (KHTML, like Gecko) Chrome/109.0.5412.99 Safari/537.36
2024-11-11 19:17:40,961 - INFO - Found 39 headlines for 2020/feb/05
2024-11-11 19:17:41,515 - INFO - Using User-Agent: Mozilla/5.0 (Macintosh; Intel Mac OS X 11_14) AppleWebKit/537.36 (KHTML, like Gecko) Chrome/109.0.5397.215 Safari/537.36
2024-11-11 19:17:42,565 - INFO - Found 39 headlines for 2020/feb/06
2024-11-11 19:17:43,244 - INFO - Using User-Agent: Mozilla/5.0 (Macintosh; Intel Mac OS X 11_14) AppleWebKit/537.36 (KHTML, like Gecko) Chrome/109.0.5397.215 Safari/537.36
2024-11-11 19:17:44,343 - INFO - Found 39 headlines for 2020/feb/07
2024-11-11 19:17:45,100 - INFO - Using User-Agent: Mozilla/5.0 (Windows NT 10.0; Win64; x64) AppleWebKit/537.36 (KHTML, like Gecko) Firefox/89.0
2024-11-11 19:17:45,963 - INFO - Found 21 headlines for 2020/feb/08
2024-11-11 19:17:46,717 - INFO - Using User-Agent: Mozilla/5.0 (X11; Linux i686) AppleWebKit/537.36 (KHTML, like Gecko) Chrome/109.0.5388.177 Safari/537.36
2024-11-11 19:17:47,616 - INFO - Found 23 headlines for 2020/feb/09
2024-11-11 19:17:47,828 - INFO - Using User-Agent: Mozilla/5.0 (Macintosh; Intel Mac OS X 10_15_7) AppleWebKit/605.1.15 (KHTML, like Gecko) Version/14.0.3 Safari/605.1.15
2024-11-11 19:17:48,770 - INFO - Found 38 headlines for 2020/feb/10
2024-11-11 19:17:48,952 - INFO - Using User-Agent: Mozilla/5.0 (Macintosh; Intel Mac OS X 10_15_7) AppleWebKit/605.1.15 (KHTML, like Gecko) Version/14.0.3 Safari/605.1.15
2024-11-11 19:17:49,799 - INFO - Found 44 headlines for 2020/feb/11
2024-11-11 19:17:50,442 - INFO - Using User-Agent: Mozilla/5.0 (Windows NT 10.0; Win64; x64) AppleWebKit/537.36 (KHTML, like Gecko) Chrome/91.0.4472.124 Safari/537.36
2024-11-11 19:17:51,569 - INFO - Found 35 headlines for 2020/feb/12
2024-11-11 19:17:51,848 - INFO - Using User-Agent: Mozilla/5.0 (Macintosh; Intel Mac OS X 10_10) AppleWebKit/537.36 (KHTML, like Gecko) Chrome/108.0.5361.172 Safari/537.36
2024-11-11 19:17:52,761 - INFO - Found 33 headlines for 2020/feb/13
2024-11-11 19:17:53,278 - INFO - Using User-Agent: Mozilla/5.0 (Macintosh; Intel Mac OS X 10_15_7) AppleWebKit/537.36 (KHTML, like Gecko) Chrome/108.0.0.0 Safari/537.36
2024-11-11 19:17:54,201 - INFO - Found 38 headlines for 2020/feb/14
2024-11-11 19:17:54,927 - INFO - Using User-Agent: Mozilla/5.0 (Macintosh; Intel Mac OS X 10_15_7) AppleWebKit/605.1.15 (KHTML, like Gecko) Version/14.0.3 Safari/605.1.15
2024-11-11 19:17:55,936 - INFO - Found 17 headlines for 2020/feb/15
2024-11-11 19:17:56,342 - INFO - Using User-Agent: Mozilla/5.0 (Macintosh; Intel Mac OS X 11_3) AppleWebKit/537.36 (KHTML, like Gecko) Chrome/109.0.5412.99 Safari/537.36
2024-11-11 19:17:57,319 - INFO - Found 29 headlines for 2020/feb/16
2024-11-11 19:17:57,465 - INFO - Using User-Agent: Mozilla/5.0 (Macintosh; Intel Mac OS X 11_14) AppleWebKit/537.36 (KHTML, like Gecko) Chrome/109.0.5397.215 Safari/537.36
2024-11-11 19:17:58,277 - INFO - Found 27 headlines for 2020/feb/17
2024-11-11 19:17:59,027 - INFO - Using User-Agent: Mozilla/5.0 (Macintosh; Intel Mac OS X 10_15_7) AppleWebKit/537.36 (KHTML, like Gecko) Chrome/108.0.0.0 Safari/537.36
2024-11-11 19:17:59,850 - INFO - Found 39 headlines for 2020/feb/18
2024-11-11 19:18:00,641 - INFO - Using User-Agent: Mozilla/5.0 (Windows NT 10.0; Win64; x64) AppleWebKit/537.36 (KHTML, like Gecko) Chrome/91.0.4472.124 Safari/537.36
2024-11-11 19:18:01,520 - INFO - Found 25 headlines for 2020/feb/19
2024-11-11 19:18:02,177 - INFO - Using User-Agent: Mozilla/5.0 (Macintosh; Intel Mac OS X 11_3) AppleWebKit/537.36 (KHTML, like Gecko) Chrome/109.0.5412.99 Safari/537.36
2024-11-11 19:18:03,113 - INFO - Found 37 headlines for 2020/feb/20
2024-11-11 19:18:03,607 - INFO - Using User-Agent: Mozilla/5.0 (Macintosh; Intel Mac OS X 11_14) AppleWebKit/537.36 (KHTML, like Gecko) Chrome/109.0.5397.215 Safari/537.36
2024-11-11 19:18:04,521 - INFO - Found 44 headlines for 2020/feb/21
2024-11-11 19:18:04,880 - INFO - Using User-Agent: Mozilla/5.0 (Windows NT 10.0; Win64; x64) AppleWebKit/537.36 (KHTML, like Gecko) Firefox/89.0
2024-11-11 19:18:05,869 - INFO - Found 24 headlines for 2020/feb/22
2024-11-11 19:18:06,347 - INFO - Using User-Agent: Mozilla/5.0 (Macintosh; Intel Mac OS X 10_10) AppleWebKit/537.36 (KHTML, like Gecko) Chrome/108.0.5361.172 Safari/537.36
2024-11-11 19:18:07,369 - INFO - Found 21 headlines for 2020/feb/23
2024-11-11 19:18:07,900 - INFO - Using User-Agent: Mozilla/5.0 (Macintosh; Intel Mac OS X 11_14) AppleWebKit/537.36 (KHTML, like Gecko) Chrome/109.0.5397.215 Safari/537.36
2024-11-11 19:18:08,997 - INFO - Found 45 headlines for 2020/feb/24
2024-11-11 19:18:09,022 - INFO - Using User-Agent: Mozilla/5.0 (Macintosh; Intel Mac OS X 10_10) AppleWebKit/537.36 (KHTML, like Gecko) Chrome/108.0.5361.172 Safari/537.36
2024-11-11 19:18:10,340 - INFO - Found 46 headlines for 2020/feb/25
2024-11-11 19:18:10,765 - INFO - Using User-Agent: Mozilla/5.0 (X11; Linux i686) AppleWebKit/537.36 (KHTML, like Gecko) Chrome/109.0.5388.177 Safari/537.36
2024-11-11 19:18:12,523 - INFO - Found 37 headlines for 2020/feb/26
2024-11-11 19:18:12,613 - INFO - Using User-Agent: Mozilla/5.0 (Windows NT 10.0; Win64; x64) AppleWebKit/537.36 (KHTML, like Gecko) Chrome/91.0.4472.124 Safari/537.36
2024-11-11 19:18:13,633 - INFO - Found 46 headlines for 2020/feb/27
2024-11-11 19:18:14,072 - INFO - Using User-Agent: Mozilla/5.0 (Windows NT 10.0; Win64; x64) AppleWebKit/537.36 (KHTML, like Gecko) Firefox/89.0
2024-11-11 19:18:14,948 - INFO - Found 45 headlines for 2020/feb/28
2024-11-11 19:18:15,460 - INFO - Using User-Agent: Mozilla/5.0 (Macintosh; Intel Mac OS X 11_14) AppleWebKit/537.36 (KHTML, like Gecko) Chrome/109.0.5397.215 Safari/537.36
2024-11-11 19:18:16,637 - INFO - Found 24 headlines for 2020/feb/29
2024-11-11 19:18:17,581 - INFO - Using User-Agent: Mozilla/5.0 (Macintosh; Intel Mac OS X 11_14) AppleWebKit/537.36 (KHTML, like Gecko) Chrome/109.0.5397.215 Safari/537.36
2024-11-11 19:18:18,610 - INFO - Found 37 headlines for 2020/mar/01
2024-11-11 19:18:18,840 - INFO - Using User-Agent: Mozilla/5.0 (Windows NT 10.0; Win64; x64) AppleWebKit/537.36 (KHTML, like Gecko) Chrome/91.0.4472.124 Safari/537.36
2024-11-11 19:18:19,856 - INFO - Found 46 headlines for 2020/mar/02
2024-11-11 19:18:19,929 - INFO - Using User-Agent: Mozilla/5.0 (Windows NT 10.0; Win64; x64) AppleWebKit/537.36 (KHTML, like Gecko) Chrome/91.0.4472.124 Safari/537.36
2024-11-11 19:18:21,136 - INFO - Found 46 headlines for 2020/mar/03
2024-11-11 19:18:21,675 - INFO - Using User-Agent: Mozilla/5.0 (Windows NT 10.0; Win64; x64) AppleWebKit/537.36 (KHTML, like Gecko) Chrome/91.0.4472.124 Safari/537.36
2024-11-11 19:18:22,654 - INFO - Found 46 headlines for 2020/mar/04
2024-11-11 19:18:22,799 - INFO - Using User-Agent: Mozilla/5.0 (Macintosh; Intel Mac OS X 11_14) AppleWebKit/537.36 (KHTML, like Gecko) Chrome/109.0.5397.215 Safari/537.36
2024-11-11 19:18:23,769 - INFO - Found 46 headlines for 2020/mar/05
2024-11-11 19:18:24,608 - INFO - Using User-Agent: Mozilla/5.0 (Macintosh; Intel Mac OS X 10_15_7) AppleWebKit/605.1.15 (KHTML, like Gecko) Version/14.0.3 Safari/605.1.15
2024-11-11 19:18:25,926 - INFO - Found 46 headlines for 2020/mar/06
2024-11-11 19:18:26,215 - INFO - Using User-Agent: Mozilla/5.0 (X11; Linux i686) AppleWebKit/537.36 (KHTML, like Gecko) Chrome/109.0.5388.177 Safari/537.36
2024-11-11 19:18:27,423 - INFO - Found 38 headlines for 2020/mar/07
2024-11-11 19:18:28,393 - INFO - Using User-Agent: Mozilla/5.0 (X11; Linux i686) AppleWebKit/537.36 (KHTML, like Gecko) Chrome/109.0.5388.177 Safari/537.36
2024-11-11 19:18:29,537 - INFO - Found 44 headlines for 2020/mar/08
2024-11-11 19:18:30,404 - INFO - Using User-Agent: Mozilla/5.0 (Macintosh; Intel Mac OS X 11_3) AppleWebKit/537.36 (KHTML, like Gecko) Chrome/109.0.5412.99 Safari/537.36
2024-11-11 19:18:31,673 - INFO - Found 46 headlines for 2020/mar/09
2024-11-11 19:18:31,792 - INFO - Using User-Agent: Mozilla/5.0 (Macintosh; Intel Mac OS X 11_3) AppleWebKit/537.36 (KHTML, like Gecko) Chrome/109.0.5412.99 Safari/537.36
2024-11-11 19:18:32,777 - INFO - Found 46 headlines for 2020/mar/10
2024-11-11 19:18:33,530 - INFO - Using User-Agent: Mozilla/5.0 (Macintosh; Intel Mac OS X 11_14) AppleWebKit/537.36 (KHTML, like Gecko) Chrome/109.0.5397.215 Safari/537.36
2024-11-11 19:18:34,603 - INFO - Found 46 headlines for 2020/mar/11
2024-11-11 19:18:35,109 - INFO - Using User-Agent: Mozilla/5.0 (Windows NT 10.0; Win64; x64) AppleWebKit/537.36 (KHTML, like Gecko) Firefox/89.0
2024-11-11 19:18:36,029 - INFO - Found 46 headlines for 2020/mar/12
2024-11-11 19:18:36,034 - INFO - Using User-Agent: Mozilla/5.0 (Windows NT 10.0; Win64; x64) AppleWebKit/537.36 (KHTML, like Gecko) Chrome/91.0.4472.124 Safari/537.36
2024-11-11 19:18:37,044 - INFO - Found 46 headlines for 2020/mar/13
2024-11-11 19:18:37,911 - INFO - Using User-Agent: Mozilla/5.0 (Macintosh; Intel Mac OS X 10_10) AppleWebKit/537.36 (KHTML, like Gecko) Chrome/108.0.5361.172 Safari/537.36
2024-11-11 19:18:39,115 - INFO - Found 46 headlines for 2020/mar/14
2024-11-11 19:18:39,663 - INFO - Using User-Agent: Mozilla/5.0 (Macintosh; Intel Mac OS X 11_3) AppleWebKit/537.36 (KHTML, like Gecko) Chrome/109.0.5412.99 Safari/537.36
2024-11-11 19:18:40,956 - INFO - Found 46 headlines for 2020/mar/15
2024-11-11 19:18:41,660 - INFO - Using User-Agent: Mozilla/5.0 (Macintosh; Intel Mac OS X 11_3) AppleWebKit/537.36 (KHTML, like Gecko) Chrome/109.0.5412.99 Safari/537.36
2024-11-11 19:18:42,555 - INFO - Found 46 headlines for 2020/mar/16
2024-11-11 19:18:42,935 - INFO - Using User-Agent: Mozilla/5.0 (Windows NT 10.0; Win64; x64) AppleWebKit/537.36 (KHTML, like Gecko) Chrome/91.0.4472.124 Safari/537.36
2024-11-11 19:18:44,191 - INFO - Found 46 headlines for 2020/mar/17
2024-11-11 19:18:44,483 - INFO - Using User-Agent: Mozilla/5.0 (Macintosh; Intel Mac OS X 10_15_7) AppleWebKit/605.1.15 (KHTML, like Gecko) Version/14.0.3 Safari/605.1.15
2024-11-11 19:18:45,405 - INFO - Found 46 headlines for 2020/mar/18
2024-11-11 19:18:46,364 - INFO - Using User-Agent: Mozilla/5.0 (Windows NT 10.0; Win64; x64) AppleWebKit/537.36 (KHTML, like Gecko) Chrome/91.0.4472.124 Safari/537.36
2024-11-11 19:18:47,562 - INFO - Found 46 headlines for 2020/mar/19
2024-11-11 19:18:47,955 - INFO - Using User-Agent: Mozilla/5.0 (Macintosh; Intel Mac OS X 10_15_7) AppleWebKit/537.36 (KHTML, like Gecko) Chrome/108.0.0.0 Safari/537.36
2024-11-11 19:18:49,546 - INFO - Found 46 headlines for 2020/mar/20
2024-11-11 19:18:50,201 - INFO - Using User-Agent: Mozilla/5.0 (Macintosh; Intel Mac OS X 10_10) AppleWebKit/537.36 (KHTML, like Gecko) Chrome/108.0.5361.172 Safari/537.36
2024-11-11 19:18:51,230 - INFO - Found 46 headlines for 2020/mar/21
2024-11-11 19:18:51,646 - INFO - Using User-Agent: Mozilla/5.0 (Macintosh; Intel Mac OS X 11_3) AppleWebKit/537.36 (KHTML, like Gecko) Chrome/109.0.5412.99 Safari/537.36
2024-11-11 19:18:52,577 - INFO - Found 46 headlines for 2020/mar/22
2024-11-11 19:18:53,363 - INFO - Using User-Agent: Mozilla/5.0 (Macintosh; Intel Mac OS X 10_10) AppleWebKit/537.36 (KHTML, like Gecko) Chrome/108.0.5361.172 Safari/537.36
2024-11-11 19:18:54,517 - INFO - Found 46 headlines for 2020/mar/23
2024-11-11 19:18:54,664 - INFO - Using User-Agent: Mozilla/5.0 (X11; Linux i686) AppleWebKit/537.36 (KHTML, like Gecko) Chrome/109.0.5388.177 Safari/537.36
2024-11-11 19:18:56,067 - INFO - Found 46 headlines for 2020/mar/24
2024-11-11 19:18:56,588 - INFO - Using User-Agent: Mozilla/5.0 (Macintosh; Intel Mac OS X 10_15_7) AppleWebKit/605.1.15 (KHTML, like Gecko) Version/14.0.3 Safari/605.1.15
2024-11-11 19:18:57,596 - INFO - Found 46 headlines for 2020/mar/25
2024-11-11 19:18:57,816 - INFO - Using User-Agent: Mozilla/5.0 (Macintosh; Intel Mac OS X 11_14) AppleWebKit/537.36 (KHTML, like Gecko) Chrome/109.0.5397.215 Safari/537.36
2024-11-11 19:18:58,844 - INFO - Found 46 headlines for 2020/mar/26
2024-11-11 19:18:59,526 - INFO - Using User-Agent: Mozilla/5.0 (Macintosh; Intel Mac OS X 10_15_7) AppleWebKit/605.1.15 (KHTML, like Gecko) Version/14.0.3 Safari/605.1.15
2024-11-11 19:19:00,597 - INFO - Found 46 headlines for 2020/mar/27
2024-11-11 19:19:01,537 - INFO - Using User-Agent: Mozilla/5.0 (Macintosh; Intel Mac OS X 10_15_7) AppleWebKit/537.36 (KHTML, like Gecko) Chrome/108.0.0.0 Safari/537.36
2024-11-11 19:19:02,661 - INFO - Found 46 headlines for 2020/mar/28
2024-11-11 19:19:03,159 - INFO - Using User-Agent: Mozilla/5.0 (Windows NT 10.0; Win64; x64) AppleWebKit/537.36 (KHTML, like Gecko) Chrome/91.0.4472.124 Safari/537.36
2024-11-11 19:19:04,820 - INFO - Found 46 headlines for 2020/mar/29
2024-11-11 19:19:05,240 - INFO - Using User-Agent: Mozilla/5.0 (X11; Linux i686) AppleWebKit/537.36 (KHTML, like Gecko) Chrome/109.0.5388.177 Safari/537.36
2024-11-11 19:19:06,908 - INFO - Found 46 headlines for 2020/mar/30
2024-11-11 19:19:07,896 - INFO - Using User-Agent: Mozilla/5.0 (Windows NT 10.0; Win64; x64) AppleWebKit/537.36 (KHTML, like Gecko) Chrome/91.0.4472.124 Safari/537.36
2024-11-11 19:19:09,018 - INFO - Found 46 headlines for 2020/mar/31
2024-11-11 19:19:09,922 - INFO - Using User-Agent: Mozilla/5.0 (Windows NT 10.0; Win64; x64) AppleWebKit/537.36 (KHTML, like Gecko) Chrome/91.0.4472.124 Safari/537.36
2024-11-11 19:19:11,022 - INFO - Found 46 headlines for 2020/apr/01
2024-11-11 19:19:11,728 - INFO - Using User-Agent: Mozilla/5.0 (Macintosh; Intel Mac OS X 11_14) AppleWebKit/537.36 (KHTML, like Gecko) Chrome/109.0.5397.215 Safari/537.36
2024-11-11 19:19:12,660 - INFO - Found 46 headlines for 2020/apr/02
2024-11-11 19:19:13,595 - INFO - Using User-Agent: Mozilla/5.0 (Macintosh; Intel Mac OS X 10_10) AppleWebKit/537.36 (KHTML, like Gecko) Chrome/108.0.5361.172 Safari/537.36
2024-11-11 19:19:14,775 - INFO - Found 46 headlines for 2020/apr/03
2024-11-11 19:19:15,461 - INFO - Using User-Agent: Mozilla/5.0 (Macintosh; Intel Mac OS X 10_10) AppleWebKit/537.36 (KHTML, like Gecko) Chrome/108.0.5361.172 Safari/537.36
2024-11-11 19:19:16,497 - INFO - Found 46 headlines for 2020/apr/04
2024-11-11 19:19:16,826 - INFO - Using User-Agent: Mozilla/5.0 (Macintosh; Intel Mac OS X 10_15_7) AppleWebKit/605.1.15 (KHTML, like Gecko) Version/14.0.3 Safari/605.1.15
2024-11-11 19:19:17,964 - INFO - Found 46 headlines for 2020/apr/05
2024-11-11 19:19:18,376 - INFO - Using User-Agent: Mozilla/5.0 (Macintosh; Intel Mac OS X 11_14) AppleWebKit/537.36 (KHTML, like Gecko) Chrome/109.0.5397.215 Safari/537.36
2024-11-11 19:19:19,418 - INFO - Found 46 headlines for 2020/apr/06
2024-11-11 19:19:20,358 - INFO - Using User-Agent: Mozilla/5.0 (Macintosh; Intel Mac OS X 10_10) AppleWebKit/537.36 (KHTML, like Gecko) Chrome/108.0.5361.172 Safari/537.36
2024-11-11 19:19:21,466 - INFO - Found 46 headlines for 2020/apr/07
2024-11-11 19:19:21,884 - INFO - Using User-Agent: Mozilla/5.0 (Macintosh; Intel Mac OS X 10_15_7) AppleWebKit/605.1.15 (KHTML, like Gecko) Version/14.0.3 Safari/605.1.15
2024-11-11 19:19:23,082 - INFO - Found 46 headlines for 2020/apr/08
2024-11-11 19:19:23,355 - INFO - Using User-Agent: Mozilla/5.0 (X11; Linux i686) AppleWebKit/537.36 (KHTML, like Gecko) Chrome/109.0.5388.177 Safari/537.36
2024-11-11 19:19:24,372 - INFO - Found 46 headlines for 2020/apr/09
2024-11-11 19:19:25,211 - INFO - Using User-Agent: Mozilla/5.0 (Macintosh; Intel Mac OS X 10_10) AppleWebKit/537.36 (KHTML, like Gecko) Chrome/108.0.5361.172 Safari/537.36
2024-11-11 19:19:26,129 - INFO - Found 46 headlines for 2020/apr/10
2024-11-11 19:19:26,304 - INFO - Using User-Agent: Mozilla/5.0 (Macintosh; Intel Mac OS X 11_14) AppleWebKit/537.36 (KHTML, like Gecko) Chrome/109.0.5397.215 Safari/537.36
2024-11-11 19:19:27,601 - INFO - Found 33 headlines for 2020/apr/11
2024-11-11 19:19:28,465 - INFO - Using User-Agent: Mozilla/5.0 (Macintosh; Intel Mac OS X 11_3) AppleWebKit/537.36 (KHTML, like Gecko) Chrome/109.0.5412.99 Safari/537.36
2024-11-11 19:19:29,431 - INFO - Found 46 headlines for 2020/apr/12
2024-11-11 19:19:30,111 - INFO - Using User-Agent: Mozilla/5.0 (Windows NT 10.0; Win64; x64) AppleWebKit/537.36 (KHTML, like Gecko) Firefox/89.0
2024-11-11 19:19:31,270 - INFO - Found 46 headlines for 2020/apr/13
2024-11-11 19:19:31,420 - INFO - Using User-Agent: Mozilla/5.0 (Macintosh; Intel Mac OS X 10_15_7) AppleWebKit/537.36 (KHTML, like Gecko) Chrome/108.0.0.0 Safari/537.36
2024-11-11 19:19:32,482 - INFO - Found 46 headlines for 2020/apr/14
2024-11-11 19:19:33,017 - INFO - Using User-Agent: Mozilla/5.0 (X11; Linux i686) AppleWebKit/537.36 (KHTML, like Gecko) Chrome/109.0.5388.177 Safari/537.36
2024-11-11 19:19:34,361 - INFO - Found 46 headlines for 2020/apr/15
2024-11-11 19:19:35,047 - INFO - Using User-Agent: Mozilla/5.0 (Macintosh; Intel Mac OS X 11_14) AppleWebKit/537.36 (KHTML, like Gecko) Chrome/109.0.5397.215 Safari/537.36
2024-11-11 19:19:35,999 - INFO - Found 46 headlines for 2020/apr/16
2024-11-11 19:19:36,582 - INFO - Using User-Agent: Mozilla/5.0 (Windows NT 10.0; Win64; x64) AppleWebKit/537.36 (KHTML, like Gecko) Firefox/89.0
2024-11-11 19:19:37,654 - INFO - Found 46 headlines for 2020/apr/17
2024-11-11 19:19:37,837 - INFO - Using User-Agent: Mozilla/5.0 (Macintosh; Intel Mac OS X 11_3) AppleWebKit/537.36 (KHTML, like Gecko) Chrome/109.0.5412.99 Safari/537.36
2024-11-11 19:19:38,769 - INFO - Found 41 headlines for 2020/apr/18
2024-11-11 19:19:39,250 - INFO - Using User-Agent: Mozilla/5.0 (Windows NT 10.0; Win64; x64) AppleWebKit/537.36 (KHTML, like Gecko) Firefox/89.0
2024-11-11 19:19:40,566 - INFO - Found 43 headlines for 2020/apr/19
2024-11-11 19:19:41,031 - INFO - Using User-Agent: Mozilla/5.0 (Macintosh; Intel Mac OS X 10_10) AppleWebKit/537.36 (KHTML, like Gecko) Chrome/108.0.5361.172 Safari/537.36
2024-11-11 19:19:42,141 - INFO - Found 46 headlines for 2020/apr/20
2024-11-11 19:19:42,522 - INFO - Using User-Agent: Mozilla/5.0 (Windows NT 10.0; Win64; x64) AppleWebKit/537.36 (KHTML, like Gecko) Chrome/91.0.4472.124 Safari/537.36
2024-11-11 19:19:43,465 - INFO - Found 46 headlines for 2020/apr/21
2024-11-11 19:19:44,338 - INFO - Using User-Agent: Mozilla/5.0 (Windows NT 10.0; Win64; x64) AppleWebKit/537.36 (KHTML, like Gecko) Firefox/89.0
2024-11-11 19:19:45,361 - INFO - Found 46 headlines for 2020/apr/22
2024-11-11 19:19:46,233 - INFO - Using User-Agent: Mozilla/5.0 (Macintosh; Intel Mac OS X 10_15_7) AppleWebKit/537.36 (KHTML, like Gecko) Chrome/108.0.0.0 Safari/537.36
2024-11-11 19:19:47,245 - INFO - Found 46 headlines for 2020/apr/23
2024-11-11 19:19:47,647 - INFO - Using User-Agent: Mozilla/5.0 (Macintosh; Intel Mac OS X 10_15_7) AppleWebKit/605.1.15 (KHTML, like Gecko) Version/14.0.3 Safari/605.1.15
2024-11-11 19:19:48,487 - INFO - Found 46 headlines for 2020/apr/24
2024-11-11 19:19:48,911 - INFO - Using User-Agent: Mozilla/5.0 (Windows NT 10.0; Win64; x64) AppleWebKit/537.36 (KHTML, like Gecko) Chrome/91.0.4472.124 Safari/537.36
2024-11-11 19:19:49,856 - INFO - Found 36 headlines for 2020/apr/25
2024-11-11 19:19:50,085 - INFO - Using User-Agent: Mozilla/5.0 (Macintosh; Intel Mac OS X 11_3) AppleWebKit/537.36 (KHTML, like Gecko) Chrome/109.0.5412.99 Safari/537.36
2024-11-11 19:19:51,137 - INFO - Found 46 headlines for 2020/apr/26
2024-11-11 19:19:51,916 - INFO - Using User-Agent: Mozilla/5.0 (Macintosh; Intel Mac OS X 10_15_7) AppleWebKit/605.1.15 (KHTML, like Gecko) Version/14.0.3 Safari/605.1.15
2024-11-11 19:19:53,058 - INFO - Found 46 headlines for 2020/apr/27
2024-11-11 19:19:53,782 - INFO - Using User-Agent: Mozilla/5.0 (Macintosh; Intel Mac OS X 11_14) AppleWebKit/537.36 (KHTML, like Gecko) Chrome/109.0.5397.215 Safari/537.36
2024-11-11 19:19:54,781 - INFO - Found 46 headlines for 2020/apr/28
2024-11-11 19:19:55,077 - INFO - Using User-Agent: Mozilla/5.0 (Macintosh; Intel Mac OS X 10_15_7) AppleWebKit/537.36 (KHTML, like Gecko) Chrome/108.0.0.0 Safari/537.36
2024-11-11 19:19:55,987 - INFO - Found 46 headlines for 2020/apr/29
2024-11-11 19:19:56,466 - INFO - Using User-Agent: Mozilla/5.0 (Windows NT 10.0; Win64; x64) AppleWebKit/537.36 (KHTML, like Gecko) Firefox/89.0
2024-11-11 19:19:57,479 - INFO - Found 46 headlines for 2020/apr/30
2024-11-11 19:19:57,626 - INFO - Using User-Agent: Mozilla/5.0 (Windows NT 10.0; Win64; x64) AppleWebKit/537.36 (KHTML, like Gecko) Chrome/91.0.4472.124 Safari/537.36
2024-11-11 19:19:58,705 - INFO - Found 46 headlines for 2020/may/01
2024-11-11 19:19:58,774 - INFO - Using User-Agent: Mozilla/5.0 (Macintosh; Intel Mac OS X 10_10) AppleWebKit/537.36 (KHTML, like Gecko) Chrome/108.0.5361.172 Safari/537.36
2024-11-11 19:19:59,751 - INFO - Found 38 headlines for 2020/may/02
2024-11-11 19:20:00,461 - INFO - Using User-Agent: Mozilla/5.0 (Windows NT 10.0; Win64; x64) AppleWebKit/537.36 (KHTML, like Gecko) Firefox/89.0
2024-11-11 19:20:01,564 - INFO - Found 46 headlines for 2020/may/03
2024-11-11 19:20:02,061 - INFO - Using User-Agent: Mozilla/5.0 (Windows NT 10.0; Win64; x64) AppleWebKit/537.36 (KHTML, like Gecko) Chrome/91.0.4472.124 Safari/537.36
2024-11-11 19:20:03,243 - INFO - Found 46 headlines for 2020/may/04
2024-11-11 19:20:03,923 - INFO - Using User-Agent: Mozilla/5.0 (X11; Linux i686) AppleWebKit/537.36 (KHTML, like Gecko) Chrome/109.0.5388.177 Safari/537.36
2024-11-11 19:20:05,100 - INFO - Found 46 headlines for 2020/may/05
2024-11-11 19:20:05,986 - INFO - Using User-Agent: Mozilla/5.0 (Macintosh; Intel Mac OS X 11_3) AppleWebKit/537.36 (KHTML, like Gecko) Chrome/109.0.5412.99 Safari/537.36
2024-11-11 19:20:06,967 - INFO - Found 46 headlines for 2020/may/06
2024-11-11 19:20:07,342 - INFO - Using User-Agent: Mozilla/5.0 (Macintosh; Intel Mac OS X 10_10) AppleWebKit/537.36 (KHTML, like Gecko) Chrome/108.0.5361.172 Safari/537.36
2024-11-11 19:20:08,312 - INFO - Found 46 headlines for 2020/may/07
2024-11-11 19:20:09,115 - INFO - Using User-Agent: Mozilla/5.0 (Macintosh; Intel Mac OS X 10_10) AppleWebKit/537.36 (KHTML, like Gecko) Chrome/108.0.5361.172 Safari/537.36
2024-11-11 19:20:10,056 - INFO - Found 46 headlines for 2020/may/08
2024-11-11 19:20:10,348 - INFO - Using User-Agent: Mozilla/5.0 (Macintosh; Intel Mac OS X 10_10) AppleWebKit/537.36 (KHTML, like Gecko) Chrome/108.0.5361.172 Safari/537.36
2024-11-11 19:20:11,604 - INFO - Found 38 headlines for 2020/may/09
2024-11-11 19:20:12,531 - INFO - Using User-Agent: Mozilla/5.0 (X11; Linux i686) AppleWebKit/537.36 (KHTML, like Gecko) Chrome/109.0.5388.177 Safari/537.36
2024-11-11 19:20:13,654 - INFO - Found 46 headlines for 2020/may/10
2024-11-11 19:20:14,289 - INFO - Using User-Agent: Mozilla/5.0 (Macintosh; Intel Mac OS X 10_10) AppleWebKit/537.36 (KHTML, like Gecko) Chrome/108.0.5361.172 Safari/537.36
2024-11-11 19:20:15,301 - INFO - Found 46 headlines for 2020/may/11
2024-11-11 19:20:15,771 - INFO - Using User-Agent: Mozilla/5.0 (Windows NT 10.0; Win64; x64) AppleWebKit/537.36 (KHTML, like Gecko) Firefox/89.0
2024-11-11 19:20:16,765 - INFO - Found 46 headlines for 2020/may/12
2024-11-11 19:20:16,924 - INFO - Using User-Agent: Mozilla/5.0 (Windows NT 10.0; Win64; x64) AppleWebKit/537.36 (KHTML, like Gecko) Chrome/91.0.4472.124 Safari/537.36
2024-11-11 19:20:17,998 - INFO - Found 46 headlines for 2020/may/13
2024-11-11 19:20:18,265 - INFO - Using User-Agent: Mozilla/5.0 (Macintosh; Intel Mac OS X 11_3) AppleWebKit/537.36 (KHTML, like Gecko) Chrome/109.0.5412.99 Safari/537.36
2024-11-11 19:20:19,293 - INFO - Found 46 headlines for 2020/may/14
2024-11-11 19:20:19,624 - INFO - Using User-Agent: Mozilla/5.0 (Macintosh; Intel Mac OS X 11_3) AppleWebKit/537.36 (KHTML, like Gecko) Chrome/109.0.5412.99 Safari/537.36
2024-11-11 19:20:20,603 - INFO - Found 46 headlines for 2020/may/15
2024-11-11 19:20:20,752 - INFO - Using User-Agent: Mozilla/5.0 (Windows NT 10.0; Win64; x64) AppleWebKit/537.36 (KHTML, like Gecko) Chrome/91.0.4472.124 Safari/537.36
2024-11-11 19:20:21,619 - INFO - Found 27 headlines for 2020/may/16
2024-11-11 19:20:22,297 - INFO - Using User-Agent: Mozilla/5.0 (Macintosh; Intel Mac OS X 11_3) AppleWebKit/537.36 (KHTML, like Gecko) Chrome/109.0.5412.99 Safari/537.36
2024-11-11 19:20:23,306 - INFO - Found 46 headlines for 2020/may/17
2024-11-11 19:20:23,438 - INFO - Using User-Agent: Mozilla/5.0 (X11; Linux i686) AppleWebKit/537.36 (KHTML, like Gecko) Chrome/109.0.5388.177 Safari/537.36
2024-11-11 19:20:24,536 - INFO - Found 46 headlines for 2020/may/18
2024-11-11 19:20:24,655 - INFO - Using User-Agent: Mozilla/5.0 (Macintosh; Intel Mac OS X 10_15_7) AppleWebKit/537.36 (KHTML, like Gecko) Chrome/108.0.0.0 Safari/537.36
2024-11-11 19:20:25,532 - INFO - Found 46 headlines for 2020/may/19
2024-11-11 19:20:25,559 - INFO - Using User-Agent: Mozilla/5.0 (Windows NT 10.0; Win64; x64) AppleWebKit/537.36 (KHTML, like Gecko) Chrome/91.0.4472.124 Safari/537.36
2024-11-11 19:20:26,544 - INFO - Found 46 headlines for 2020/may/20
2024-11-11 19:20:27,241 - INFO - Using User-Agent: Mozilla/5.0 (X11; Linux i686) AppleWebKit/537.36 (KHTML, like Gecko) Chrome/109.0.5388.177 Safari/537.36
2024-11-11 19:20:28,249 - INFO - Found 46 headlines for 2020/may/21
2024-11-11 19:20:28,510 - INFO - Using User-Agent: Mozilla/5.0 (Macintosh; Intel Mac OS X 10_10) AppleWebKit/537.36 (KHTML, like Gecko) Chrome/108.0.5361.172 Safari/537.36
2024-11-11 19:20:29,642 - INFO - Found 46 headlines for 2020/may/22
2024-11-11 19:20:30,637 - INFO - Using User-Agent: Mozilla/5.0 (Macintosh; Intel Mac OS X 10_15_7) AppleWebKit/605.1.15 (KHTML, like Gecko) Version/14.0.3 Safari/605.1.15
2024-11-11 19:20:31,655 - INFO - Found 34 headlines for 2020/may/23
2024-11-11 19:20:32,633 - INFO - Using User-Agent: Mozilla/5.0 (Macintosh; Intel Mac OS X 11_3) AppleWebKit/537.36 (KHTML, like Gecko) Chrome/109.0.5412.99 Safari/537.36
2024-11-11 19:20:33,760 - INFO - Found 37 headlines for 2020/may/24
2024-11-11 19:20:34,684 - INFO - Using User-Agent: Mozilla/5.0 (Macintosh; Intel Mac OS X 10_10) AppleWebKit/537.36 (KHTML, like Gecko) Chrome/108.0.5361.172 Safari/537.36
2024-11-11 19:20:35,768 - INFO - Found 46 headlines for 2020/may/25
2024-11-11 19:20:36,283 - INFO - Using User-Agent: Mozilla/5.0 (Windows NT 10.0; Win64; x64) AppleWebKit/537.36 (KHTML, like Gecko) Firefox/89.0
2024-11-11 19:20:37,618 - INFO - Found 45 headlines for 2020/may/26
2024-11-11 19:20:38,138 - INFO - Using User-Agent: Mozilla/5.0 (Macintosh; Intel Mac OS X 10_15_7) AppleWebKit/605.1.15 (KHTML, like Gecko) Version/14.0.3 Safari/605.1.15
2024-11-11 19:20:39,266 - INFO - Found 46 headlines for 2020/may/27
2024-11-11 19:20:39,715 - INFO - Using User-Agent: Mozilla/5.0 (Windows NT 10.0; Win64; x64) AppleWebKit/537.36 (KHTML, like Gecko) Firefox/89.0
2024-11-11 19:20:40,938 - INFO - Found 46 headlines for 2020/may/28
2024-11-11 19:20:41,540 - INFO - Using User-Agent: Mozilla/5.0 (Windows NT 10.0; Win64; x64) AppleWebKit/537.36 (KHTML, like Gecko) Chrome/91.0.4472.124 Safari/537.36
2024-11-11 19:20:42,735 - INFO - Found 46 headlines for 2020/may/29
2024-11-11 19:20:43,488 - INFO - Using User-Agent: Mozilla/5.0 (Macintosh; Intel Mac OS X 11_14) AppleWebKit/537.36 (KHTML, like Gecko) Chrome/109.0.5397.215 Safari/537.36
2024-11-11 19:20:44,567 - INFO - Found 22 headlines for 2020/may/30
2024-11-11 19:20:44,887 - INFO - Using User-Agent: Mozilla/5.0 (Macintosh; Intel Mac OS X 10_15_7) AppleWebKit/537.36 (KHTML, like Gecko) Chrome/108.0.0.0 Safari/537.36
2024-11-11 19:20:45,992 - INFO - Found 44 headlines for 2020/may/31
2024-11-11 19:20:46,344 - INFO - Using User-Agent: Mozilla/5.0 (Macintosh; Intel Mac OS X 11_14) AppleWebKit/537.36 (KHTML, like Gecko) Chrome/109.0.5397.215 Safari/537.36
2024-11-11 19:20:47,460 - INFO - Found 38 headlines for 2020/jun/01
2024-11-11 19:20:48,078 - INFO - Using User-Agent: Mozilla/5.0 (Macintosh; Intel Mac OS X 11_14) AppleWebKit/537.36 (KHTML, like Gecko) Chrome/109.0.5397.215 Safari/537.36
2024-11-11 19:20:49,337 - INFO - Found 46 headlines for 2020/jun/02
2024-11-11 19:20:49,824 - INFO - Using User-Agent: Mozilla/5.0 (X11; Linux i686) AppleWebKit/537.36 (KHTML, like Gecko) Chrome/109.0.5388.177 Safari/537.36
2024-11-11 19:20:50,937 - INFO - Found 46 headlines for 2020/jun/03
2024-11-11 19:20:51,177 - INFO - Using User-Agent: Mozilla/5.0 (X11; Linux i686) AppleWebKit/537.36 (KHTML, like Gecko) Chrome/109.0.5388.177 Safari/537.36
2024-11-11 19:20:52,142 - INFO - Found 45 headlines for 2020/jun/04
2024-11-11 19:20:52,468 - INFO - Using User-Agent: Mozilla/5.0 (Windows NT 10.0; Win64; x64) AppleWebKit/537.36 (KHTML, like Gecko) Chrome/91.0.4472.124 Safari/537.36
2024-11-11 19:20:53,312 - INFO - Found 46 headlines for 2020/jun/05
2024-11-11 19:20:54,117 - INFO - Using User-Agent: Mozilla/5.0 (Macintosh; Intel Mac OS X 11_14) AppleWebKit/537.36 (KHTML, like Gecko) Chrome/109.0.5397.215 Safari/537.36
2024-11-11 19:20:55,037 - INFO - Found 38 headlines for 2020/jun/06
2024-11-11 19:20:55,089 - INFO - Using User-Agent: Mozilla/5.0 (Windows NT 10.0; Win64; x64) AppleWebKit/537.36 (KHTML, like Gecko) Chrome/91.0.4472.124 Safari/537.36
2024-11-11 19:20:56,061 - INFO - Found 40 headlines for 2020/jun/07
2024-11-11 19:20:56,093 - INFO - Using User-Agent: Mozilla/5.0 (Macintosh; Intel Mac OS X 11_3) AppleWebKit/537.36 (KHTML, like Gecko) Chrome/109.0.5412.99 Safari/537.36
2024-11-11 19:20:57,268 - INFO - Found 32 headlines for 2020/jun/08
2024-11-11 19:20:57,302 - INFO - Using User-Agent: Mozilla/5.0 (Macintosh; Intel Mac OS X 11_14) AppleWebKit/537.36 (KHTML, like Gecko) Chrome/109.0.5397.215 Safari/537.36
2024-11-11 19:20:58,164 - INFO - Found 46 headlines for 2020/jun/09
2024-11-11 19:20:58,541 - INFO - Using User-Agent: Mozilla/5.0 (Macintosh; Intel Mac OS X 11_14) AppleWebKit/537.36 (KHTML, like Gecko) Chrome/109.0.5397.215 Safari/537.36
2024-11-11 19:20:59,437 - INFO - Found 46 headlines for 2020/jun/10
2024-11-11 19:20:59,935 - INFO - Using User-Agent: Mozilla/5.0 (Macintosh; Intel Mac OS X 11_3) AppleWebKit/537.36 (KHTML, like Gecko) Chrome/109.0.5412.99 Safari/537.36
2024-11-11 19:21:00,961 - INFO - Found 42 headlines for 2020/jun/11
2024-11-11 19:21:01,417 - INFO - Using User-Agent: Mozilla/5.0 (Macintosh; Intel Mac OS X 10_10) AppleWebKit/537.36 (KHTML, like Gecko) Chrome/108.0.5361.172 Safari/537.36
2024-11-11 19:21:03,290 - INFO - Found 36 headlines for 2020/jun/12
2024-11-11 19:21:03,488 - INFO - Using User-Agent: Mozilla/5.0 (Windows NT 10.0; Win64; x64) AppleWebKit/537.36 (KHTML, like Gecko) Chrome/91.0.4472.124 Safari/537.36
2024-11-11 19:21:04,755 - INFO - Found 26 headlines for 2020/jun/13
2024-11-11 19:21:04,919 - INFO - Using User-Agent: Mozilla/5.0 (Macintosh; Intel Mac OS X 10_15_7) AppleWebKit/537.36 (KHTML, like Gecko) Chrome/108.0.0.0 Safari/537.36
2024-11-11 19:21:06,054 - INFO - Found 35 headlines for 2020/jun/14
2024-11-11 19:21:06,238 - INFO - Using User-Agent: Mozilla/5.0 (Macintosh; Intel Mac OS X 11_3) AppleWebKit/537.36 (KHTML, like Gecko) Chrome/109.0.5412.99 Safari/537.36
2024-11-11 19:21:07,420 - INFO - Found 42 headlines for 2020/jun/15
2024-11-11 19:21:07,888 - INFO - Using User-Agent: Mozilla/5.0 (Macintosh; Intel Mac OS X 10_15_7) AppleWebKit/605.1.15 (KHTML, like Gecko) Version/14.0.3 Safari/605.1.15
2024-11-11 19:21:08,966 - INFO - Found 45 headlines for 2020/jun/16
2024-11-11 19:21:09,545 - INFO - Using User-Agent: Mozilla/5.0 (Macintosh; Intel Mac OS X 10_15_7) AppleWebKit/537.36 (KHTML, like Gecko) Chrome/108.0.0.0 Safari/537.36
2024-11-11 19:21:10,591 - INFO - Found 45 headlines for 2020/jun/17
2024-11-11 19:21:11,547 - INFO - Using User-Agent: Mozilla/5.0 (X11; Linux i686) AppleWebKit/537.36 (KHTML, like Gecko) Chrome/109.0.5388.177 Safari/537.36
2024-11-11 19:21:12,620 - INFO - Found 36 headlines for 2020/jun/18
2024-11-11 19:21:12,705 - INFO - Using User-Agent: Mozilla/5.0 (Macintosh; Intel Mac OS X 11_3) AppleWebKit/537.36 (KHTML, like Gecko) Chrome/109.0.5412.99 Safari/537.36
2024-11-11 19:21:13,907 - INFO - Found 45 headlines for 2020/jun/19
2024-11-11 19:21:14,561 - INFO - Using User-Agent: Mozilla/5.0 (Macintosh; Intel Mac OS X 10_15_7) AppleWebKit/537.36 (KHTML, like Gecko) Chrome/108.0.0.0 Safari/537.36
2024-11-11 19:21:15,712 - INFO - Found 31 headlines for 2020/jun/20
2024-11-11 19:21:16,600 - INFO - Using User-Agent: Mozilla/5.0 (Macintosh; Intel Mac OS X 10_15_7) AppleWebKit/537.36 (KHTML, like Gecko) Chrome/108.0.0.0 Safari/537.36
2024-11-11 19:21:17,753 - INFO - Found 28 headlines for 2020/jun/21
2024-11-11 19:21:17,838 - INFO - Using User-Agent: Mozilla/5.0 (Macintosh; Intel Mac OS X 11_3) AppleWebKit/537.36 (KHTML, like Gecko) Chrome/109.0.5412.99 Safari/537.36
2024-11-11 19:21:18,963 - INFO - Found 35 headlines for 2020/jun/22
2024-11-11 19:21:19,958 - INFO - Using User-Agent: Mozilla/5.0 (Windows NT 10.0; Win64; x64) AppleWebKit/537.36 (KHTML, like Gecko) Firefox/89.0
2024-11-11 19:21:21,304 - INFO - Found 42 headlines for 2020/jun/23
2024-11-11 19:21:21,849 - INFO - Using User-Agent: Mozilla/5.0 (Macintosh; Intel Mac OS X 10_10) AppleWebKit/537.36 (KHTML, like Gecko) Chrome/108.0.5361.172 Safari/537.36
2024-11-11 19:21:22,831 - INFO - Found 40 headlines for 2020/jun/24
2024-11-11 19:21:23,037 - INFO - Using User-Agent: Mozilla/5.0 (Windows NT 10.0; Win64; x64) AppleWebKit/537.36 (KHTML, like Gecko) Chrome/91.0.4472.124 Safari/537.36
2024-11-11 19:21:24,129 - INFO - Found 40 headlines for 2020/jun/25
2024-11-11 19:21:24,453 - INFO - Using User-Agent: Mozilla/5.0 (Macintosh; Intel Mac OS X 10_15_7) AppleWebKit/537.36 (KHTML, like Gecko) Chrome/108.0.0.0 Safari/537.36
2024-11-11 19:21:25,557 - INFO - Found 42 headlines for 2020/jun/26
2024-11-11 19:21:25,634 - INFO - Using User-Agent: Mozilla/5.0 (Macintosh; Intel Mac OS X 10_15_7) AppleWebKit/605.1.15 (KHTML, like Gecko) Version/14.0.3 Safari/605.1.15
2024-11-11 19:21:26,778 - INFO - Found 32 headlines for 2020/jun/27
2024-11-11 19:21:27,478 - INFO - Using User-Agent: Mozilla/5.0 (Macintosh; Intel Mac OS X 10_15_7) AppleWebKit/605.1.15 (KHTML, like Gecko) Version/14.0.3 Safari/605.1.15
2024-11-11 19:21:28,608 - INFO - Found 28 headlines for 2020/jun/28
2024-11-11 19:21:29,524 - INFO - Using User-Agent: Mozilla/5.0 (Macintosh; Intel Mac OS X 10_10) AppleWebKit/537.36 (KHTML, like Gecko) Chrome/108.0.5361.172 Safari/537.36
2024-11-11 19:21:30,456 - INFO - Found 46 headlines for 2020/jun/29
2024-11-11 19:21:31,050 - INFO - Using User-Agent: Mozilla/5.0 (Macintosh; Intel Mac OS X 11_3) AppleWebKit/537.36 (KHTML, like Gecko) Chrome/109.0.5412.99 Safari/537.36
2024-11-11 19:21:32,088 - INFO - Found 46 headlines for 2020/jun/30
2024-11-11 19:21:32,427 - INFO - Using User-Agent: Mozilla/5.0 (Macintosh; Intel Mac OS X 10_15_7) AppleWebKit/537.36 (KHTML, like Gecko) Chrome/108.0.0.0 Safari/537.36
2024-11-11 19:21:33,586 - INFO - Found 46 headlines for 2020/jul/01
2024-11-11 19:21:33,655 - INFO - Using User-Agent: Mozilla/5.0 (Windows NT 10.0; Win64; x64) AppleWebKit/537.36 (KHTML, like Gecko) Chrome/91.0.4472.124 Safari/537.36
2024-11-11 19:21:34,683 - INFO - Found 46 headlines for 2020/jul/02
2024-11-11 19:21:35,478 - INFO - Using User-Agent: Mozilla/5.0 (Windows NT 10.0; Win64; x64) AppleWebKit/537.36 (KHTML, like Gecko) Firefox/89.0
2024-11-11 19:21:36,568 - INFO - Found 39 headlines for 2020/jul/03
2024-11-11 19:21:36,846 - INFO - Using User-Agent: Mozilla/5.0 (Macintosh; Intel Mac OS X 10_10) AppleWebKit/537.36 (KHTML, like Gecko) Chrome/108.0.5361.172 Safari/537.36
2024-11-11 19:21:37,831 - INFO - Found 39 headlines for 2020/jul/04
2024-11-11 19:21:38,170 - INFO - Using User-Agent: Mozilla/5.0 (Windows NT 10.0; Win64; x64) AppleWebKit/537.36 (KHTML, like Gecko) Firefox/89.0
2024-11-11 19:21:39,233 - INFO - Found 34 headlines for 2020/jul/05
2024-11-11 19:21:39,586 - INFO - Using User-Agent: Mozilla/5.0 (Windows NT 10.0; Win64; x64) AppleWebKit/537.36 (KHTML, like Gecko) Firefox/89.0
2024-11-11 19:21:40,674 - INFO - Found 34 headlines for 2020/jul/06
2024-11-11 19:21:40,864 - INFO - Using User-Agent: Mozilla/5.0 (Macintosh; Intel Mac OS X 10_15_7) AppleWebKit/605.1.15 (KHTML, like Gecko) Version/14.0.3 Safari/605.1.15
2024-11-11 19:21:41,920 - INFO - Found 45 headlines for 2020/jul/07
2024-11-11 19:21:42,073 - INFO - Using User-Agent: Mozilla/5.0 (X11; Linux i686) AppleWebKit/537.36 (KHTML, like Gecko) Chrome/109.0.5388.177 Safari/537.36
2024-11-11 19:21:43,198 - INFO - Found 46 headlines for 2020/jul/08
2024-11-11 19:21:43,957 - INFO - Using User-Agent: Mozilla/5.0 (Macintosh; Intel Mac OS X 10_15_7) AppleWebKit/605.1.15 (KHTML, like Gecko) Version/14.0.3 Safari/605.1.15
2024-11-11 19:21:44,972 - INFO - Found 34 headlines for 2020/jul/09
2024-11-11 19:21:45,357 - INFO - Using User-Agent: Mozilla/5.0 (Macintosh; Intel Mac OS X 11_14) AppleWebKit/537.36 (KHTML, like Gecko) Chrome/109.0.5397.215 Safari/537.36
2024-11-11 19:21:46,475 - INFO - Found 39 headlines for 2020/jul/10
2024-11-11 19:21:47,383 - INFO - Using User-Agent: Mozilla/5.0 (Macintosh; Intel Mac OS X 11_3) AppleWebKit/537.36 (KHTML, like Gecko) Chrome/109.0.5412.99 Safari/537.36
2024-11-11 19:21:48,452 - INFO - Found 26 headlines for 2020/jul/11
2024-11-11 19:21:48,521 - INFO - Using User-Agent: Mozilla/5.0 (Macintosh; Intel Mac OS X 11_14) AppleWebKit/537.36 (KHTML, like Gecko) Chrome/109.0.5397.215 Safari/537.36
2024-11-11 19:21:49,480 - INFO - Found 29 headlines for 2020/jul/12
2024-11-11 19:21:49,610 - INFO - Using User-Agent: Mozilla/5.0 (Macintosh; Intel Mac OS X 11_14) AppleWebKit/537.36 (KHTML, like Gecko) Chrome/109.0.5397.215 Safari/537.36
2024-11-11 19:21:50,707 - INFO - Found 46 headlines for 2020/jul/13
2024-11-11 19:21:50,711 - INFO - Using User-Agent: Mozilla/5.0 (Macintosh; Intel Mac OS X 10_10) AppleWebKit/537.36 (KHTML, like Gecko) Chrome/108.0.5361.172 Safari/537.36
2024-11-11 19:21:51,758 - INFO - Found 46 headlines for 2020/jul/14
2024-11-11 19:21:52,225 - INFO - Using User-Agent: Mozilla/5.0 (Macintosh; Intel Mac OS X 11_3) AppleWebKit/537.36 (KHTML, like Gecko) Chrome/109.0.5412.99 Safari/537.36
2024-11-11 19:21:53,195 - INFO - Found 46 headlines for 2020/jul/15
2024-11-11 19:21:53,955 - INFO - Using User-Agent: Mozilla/5.0 (Macintosh; Intel Mac OS X 10_10) AppleWebKit/537.36 (KHTML, like Gecko) Chrome/108.0.5361.172 Safari/537.36
2024-11-11 19:21:54,814 - INFO - Found 38 headlines for 2020/jul/16
2024-11-11 19:21:55,063 - INFO - Using User-Agent: Mozilla/5.0 (X11; Linux i686) AppleWebKit/537.36 (KHTML, like Gecko) Chrome/109.0.5388.177 Safari/537.36
2024-11-11 19:21:56,265 - INFO - Found 46 headlines for 2020/jul/17
2024-11-11 19:21:57,243 - INFO - Using User-Agent: Mozilla/5.0 (Windows NT 10.0; Win64; x64) AppleWebKit/537.36 (KHTML, like Gecko) Firefox/89.0
2024-11-11 19:21:58,285 - INFO - Found 16 headlines for 2020/jul/18
2024-11-11 19:21:59,134 - INFO - Using User-Agent: Mozilla/5.0 (Windows NT 10.0; Win64; x64) AppleWebKit/537.36 (KHTML, like Gecko) Firefox/89.0
2024-11-11 19:22:00,163 - INFO - Found 25 headlines for 2020/jul/19
2024-11-11 19:22:00,812 - INFO - Using User-Agent: Mozilla/5.0 (Macintosh; Intel Mac OS X 10_15_7) AppleWebKit/537.36 (KHTML, like Gecko) Chrome/108.0.0.0 Safari/537.36
2024-11-11 19:22:02,111 - INFO - Found 40 headlines for 2020/jul/20
2024-11-11 19:22:02,957 - INFO - Using User-Agent: Mozilla/5.0 (Macintosh; Intel Mac OS X 11_14) AppleWebKit/537.36 (KHTML, like Gecko) Chrome/109.0.5397.215 Safari/537.36
2024-11-11 19:22:04,028 - INFO - Found 34 headlines for 2020/jul/21
2024-11-11 19:22:04,157 - INFO - Using User-Agent: Mozilla/5.0 (X11; Linux i686) AppleWebKit/537.36 (KHTML, like Gecko) Chrome/109.0.5388.177 Safari/537.36
2024-11-11 19:22:05,322 - INFO - Found 42 headlines for 2020/jul/22
2024-11-11 19:22:05,348 - INFO - Using User-Agent: Mozilla/5.0 (Macintosh; Intel Mac OS X 10_15_7) AppleWebKit/537.36 (KHTML, like Gecko) Chrome/108.0.0.0 Safari/537.36
2024-11-11 19:22:06,258 - INFO - Found 35 headlines for 2020/jul/23
2024-11-11 19:22:06,414 - INFO - Using User-Agent: Mozilla/5.0 (Macintosh; Intel Mac OS X 10_15_7) AppleWebKit/537.36 (KHTML, like Gecko) Chrome/108.0.0.0 Safari/537.36
2024-11-11 19:22:07,526 - INFO - Found 38 headlines for 2020/jul/24
2024-11-11 19:22:08,361 - INFO - Using User-Agent: Mozilla/5.0 (Macintosh; Intel Mac OS X 10_15_7) AppleWebKit/537.36 (KHTML, like Gecko) Chrome/108.0.0.0 Safari/537.36
2024-11-11 19:22:09,728 - INFO - Found 10 headlines for 2020/jul/25
2024-11-11 19:22:10,079 - INFO - Using User-Agent: Mozilla/5.0 (Macintosh; Intel Mac OS X 10_15_7) AppleWebKit/537.36 (KHTML, like Gecko) Chrome/108.0.0.0 Safari/537.36
2024-11-11 19:22:11,236 - INFO - Found 32 headlines for 2020/jul/26
2024-11-11 19:22:11,625 - INFO - Using User-Agent: Mozilla/5.0 (Windows NT 10.0; Win64; x64) AppleWebKit/537.36 (KHTML, like Gecko) Firefox/89.0
2024-11-11 19:22:12,638 - INFO - Found 46 headlines for 2020/jul/27
2024-11-11 19:22:13,596 - INFO - Using User-Agent: Mozilla/5.0 (Macintosh; Intel Mac OS X 10_15_7) AppleWebKit/605.1.15 (KHTML, like Gecko) Version/14.0.3 Safari/605.1.15
2024-11-11 19:22:14,638 - INFO - Found 39 headlines for 2020/jul/28
2024-11-11 19:22:14,829 - INFO - Using User-Agent: Mozilla/5.0 (Macintosh; Intel Mac OS X 10_10) AppleWebKit/537.36 (KHTML, like Gecko) Chrome/108.0.5361.172 Safari/537.36
2024-11-11 19:22:16,176 - INFO - Found 43 headlines for 2020/jul/29
2024-11-11 19:22:17,110 - INFO - Using User-Agent: Mozilla/5.0 (Macintosh; Intel Mac OS X 11_3) AppleWebKit/537.36 (KHTML, like Gecko) Chrome/109.0.5412.99 Safari/537.36
2024-11-11 19:22:18,162 - INFO - Found 37 headlines for 2020/jul/30
2024-11-11 19:22:18,289 - INFO - Using User-Agent: Mozilla/5.0 (Macintosh; Intel Mac OS X 10_15_7) AppleWebKit/605.1.15 (KHTML, like Gecko) Version/14.0.3 Safari/605.1.15
2024-11-11 19:22:19,324 - INFO - Found 37 headlines for 2020/jul/31
2024-11-11 19:22:20,109 - INFO - Using User-Agent: Mozilla/5.0 (Macintosh; Intel Mac OS X 10_15_7) AppleWebKit/537.36 (KHTML, like Gecko) Chrome/108.0.0.0 Safari/537.36
2024-11-11 19:22:21,416 - INFO - Found 18 headlines for 2020/aug/01
2024-11-11 19:22:21,783 - INFO - Using User-Agent: Mozilla/5.0 (Macintosh; Intel Mac OS X 10_15_7) AppleWebKit/605.1.15 (KHTML, like Gecko) Version/14.0.3 Safari/605.1.15
2024-11-11 19:22:22,882 - INFO - Found 35 headlines for 2020/aug/02
2024-11-11 19:22:23,582 - INFO - Using User-Agent: Mozilla/5.0 (Macintosh; Intel Mac OS X 10_15_7) AppleWebKit/537.36 (KHTML, like Gecko) Chrome/108.0.0.0 Safari/537.36
2024-11-11 19:22:24,739 - INFO - Found 39 headlines for 2020/aug/03
2024-11-11 19:22:25,724 - INFO - Using User-Agent: Mozilla/5.0 (Macintosh; Intel Mac OS X 11_3) AppleWebKit/537.36 (KHTML, like Gecko) Chrome/109.0.5412.99 Safari/537.36
2024-11-11 19:22:26,824 - INFO - Found 43 headlines for 2020/aug/04
2024-11-11 19:22:27,726 - INFO - Using User-Agent: Mozilla/5.0 (Macintosh; Intel Mac OS X 10_10) AppleWebKit/537.36 (KHTML, like Gecko) Chrome/108.0.5361.172 Safari/537.36
2024-11-11 19:22:28,678 - INFO - Found 43 headlines for 2020/aug/05
2024-11-11 19:22:29,429 - INFO - Using User-Agent: Mozilla/5.0 (Macintosh; Intel Mac OS X 11_14) AppleWebKit/537.36 (KHTML, like Gecko) Chrome/109.0.5397.215 Safari/537.36
2024-11-11 19:22:30,587 - INFO - Found 46 headlines for 2020/aug/06
2024-11-11 19:22:31,357 - INFO - Using User-Agent: Mozilla/5.0 (X11; Linux i686) AppleWebKit/537.36 (KHTML, like Gecko) Chrome/109.0.5388.177 Safari/537.36
2024-11-11 19:22:32,518 - INFO - Found 45 headlines for 2020/aug/07
2024-11-11 19:22:33,025 - INFO - Using User-Agent: Mozilla/5.0 (Macintosh; Intel Mac OS X 11_14) AppleWebKit/537.36 (KHTML, like Gecko) Chrome/109.0.5397.215 Safari/537.36
2024-11-11 19:22:33,894 - INFO - Found 27 headlines for 2020/aug/08
2024-11-11 19:22:34,748 - INFO - Using User-Agent: Mozilla/5.0 (Windows NT 10.0; Win64; x64) AppleWebKit/537.36 (KHTML, like Gecko) Firefox/89.0
2024-11-11 19:22:35,757 - INFO - Found 27 headlines for 2020/aug/09
2024-11-11 19:22:36,037 - INFO - Using User-Agent: Mozilla/5.0 (Windows NT 10.0; Win64; x64) AppleWebKit/537.36 (KHTML, like Gecko) Firefox/89.0
2024-11-11 19:22:36,999 - INFO - Found 41 headlines for 2020/aug/10
2024-11-11 19:22:37,233 - INFO - Using User-Agent: Mozilla/5.0 (Macintosh; Intel Mac OS X 11_14) AppleWebKit/537.36 (KHTML, like Gecko) Chrome/109.0.5397.215 Safari/537.36
2024-11-11 19:22:38,461 - INFO - Found 44 headlines for 2020/aug/11
2024-11-11 19:22:39,201 - INFO - Using User-Agent: Mozilla/5.0 (Windows NT 10.0; Win64; x64) AppleWebKit/537.36 (KHTML, like Gecko) Chrome/91.0.4472.124 Safari/537.36
2024-11-11 19:22:40,110 - INFO - Found 32 headlines for 2020/aug/12
2024-11-11 19:22:40,873 - INFO - Using User-Agent: Mozilla/5.0 (X11; Linux i686) AppleWebKit/537.36 (KHTML, like Gecko) Chrome/109.0.5388.177 Safari/537.36
2024-11-11 19:22:41,909 - INFO - Found 37 headlines for 2020/aug/13
2024-11-11 19:22:42,054 - INFO - Using User-Agent: Mozilla/5.0 (Windows NT 10.0; Win64; x64) AppleWebKit/537.36 (KHTML, like Gecko) Chrome/91.0.4472.124 Safari/537.36
2024-11-11 19:22:43,228 - INFO - Found 38 headlines for 2020/aug/14
2024-11-11 19:22:43,943 - INFO - Using User-Agent: Mozilla/5.0 (Macintosh; Intel Mac OS X 10_15_7) AppleWebKit/605.1.15 (KHTML, like Gecko) Version/14.0.3 Safari/605.1.15
2024-11-11 19:22:44,982 - INFO - Found 28 headlines for 2020/aug/15
2024-11-11 19:22:45,319 - INFO - Using User-Agent: Mozilla/5.0 (Windows NT 10.0; Win64; x64) AppleWebKit/537.36 (KHTML, like Gecko) Firefox/89.0
2024-11-11 19:22:46,510 - INFO - Found 31 headlines for 2020/aug/16
2024-11-11 19:22:47,054 - INFO - Using User-Agent: Mozilla/5.0 (Macintosh; Intel Mac OS X 10_10) AppleWebKit/537.36 (KHTML, like Gecko) Chrome/108.0.5361.172 Safari/537.36
2024-11-11 19:22:48,101 - INFO - Found 30 headlines for 2020/aug/17
2024-11-11 19:22:48,683 - INFO - Using User-Agent: Mozilla/5.0 (Macintosh; Intel Mac OS X 11_3) AppleWebKit/537.36 (KHTML, like Gecko) Chrome/109.0.5412.99 Safari/537.36
2024-11-11 19:22:49,703 - INFO - Found 46 headlines for 2020/aug/18
2024-11-11 19:22:49,951 - INFO - Using User-Agent: Mozilla/5.0 (X11; Linux i686) AppleWebKit/537.36 (KHTML, like Gecko) Chrome/109.0.5388.177 Safari/537.36
2024-11-11 19:22:50,929 - INFO - Found 36 headlines for 2020/aug/19
2024-11-11 19:22:51,400 - INFO - Using User-Agent: Mozilla/5.0 (Windows NT 10.0; Win64; x64) AppleWebKit/537.36 (KHTML, like Gecko) Firefox/89.0
2024-11-11 19:22:52,641 - INFO - Found 35 headlines for 2020/aug/20
2024-11-11 19:22:52,887 - INFO - Using User-Agent: Mozilla/5.0 (Windows NT 10.0; Win64; x64) AppleWebKit/537.36 (KHTML, like Gecko) Chrome/91.0.4472.124 Safari/537.36
2024-11-11 19:22:53,839 - INFO - Found 32 headlines for 2020/aug/21
2024-11-11 19:22:54,787 - INFO - Using User-Agent: Mozilla/5.0 (Macintosh; Intel Mac OS X 10_15_7) AppleWebKit/605.1.15 (KHTML, like Gecko) Version/14.0.3 Safari/605.1.15
2024-11-11 19:22:55,837 - INFO - Found 26 headlines for 2020/aug/22
2024-11-11 19:22:56,485 - INFO - Using User-Agent: Mozilla/5.0 (X11; Linux i686) AppleWebKit/537.36 (KHTML, like Gecko) Chrome/109.0.5388.177 Safari/537.36
2024-11-11 19:22:57,682 - INFO - Found 29 headlines for 2020/aug/23
2024-11-11 19:22:58,551 - INFO - Using User-Agent: Mozilla/5.0 (Windows NT 10.0; Win64; x64) AppleWebKit/537.36 (KHTML, like Gecko) Firefox/89.0
2024-11-11 19:22:59,561 - INFO - Found 42 headlines for 2020/aug/24
2024-11-11 19:22:59,809 - INFO - Using User-Agent: Mozilla/5.0 (Macintosh; Intel Mac OS X 11_3) AppleWebKit/537.36 (KHTML, like Gecko) Chrome/109.0.5412.99 Safari/537.36
2024-11-11 19:23:00,742 - INFO - Found 40 headlines for 2020/aug/25
2024-11-11 19:23:01,519 - INFO - Using User-Agent: Mozilla/5.0 (Macintosh; Intel Mac OS X 10_15_7) AppleWebKit/605.1.15 (KHTML, like Gecko) Version/14.0.3 Safari/605.1.15
2024-11-11 19:23:02,580 - INFO - Found 31 headlines for 2020/aug/26
2024-11-11 19:23:02,786 - INFO - Using User-Agent: Mozilla/5.0 (Macintosh; Intel Mac OS X 10_10) AppleWebKit/537.36 (KHTML, like Gecko) Chrome/108.0.5361.172 Safari/537.36
2024-11-11 19:23:04,047 - INFO - Found 40 headlines for 2020/aug/27
2024-11-11 19:23:04,831 - INFO - Using User-Agent: Mozilla/5.0 (Macintosh; Intel Mac OS X 10_15_7) AppleWebKit/605.1.15 (KHTML, like Gecko) Version/14.0.3 Safari/605.1.15
2024-11-11 19:23:05,898 - INFO - Found 40 headlines for 2020/aug/28
2024-11-11 19:23:06,750 - INFO - Using User-Agent: Mozilla/5.0 (Macintosh; Intel Mac OS X 11_3) AppleWebKit/537.36 (KHTML, like Gecko) Chrome/109.0.5412.99 Safari/537.36
2024-11-11 19:23:07,723 - INFO - Found 17 headlines for 2020/aug/29
2024-11-11 19:23:08,530 - INFO - Using User-Agent: Mozilla/5.0 (X11; Linux i686) AppleWebKit/537.36 (KHTML, like Gecko) Chrome/109.0.5388.177 Safari/537.36
2024-11-11 19:23:09,550 - INFO - Found 30 headlines for 2020/aug/30
2024-11-11 19:23:09,584 - INFO - Using User-Agent: Mozilla/5.0 (Macintosh; Intel Mac OS X 10_10) AppleWebKit/537.36 (KHTML, like Gecko) Chrome/108.0.5361.172 Safari/537.36
2024-11-11 19:23:10,590 - INFO - Found 34 headlines for 2020/aug/31
2024-11-11 19:23:10,659 - INFO - Using User-Agent: Mozilla/5.0 (Macintosh; Intel Mac OS X 10_10) AppleWebKit/537.36 (KHTML, like Gecko) Chrome/108.0.5361.172 Safari/537.36
2024-11-11 19:23:11,824 - INFO - Found 31 headlines for 2020/sep/01
2024-11-11 19:23:12,212 - INFO - Using User-Agent: Mozilla/5.0 (Macintosh; Intel Mac OS X 11_14) AppleWebKit/537.36 (KHTML, like Gecko) Chrome/109.0.5397.215 Safari/537.36
2024-11-11 19:23:13,293 - INFO - Found 39 headlines for 2020/sep/02
2024-11-11 19:23:13,753 - INFO - Using User-Agent: Mozilla/5.0 (Windows NT 10.0; Win64; x64) AppleWebKit/537.36 (KHTML, like Gecko) Firefox/89.0
2024-11-11 19:23:14,632 - INFO - Found 39 headlines for 2020/sep/03
2024-11-11 19:23:15,423 - INFO - Using User-Agent: Mozilla/5.0 (Macintosh; Intel Mac OS X 11_14) AppleWebKit/537.36 (KHTML, like Gecko) Chrome/109.0.5397.215 Safari/537.36
2024-11-11 19:23:16,306 - INFO - Found 31 headlines for 2020/sep/04
2024-11-11 19:23:16,926 - INFO - Using User-Agent: Mozilla/5.0 (Macintosh; Intel Mac OS X 10_15_7) AppleWebKit/605.1.15 (KHTML, like Gecko) Version/14.0.3 Safari/605.1.15
2024-11-11 19:23:17,929 - INFO - Found 18 headlines for 2020/sep/05
2024-11-11 19:23:18,198 - INFO - Using User-Agent: Mozilla/5.0 (Macintosh; Intel Mac OS X 10_15_7) AppleWebKit/537.36 (KHTML, like Gecko) Chrome/108.0.0.0 Safari/537.36
2024-11-11 19:23:19,168 - INFO - Found 29 headlines for 2020/sep/06
2024-11-11 19:23:19,691 - INFO - Using User-Agent: Mozilla/5.0 (Windows NT 10.0; Win64; x64) AppleWebKit/537.36 (KHTML, like Gecko) Firefox/89.0
2024-11-11 19:23:20,629 - INFO - Found 39 headlines for 2020/sep/07
2024-11-11 19:23:21,284 - INFO - Using User-Agent: Mozilla/5.0 (Macintosh; Intel Mac OS X 10_15_7) AppleWebKit/605.1.15 (KHTML, like Gecko) Version/14.0.3 Safari/605.1.15
2024-11-11 19:23:22,233 - INFO - Found 37 headlines for 2020/sep/08
2024-11-11 19:23:22,851 - INFO - Using User-Agent: Mozilla/5.0 (Windows NT 10.0; Win64; x64) AppleWebKit/537.36 (KHTML, like Gecko) Chrome/91.0.4472.124 Safari/537.36
2024-11-11 19:23:23,873 - INFO - Found 46 headlines for 2020/sep/09
2024-11-11 19:23:24,573 - INFO - Using User-Agent: Mozilla/5.0 (Macintosh; Intel Mac OS X 10_10) AppleWebKit/537.36 (KHTML, like Gecko) Chrome/108.0.5361.172 Safari/537.36
2024-11-11 19:23:25,606 - INFO - Found 46 headlines for 2020/sep/10
2024-11-11 19:23:26,092 - INFO - Using User-Agent: Mozilla/5.0 (Macintosh; Intel Mac OS X 10_15_7) AppleWebKit/537.36 (KHTML, like Gecko) Chrome/108.0.0.0 Safari/537.36
2024-11-11 19:23:27,233 - INFO - Found 43 headlines for 2020/sep/11
2024-11-11 19:23:27,949 - INFO - Using User-Agent: Mozilla/5.0 (Macintosh; Intel Mac OS X 10_15_7) AppleWebKit/537.36 (KHTML, like Gecko) Chrome/108.0.0.0 Safari/537.36
2024-11-11 19:23:29,018 - INFO - Found 27 headlines for 2020/sep/12
2024-11-11 19:23:29,464 - INFO - Using User-Agent: Mozilla/5.0 (Macintosh; Intel Mac OS X 10_10) AppleWebKit/537.36 (KHTML, like Gecko) Chrome/108.0.5361.172 Safari/537.36
2024-11-11 19:23:30,659 - INFO - Found 29 headlines for 2020/sep/13
2024-11-11 19:23:30,935 - INFO - Using User-Agent: Mozilla/5.0 (Windows NT 10.0; Win64; x64) AppleWebKit/537.36 (KHTML, like Gecko) Chrome/91.0.4472.124 Safari/537.36
2024-11-11 19:23:31,880 - INFO - Found 36 headlines for 2020/sep/14
2024-11-11 19:23:32,216 - INFO - Using User-Agent: Mozilla/5.0 (Windows NT 10.0; Win64; x64) AppleWebKit/537.36 (KHTML, like Gecko) Chrome/91.0.4472.124 Safari/537.36
2024-11-11 19:23:33,107 - INFO - Found 41 headlines for 2020/sep/15
2024-11-11 19:23:33,245 - INFO - Using User-Agent: Mozilla/5.0 (Macintosh; Intel Mac OS X 10_15_7) AppleWebKit/605.1.15 (KHTML, like Gecko) Version/14.0.3 Safari/605.1.15
2024-11-11 19:23:34,376 - INFO - Found 46 headlines for 2020/sep/16
2024-11-11 19:23:34,972 - INFO - Using User-Agent: Mozilla/5.0 (Windows NT 10.0; Win64; x64) AppleWebKit/537.36 (KHTML, like Gecko) Firefox/89.0
2024-11-11 19:23:36,062 - INFO - Found 46 headlines for 2020/sep/17
2024-11-11 19:23:36,177 - INFO - Using User-Agent: Mozilla/5.0 (Macintosh; Intel Mac OS X 10_10) AppleWebKit/537.36 (KHTML, like Gecko) Chrome/108.0.5361.172 Safari/537.36
2024-11-11 19:23:37,256 - INFO - Found 46 headlines for 2020/sep/18
2024-11-11 19:23:37,563 - INFO - Using User-Agent: Mozilla/5.0 (X11; Linux i686) AppleWebKit/537.36 (KHTML, like Gecko) Chrome/109.0.5388.177 Safari/537.36
2024-11-11 19:23:38,712 - INFO - Found 24 headlines for 2020/sep/19
2024-11-11 19:23:38,935 - INFO - Using User-Agent: Mozilla/5.0 (Windows NT 10.0; Win64; x64) AppleWebKit/537.36 (KHTML, like Gecko) Firefox/89.0
2024-11-11 19:23:40,100 - INFO - Found 27 headlines for 2020/sep/20
2024-11-11 19:23:40,897 - INFO - Using User-Agent: Mozilla/5.0 (Macintosh; Intel Mac OS X 10_15_7) AppleWebKit/537.36 (KHTML, like Gecko) Chrome/108.0.0.0 Safari/537.36
2024-11-11 19:23:42,184 - INFO - Found 46 headlines for 2020/sep/21
2024-11-11 19:23:42,857 - INFO - Using User-Agent: Mozilla/5.0 (Macintosh; Intel Mac OS X 10_10) AppleWebKit/537.36 (KHTML, like Gecko) Chrome/108.0.5361.172 Safari/537.36
2024-11-11 19:23:43,803 - INFO - Found 46 headlines for 2020/sep/22
2024-11-11 19:23:44,544 - INFO - Using User-Agent: Mozilla/5.0 (Macintosh; Intel Mac OS X 11_14) AppleWebKit/537.36 (KHTML, like Gecko) Chrome/109.0.5397.215 Safari/537.36
2024-11-11 19:23:45,644 - INFO - Found 46 headlines for 2020/sep/23
2024-11-11 19:23:46,095 - INFO - Using User-Agent: Mozilla/5.0 (Macintosh; Intel Mac OS X 11_3) AppleWebKit/537.36 (KHTML, like Gecko) Chrome/109.0.5412.99 Safari/537.36
2024-11-11 19:23:47,046 - INFO - Found 46 headlines for 2020/sep/24
2024-11-11 19:23:47,632 - INFO - Using User-Agent: Mozilla/5.0 (Windows NT 10.0; Win64; x64) AppleWebKit/537.36 (KHTML, like Gecko) Firefox/89.0
2024-11-11 19:23:48,479 - INFO - Found 40 headlines for 2020/sep/25
2024-11-11 19:23:49,289 - INFO - Using User-Agent: Mozilla/5.0 (Macintosh; Intel Mac OS X 10_10) AppleWebKit/537.36 (KHTML, like Gecko) Chrome/108.0.5361.172 Safari/537.36
2024-11-11 19:23:50,295 - INFO - Found 19 headlines for 2020/sep/26
2024-11-11 19:23:50,375 - INFO - Using User-Agent: Mozilla/5.0 (Macintosh; Intel Mac OS X 10_15_7) AppleWebKit/537.36 (KHTML, like Gecko) Chrome/108.0.0.0 Safari/537.36
2024-11-11 19:23:51,330 - INFO - Found 20 headlines for 2020/sep/27
2024-11-11 19:23:51,433 - INFO - Using User-Agent: Mozilla/5.0 (Macintosh; Intel Mac OS X 11_3) AppleWebKit/537.36 (KHTML, like Gecko) Chrome/109.0.5412.99 Safari/537.36
2024-11-11 19:23:52,401 - INFO - Found 40 headlines for 2020/sep/28
2024-11-11 19:23:52,533 - INFO - Using User-Agent: Mozilla/5.0 (Macintosh; Intel Mac OS X 10_15_7) AppleWebKit/537.36 (KHTML, like Gecko) Chrome/108.0.0.0 Safari/537.36
2024-11-11 19:23:53,584 - INFO - Found 42 headlines for 2020/sep/29
2024-11-11 19:23:53,717 - INFO - Using User-Agent: Mozilla/5.0 (Macintosh; Intel Mac OS X 11_3) AppleWebKit/537.36 (KHTML, like Gecko) Chrome/109.0.5412.99 Safari/537.36
2024-11-11 19:23:54,578 - INFO - Found 46 headlines for 2020/sep/30
2024-11-11 19:23:55,488 - INFO - Using User-Agent: Mozilla/5.0 (Macintosh; Intel Mac OS X 11_14) AppleWebKit/537.36 (KHTML, like Gecko) Chrome/109.0.5397.215 Safari/537.36
2024-11-11 19:23:56,461 - INFO - Found 46 headlines for 2020/oct/01
2024-11-11 19:23:56,912 - INFO - Using User-Agent: Mozilla/5.0 (Windows NT 10.0; Win64; x64) AppleWebKit/537.36 (KHTML, like Gecko) Firefox/89.0
2024-11-11 19:23:57,885 - INFO - Found 31 headlines for 2020/oct/02
2024-11-11 19:23:58,204 - INFO - Using User-Agent: Mozilla/5.0 (Macintosh; Intel Mac OS X 11_14) AppleWebKit/537.36 (KHTML, like Gecko) Chrome/109.0.5397.215 Safari/537.36
2024-11-11 19:23:59,316 - INFO - Found 11 headlines for 2020/oct/03
2024-11-11 19:23:59,827 - INFO - Using User-Agent: Mozilla/5.0 (Macintosh; Intel Mac OS X 11_3) AppleWebKit/537.36 (KHTML, like Gecko) Chrome/109.0.5412.99 Safari/537.36
2024-11-11 19:24:00,893 - INFO - Found 23 headlines for 2020/oct/04
2024-11-11 19:24:01,569 - INFO - Using User-Agent: Mozilla/5.0 (Macintosh; Intel Mac OS X 11_14) AppleWebKit/537.36 (KHTML, like Gecko) Chrome/109.0.5397.215 Safari/537.36
2024-11-11 19:24:02,638 - INFO - Found 30 headlines for 2020/oct/05
2024-11-11 19:24:03,397 - INFO - Using User-Agent: Mozilla/5.0 (Macintosh; Intel Mac OS X 10_15_7) AppleWebKit/605.1.15 (KHTML, like Gecko) Version/14.0.3 Safari/605.1.15
2024-11-11 19:24:04,418 - INFO - Found 46 headlines for 2020/oct/06
2024-11-11 19:24:05,170 - INFO - Using User-Agent: Mozilla/5.0 (Macintosh; Intel Mac OS X 11_3) AppleWebKit/537.36 (KHTML, like Gecko) Chrome/109.0.5412.99 Safari/537.36
2024-11-11 19:24:06,268 - INFO - Found 44 headlines for 2020/oct/07
2024-11-11 19:24:06,714 - INFO - Using User-Agent: Mozilla/5.0 (X11; Linux i686) AppleWebKit/537.36 (KHTML, like Gecko) Chrome/109.0.5388.177 Safari/537.36
2024-11-11 19:24:07,670 - INFO - Found 38 headlines for 2020/oct/08
2024-11-11 19:24:08,616 - INFO - Using User-Agent: Mozilla/5.0 (Macintosh; Intel Mac OS X 11_3) AppleWebKit/537.36 (KHTML, like Gecko) Chrome/109.0.5412.99 Safari/537.36
2024-11-11 19:24:09,558 - INFO - Found 42 headlines for 2020/oct/09
2024-11-11 19:24:10,232 - INFO - Using User-Agent: Mozilla/5.0 (X11; Linux i686) AppleWebKit/537.36 (KHTML, like Gecko) Chrome/109.0.5388.177 Safari/537.36
2024-11-11 19:24:11,186 - INFO - Found 21 headlines for 2020/oct/10
2024-11-11 19:24:11,290 - INFO - Using User-Agent: Mozilla/5.0 (Macintosh; Intel Mac OS X 11_14) AppleWebKit/537.36 (KHTML, like Gecko) Chrome/109.0.5397.215 Safari/537.36
2024-11-11 19:24:12,252 - INFO - Found 33 headlines for 2020/oct/11
2024-11-11 19:24:12,414 - INFO - Using User-Agent: Mozilla/5.0 (Macintosh; Intel Mac OS X 10_15_7) AppleWebKit/605.1.15 (KHTML, like Gecko) Version/14.0.3 Safari/605.1.15
2024-11-11 19:24:13,338 - INFO - Found 39 headlines for 2020/oct/12
2024-11-11 19:24:14,154 - INFO - Using User-Agent: Mozilla/5.0 (X11; Linux i686) AppleWebKit/537.36 (KHTML, like Gecko) Chrome/109.0.5388.177 Safari/537.36
2024-11-11 19:24:15,166 - INFO - Found 46 headlines for 2020/oct/13
2024-11-11 19:24:15,498 - INFO - Using User-Agent: Mozilla/5.0 (Macintosh; Intel Mac OS X 10_15_7) AppleWebKit/605.1.15 (KHTML, like Gecko) Version/14.0.3 Safari/605.1.15
2024-11-11 19:24:16,371 - INFO - Found 40 headlines for 2020/oct/14
2024-11-11 19:24:16,797 - INFO - Using User-Agent: Mozilla/5.0 (Macintosh; Intel Mac OS X 10_10) AppleWebKit/537.36 (KHTML, like Gecko) Chrome/108.0.5361.172 Safari/537.36
2024-11-11 19:24:17,796 - INFO - Found 46 headlines for 2020/oct/15
2024-11-11 19:24:18,551 - INFO - Using User-Agent: Mozilla/5.0 (Macintosh; Intel Mac OS X 10_15_7) AppleWebKit/537.36 (KHTML, like Gecko) Chrome/108.0.0.0 Safari/537.36
2024-11-11 19:24:19,548 - INFO - Found 39 headlines for 2020/oct/16
2024-11-11 19:24:20,245 - INFO - Using User-Agent: Mozilla/5.0 (Macintosh; Intel Mac OS X 10_15_7) AppleWebKit/537.36 (KHTML, like Gecko) Chrome/108.0.0.0 Safari/537.36
2024-11-11 19:24:21,191 - INFO - Found 41 headlines for 2020/oct/17
2024-11-11 19:24:21,929 - INFO - Using User-Agent: Mozilla/5.0 (X11; Linux i686) AppleWebKit/537.36 (KHTML, like Gecko) Chrome/109.0.5388.177 Safari/537.36
2024-11-11 19:24:24,068 - INFO - Found 27 headlines for 2020/oct/18
2024-11-11 19:24:25,000 - INFO - Using User-Agent: Mozilla/5.0 (Macintosh; Intel Mac OS X 10_10) AppleWebKit/537.36 (KHTML, like Gecko) Chrome/108.0.5361.172 Safari/537.36
2024-11-11 19:24:26,418 - INFO - Found 41 headlines for 2020/oct/19
2024-11-11 19:24:27,049 - INFO - Using User-Agent: Mozilla/5.0 (Windows NT 10.0; Win64; x64) AppleWebKit/537.36 (KHTML, like Gecko) Firefox/89.0
2024-11-11 19:24:28,012 - INFO - Found 41 headlines for 2020/oct/20
2024-11-11 19:24:28,985 - INFO - Using User-Agent: Mozilla/5.0 (Windows NT 10.0; Win64; x64) AppleWebKit/537.36 (KHTML, like Gecko) Firefox/89.0
2024-11-11 19:24:30,080 - INFO - Found 35 headlines for 2020/oct/21
2024-11-11 19:24:30,443 - INFO - Using User-Agent: Mozilla/5.0 (Macintosh; Intel Mac OS X 11_3) AppleWebKit/537.36 (KHTML, like Gecko) Chrome/109.0.5412.99 Safari/537.36
2024-11-11 19:24:31,350 - INFO - Found 46 headlines for 2020/oct/22
2024-11-11 19:24:31,438 - INFO - Using User-Agent: Mozilla/5.0 (X11; Linux i686) AppleWebKit/537.36 (KHTML, like Gecko) Chrome/109.0.5388.177 Safari/537.36
2024-11-11 19:24:32,527 - INFO - Found 36 headlines for 2020/oct/23
2024-11-11 19:24:33,443 - INFO - Using User-Agent: Mozilla/5.0 (Macintosh; Intel Mac OS X 10_15_7) AppleWebKit/605.1.15 (KHTML, like Gecko) Version/14.0.3 Safari/605.1.15
2024-11-11 19:24:34,381 - INFO - Found 33 headlines for 2020/oct/24
2024-11-11 19:24:35,017 - INFO - Using User-Agent: Mozilla/5.0 (Macintosh; Intel Mac OS X 11_14) AppleWebKit/537.36 (KHTML, like Gecko) Chrome/109.0.5397.215 Safari/537.36
2024-11-11 19:24:36,016 - INFO - Found 29 headlines for 2020/oct/25
2024-11-11 19:24:36,628 - INFO - Using User-Agent: Mozilla/5.0 (Macintosh; Intel Mac OS X 10_15_7) AppleWebKit/537.36 (KHTML, like Gecko) Chrome/108.0.0.0 Safari/537.36
2024-11-11 19:24:37,497 - INFO - Found 38 headlines for 2020/oct/26
2024-11-11 19:24:37,586 - INFO - Using User-Agent: Mozilla/5.0 (Macintosh; Intel Mac OS X 11_14) AppleWebKit/537.36 (KHTML, like Gecko) Chrome/109.0.5397.215 Safari/537.36
2024-11-11 19:24:38,679 - INFO - Found 38 headlines for 2020/oct/27
2024-11-11 19:24:39,466 - INFO - Using User-Agent: Mozilla/5.0 (Macintosh; Intel Mac OS X 11_14) AppleWebKit/537.36 (KHTML, like Gecko) Chrome/109.0.5397.215 Safari/537.36
2024-11-11 19:24:40,492 - INFO - Found 35 headlines for 2020/oct/28
2024-11-11 19:24:41,194 - INFO - Using User-Agent: Mozilla/5.0 (Macintosh; Intel Mac OS X 11_14) AppleWebKit/537.36 (KHTML, like Gecko) Chrome/109.0.5397.215 Safari/537.36
2024-11-11 19:24:42,132 - INFO - Found 42 headlines for 2020/oct/29
2024-11-11 19:24:43,065 - INFO - Using User-Agent: Mozilla/5.0 (X11; Linux i686) AppleWebKit/537.36 (KHTML, like Gecko) Chrome/109.0.5388.177 Safari/537.36
2024-11-11 19:24:44,007 - INFO - Found 45 headlines for 2020/oct/30
2024-11-11 19:24:44,817 - INFO - Using User-Agent: Mozilla/5.0 (Macintosh; Intel Mac OS X 11_3) AppleWebKit/537.36 (KHTML, like Gecko) Chrome/109.0.5412.99 Safari/537.36
2024-11-11 19:24:45,811 - INFO - Found 26 headlines for 2020/oct/31
2024-11-11 19:24:46,734 - INFO - Using User-Agent: Mozilla/5.0 (Macintosh; Intel Mac OS X 11_3) AppleWebKit/537.36 (KHTML, like Gecko) Chrome/109.0.5412.99 Safari/537.36
2024-11-11 19:24:47,689 - INFO - Found 46 headlines for 2020/nov/01
2024-11-11 19:24:48,683 - INFO - Using User-Agent: Mozilla/5.0 (Windows NT 10.0; Win64; x64) AppleWebKit/537.36 (KHTML, like Gecko) Firefox/89.0
2024-11-11 19:24:49,608 - INFO - Found 46 headlines for 2020/nov/02
2024-11-11 19:24:50,364 - INFO - Using User-Agent: Mozilla/5.0 (Windows NT 10.0; Win64; x64) AppleWebKit/537.36 (KHTML, like Gecko) Firefox/89.0
2024-11-11 19:24:51,366 - INFO - Found 46 headlines for 2020/nov/03
2024-11-11 19:24:51,961 - INFO - Using User-Agent: Mozilla/5.0 (Windows NT 10.0; Win64; x64) AppleWebKit/537.36 (KHTML, like Gecko) Chrome/91.0.4472.124 Safari/537.36
2024-11-11 19:24:52,898 - INFO - Found 31 headlines for 2020/nov/04
2024-11-11 19:24:52,921 - INFO - Using User-Agent: Mozilla/5.0 (Macintosh; Intel Mac OS X 10_15_7) AppleWebKit/537.36 (KHTML, like Gecko) Chrome/108.0.0.0 Safari/537.36
2024-11-11 19:24:54,041 - INFO - Found 37 headlines for 2020/nov/05
2024-11-11 19:24:54,521 - INFO - Using User-Agent: Mozilla/5.0 (Macintosh; Intel Mac OS X 11_14) AppleWebKit/537.36 (KHTML, like Gecko) Chrome/109.0.5397.215 Safari/537.36
2024-11-11 19:24:55,667 - INFO - Found 35 headlines for 2020/nov/06
2024-11-11 19:24:56,245 - INFO - Using User-Agent: Mozilla/5.0 (Macintosh; Intel Mac OS X 11_3) AppleWebKit/537.36 (KHTML, like Gecko) Chrome/109.0.5412.99 Safari/537.36
2024-11-11 19:24:57,322 - INFO - Found 22 headlines for 2020/nov/07
2024-11-11 19:24:57,806 - INFO - Using User-Agent: Mozilla/5.0 (X11; Linux i686) AppleWebKit/537.36 (KHTML, like Gecko) Chrome/109.0.5388.177 Safari/537.36
2024-11-11 19:24:58,698 - INFO - Found 35 headlines for 2020/nov/08
2024-11-11 19:24:59,662 - INFO - Using User-Agent: Mozilla/5.0 (Windows NT 10.0; Win64; x64) AppleWebKit/537.36 (KHTML, like Gecko) Firefox/89.0
2024-11-11 19:25:00,558 - INFO - Found 30 headlines for 2020/nov/09
2024-11-11 19:25:00,775 - INFO - Using User-Agent: Mozilla/5.0 (Windows NT 10.0; Win64; x64) AppleWebKit/537.36 (KHTML, like Gecko) Chrome/91.0.4472.124 Safari/537.36
2024-11-11 19:25:01,781 - INFO - Found 46 headlines for 2020/nov/10
2024-11-11 19:25:01,925 - INFO - Using User-Agent: Mozilla/5.0 (X11; Linux i686) AppleWebKit/537.36 (KHTML, like Gecko) Chrome/109.0.5388.177 Safari/537.36
2024-11-11 19:25:03,030 - INFO - Found 37 headlines for 2020/nov/11
2024-11-11 19:25:04,001 - INFO - Using User-Agent: Mozilla/5.0 (Macintosh; Intel Mac OS X 11_3) AppleWebKit/537.36 (KHTML, like Gecko) Chrome/109.0.5412.99 Safari/537.36
2024-11-11 19:25:05,108 - INFO - Found 46 headlines for 2020/nov/12
2024-11-11 19:25:05,222 - INFO - Using User-Agent: Mozilla/5.0 (Macintosh; Intel Mac OS X 10_15_7) AppleWebKit/537.36 (KHTML, like Gecko) Chrome/108.0.0.0 Safari/537.36
2024-11-11 19:25:06,109 - INFO - Found 45 headlines for 2020/nov/13
2024-11-11 19:25:06,200 - INFO - Using User-Agent: Mozilla/5.0 (Macintosh; Intel Mac OS X 10_10) AppleWebKit/537.36 (KHTML, like Gecko) Chrome/108.0.5361.172 Safari/537.36
2024-11-11 19:25:07,013 - INFO - Found 20 headlines for 2020/nov/14
2024-11-11 19:25:07,520 - INFO - Using User-Agent: Mozilla/5.0 (Macintosh; Intel Mac OS X 11_3) AppleWebKit/537.36 (KHTML, like Gecko) Chrome/109.0.5412.99 Safari/537.36
2024-11-11 19:25:08,446 - INFO - Found 35 headlines for 2020/nov/15
2024-11-11 19:25:09,174 - INFO - Using User-Agent: Mozilla/5.0 (Windows NT 10.0; Win64; x64) AppleWebKit/537.36 (KHTML, like Gecko) Chrome/91.0.4472.124 Safari/537.36
2024-11-11 19:25:10,277 - INFO - Found 41 headlines for 2020/nov/16
2024-11-11 19:25:10,416 - INFO - Using User-Agent: Mozilla/5.0 (Macintosh; Intel Mac OS X 10_10) AppleWebKit/537.36 (KHTML, like Gecko) Chrome/108.0.5361.172 Safari/537.36
2024-11-11 19:25:11,432 - INFO - Found 38 headlines for 2020/nov/17
2024-11-11 19:25:11,758 - INFO - Using User-Agent: Mozilla/5.0 (Windows NT 10.0; Win64; x64) AppleWebKit/537.36 (KHTML, like Gecko) Chrome/91.0.4472.124 Safari/537.36
2024-11-11 19:25:12,675 - INFO - Found 46 headlines for 2020/nov/18
2024-11-11 19:25:13,360 - INFO - Using User-Agent: Mozilla/5.0 (X11; Linux i686) AppleWebKit/537.36 (KHTML, like Gecko) Chrome/109.0.5388.177 Safari/537.36
2024-11-11 19:25:14,299 - INFO - Found 40 headlines for 2020/nov/19
2024-11-11 19:25:14,524 - INFO - Using User-Agent: Mozilla/5.0 (Macintosh; Intel Mac OS X 11_14) AppleWebKit/537.36 (KHTML, like Gecko) Chrome/109.0.5397.215 Safari/537.36
2024-11-11 19:25:15,512 - INFO - Found 36 headlines for 2020/nov/20
2024-11-11 19:25:15,854 - INFO - Using User-Agent: Mozilla/5.0 (Macintosh; Intel Mac OS X 10_15_7) AppleWebKit/605.1.15 (KHTML, like Gecko) Version/14.0.3 Safari/605.1.15
2024-11-11 19:25:16,958 - INFO - Found 21 headlines for 2020/nov/21
2024-11-11 19:25:17,796 - INFO - Using User-Agent: Mozilla/5.0 (Windows NT 10.0; Win64; x64) AppleWebKit/537.36 (KHTML, like Gecko) Chrome/91.0.4472.124 Safari/537.36
2024-11-11 19:25:19,922 - INFO - Found 27 headlines for 2020/nov/22
2024-11-11 19:25:20,416 - INFO - Using User-Agent: Mozilla/5.0 (Macintosh; Intel Mac OS X 11_14) AppleWebKit/537.36 (KHTML, like Gecko) Chrome/109.0.5397.215 Safari/537.36
2024-11-11 19:25:21,493 - INFO - Found 45 headlines for 2020/nov/23
2024-11-11 19:25:21,547 - INFO - Using User-Agent: Mozilla/5.0 (X11; Linux i686) AppleWebKit/537.36 (KHTML, like Gecko) Chrome/109.0.5388.177 Safari/537.36
2024-11-11 19:25:22,486 - INFO - Found 39 headlines for 2020/nov/24
2024-11-11 19:25:23,287 - INFO - Using User-Agent: Mozilla/5.0 (Macintosh; Intel Mac OS X 10_10) AppleWebKit/537.36 (KHTML, like Gecko) Chrome/108.0.5361.172 Safari/537.36
2024-11-11 19:25:24,326 - INFO - Found 38 headlines for 2020/nov/25
2024-11-11 19:25:24,851 - INFO - Using User-Agent: Mozilla/5.0 (Macintosh; Intel Mac OS X 10_10) AppleWebKit/537.36 (KHTML, like Gecko) Chrome/108.0.5361.172 Safari/537.36
2024-11-11 19:25:25,798 - INFO - Found 45 headlines for 2020/nov/26
2024-11-11 19:25:26,490 - INFO - Using User-Agent: Mozilla/5.0 (Macintosh; Intel Mac OS X 11_14) AppleWebKit/537.36 (KHTML, like Gecko) Chrome/109.0.5397.215 Safari/537.36
2024-11-11 19:25:27,713 - INFO - Found 43 headlines for 2020/nov/27
2024-11-11 19:25:28,527 - INFO - Using User-Agent: Mozilla/5.0 (Macintosh; Intel Mac OS X 11_14) AppleWebKit/537.36 (KHTML, like Gecko) Chrome/109.0.5397.215 Safari/537.36
2024-11-11 19:25:29,420 - INFO - Found 22 headlines for 2020/nov/28
2024-11-11 19:25:30,420 - INFO - Using User-Agent: Mozilla/5.0 (Macintosh; Intel Mac OS X 10_15_7) AppleWebKit/605.1.15 (KHTML, like Gecko) Version/14.0.3 Safari/605.1.15
2024-11-11 19:25:31,504 - INFO - Found 35 headlines for 2020/nov/29
2024-11-11 19:25:32,485 - INFO - Using User-Agent: Mozilla/5.0 (Windows NT 10.0; Win64; x64) AppleWebKit/537.36 (KHTML, like Gecko) Chrome/91.0.4472.124 Safari/537.36
2024-11-11 19:25:33,530 - INFO - Found 37 headlines for 2020/nov/30
2024-11-11 19:25:34,233 - INFO - Using User-Agent: Mozilla/5.0 (Macintosh; Intel Mac OS X 10_10) AppleWebKit/537.36 (KHTML, like Gecko) Chrome/108.0.5361.172 Safari/537.36
2024-11-11 19:25:35,226 - INFO - Found 44 headlines for 2020/dec/01
2024-11-11 19:25:35,891 - INFO - Using User-Agent: Mozilla/5.0 (Macintosh; Intel Mac OS X 11_3) AppleWebKit/537.36 (KHTML, like Gecko) Chrome/109.0.5412.99 Safari/537.36
2024-11-11 19:25:36,829 - INFO - Found 36 headlines for 2020/dec/02
2024-11-11 19:25:37,449 - INFO - Using User-Agent: Mozilla/5.0 (Macintosh; Intel Mac OS X 11_3) AppleWebKit/537.36 (KHTML, like Gecko) Chrome/109.0.5412.99 Safari/537.36
2024-11-11 19:25:38,750 - INFO - Found 43 headlines for 2020/dec/03
2024-11-11 19:25:39,643 - INFO - Using User-Agent: Mozilla/5.0 (Macintosh; Intel Mac OS X 10_15_7) AppleWebKit/605.1.15 (KHTML, like Gecko) Version/14.0.3 Safari/605.1.15
2024-11-11 19:25:40,739 - INFO - Found 40 headlines for 2020/dec/04
2024-11-11 19:25:41,628 - INFO - Using User-Agent: Mozilla/5.0 (Windows NT 10.0; Win64; x64) AppleWebKit/537.36 (KHTML, like Gecko) Chrome/91.0.4472.124 Safari/537.36
2024-11-11 19:25:42,753 - INFO - Found 22 headlines for 2020/dec/05
2024-11-11 19:25:43,521 - INFO - Using User-Agent: Mozilla/5.0 (X11; Linux i686) AppleWebKit/537.36 (KHTML, like Gecko) Chrome/109.0.5388.177 Safari/537.36
2024-11-11 19:25:44,636 - INFO - Found 34 headlines for 2020/dec/06
2024-11-11 19:25:45,166 - INFO - Using User-Agent: Mozilla/5.0 (Macintosh; Intel Mac OS X 11_14) AppleWebKit/537.36 (KHTML, like Gecko) Chrome/109.0.5397.215 Safari/537.36
2024-11-11 19:25:46,241 - INFO - Found 41 headlines for 2020/dec/07
2024-11-11 19:25:46,721 - INFO - Using User-Agent: Mozilla/5.0 (Macintosh; Intel Mac OS X 10_10) AppleWebKit/537.36 (KHTML, like Gecko) Chrome/108.0.5361.172 Safari/537.36
2024-11-11 19:25:47,723 - INFO - Found 36 headlines for 2020/dec/08
2024-11-11 19:25:48,682 - INFO - Using User-Agent: Mozilla/5.0 (Macintosh; Intel Mac OS X 11_3) AppleWebKit/537.36 (KHTML, like Gecko) Chrome/109.0.5412.99 Safari/537.36
2024-11-11 19:25:49,546 - INFO - Found 39 headlines for 2020/dec/09
2024-11-11 19:25:49,588 - INFO - Using User-Agent: Mozilla/5.0 (X11; Linux i686) AppleWebKit/537.36 (KHTML, like Gecko) Chrome/109.0.5388.177 Safari/537.36
2024-11-11 19:25:50,533 - INFO - Found 32 headlines for 2020/dec/10
2024-11-11 19:25:50,558 - INFO - Using User-Agent: Mozilla/5.0 (Macintosh; Intel Mac OS X 10_15_7) AppleWebKit/537.36 (KHTML, like Gecko) Chrome/108.0.0.0 Safari/537.36
2024-11-11 19:25:51,486 - INFO - Found 43 headlines for 2020/dec/11
2024-11-11 19:25:52,426 - INFO - Using User-Agent: Mozilla/5.0 (Windows NT 10.0; Win64; x64) AppleWebKit/537.36 (KHTML, like Gecko) Chrome/91.0.4472.124 Safari/537.36
2024-11-11 19:25:53,264 - INFO - Found 27 headlines for 2020/dec/12
2024-11-11 19:25:53,527 - INFO - Using User-Agent: Mozilla/5.0 (Macintosh; Intel Mac OS X 11_3) AppleWebKit/537.36 (KHTML, like Gecko) Chrome/109.0.5412.99 Safari/537.36
2024-11-11 19:25:54,518 - INFO - Found 22 headlines for 2020/dec/13
2024-11-11 19:25:55,282 - INFO - Using User-Agent: Mozilla/5.0 (Windows NT 10.0; Win64; x64) AppleWebKit/537.36 (KHTML, like Gecko) Chrome/91.0.4472.124 Safari/537.36
2024-11-11 19:25:56,273 - INFO - Found 42 headlines for 2020/dec/14
2024-11-11 19:25:56,330 - INFO - Using User-Agent: Mozilla/5.0 (Windows NT 10.0; Win64; x64) AppleWebKit/537.36 (KHTML, like Gecko) Chrome/91.0.4472.124 Safari/537.36
2024-11-11 19:25:57,406 - INFO - Found 45 headlines for 2020/dec/15
2024-11-11 19:25:57,620 - INFO - Using User-Agent: Mozilla/5.0 (Macintosh; Intel Mac OS X 11_3) AppleWebKit/537.36 (KHTML, like Gecko) Chrome/109.0.5412.99 Safari/537.36
2024-11-11 19:25:58,538 - INFO - Found 42 headlines for 2020/dec/16
2024-11-11 19:25:58,605 - INFO - Using User-Agent: Mozilla/5.0 (Windows NT 10.0; Win64; x64) AppleWebKit/537.36 (KHTML, like Gecko) Firefox/89.0
2024-11-11 19:25:59,543 - INFO - Found 37 headlines for 2020/dec/17
2024-11-11 19:26:00,275 - INFO - Using User-Agent: Mozilla/5.0 (Macintosh; Intel Mac OS X 11_14) AppleWebKit/537.36 (KHTML, like Gecko) Chrome/109.0.5397.215 Safari/537.36
2024-11-11 19:26:01,326 - INFO - Found 43 headlines for 2020/dec/18
2024-11-11 19:26:01,764 - INFO - Using User-Agent: Mozilla/5.0 (Macintosh; Intel Mac OS X 10_15_7) AppleWebKit/537.36 (KHTML, like Gecko) Chrome/108.0.0.0 Safari/537.36
2024-11-11 19:26:02,851 - INFO - Found 23 headlines for 2020/dec/19
2024-11-11 19:26:03,657 - INFO - Using User-Agent: Mozilla/5.0 (Windows NT 10.0; Win64; x64) AppleWebKit/537.36 (KHTML, like Gecko) Firefox/89.0
2024-11-11 19:26:04,697 - INFO - Found 37 headlines for 2020/dec/20
2024-11-11 19:26:04,810 - INFO - Using User-Agent: Mozilla/5.0 (Windows NT 10.0; Win64; x64) AppleWebKit/537.36 (KHTML, like Gecko) Chrome/91.0.4472.124 Safari/537.36
2024-11-11 19:26:05,952 - INFO - Found 41 headlines for 2020/dec/21
2024-11-11 19:26:06,269 - INFO - Using User-Agent: Mozilla/5.0 (Macintosh; Intel Mac OS X 10_15_7) AppleWebKit/605.1.15 (KHTML, like Gecko) Version/14.0.3 Safari/605.1.15
2024-11-11 19:26:07,363 - INFO - Found 46 headlines for 2020/dec/22
2024-11-11 19:26:08,104 - INFO - Using User-Agent: Mozilla/5.0 (Windows NT 10.0; Win64; x64) AppleWebKit/537.36 (KHTML, like Gecko) Chrome/91.0.4472.124 Safari/537.36
2024-11-11 19:26:08,997 - INFO - Found 41 headlines for 2020/dec/23
2024-11-11 19:26:09,134 - INFO - Using User-Agent: Mozilla/5.0 (Macintosh; Intel Mac OS X 11_14) AppleWebKit/537.36 (KHTML, like Gecko) Chrome/109.0.5397.215 Safari/537.36
2024-11-11 19:26:10,293 - INFO - Found 15 headlines for 2020/dec/24
2024-11-11 19:26:10,822 - INFO - Using User-Agent: Mozilla/5.0 (Macintosh; Intel Mac OS X 10_10) AppleWebKit/537.36 (KHTML, like Gecko) Chrome/108.0.5361.172 Safari/537.36
2024-11-11 19:26:11,709 - INFO - Found 14 headlines for 2020/dec/25
2024-11-11 19:26:12,247 - INFO - Using User-Agent: Mozilla/5.0 (Macintosh; Intel Mac OS X 11_3) AppleWebKit/537.36 (KHTML, like Gecko) Chrome/109.0.5412.99 Safari/537.36
2024-11-11 19:26:13,482 - INFO - Found 17 headlines for 2020/dec/26
2024-11-11 19:26:14,359 - INFO - Using User-Agent: Mozilla/5.0 (X11; Linux i686) AppleWebKit/537.36 (KHTML, like Gecko) Chrome/109.0.5388.177 Safari/537.36
2024-11-11 19:26:15,328 - INFO - Found 26 headlines for 2020/dec/27
2024-11-11 19:26:15,518 - INFO - Using User-Agent: Mozilla/5.0 (X11; Linux i686) AppleWebKit/537.36 (KHTML, like Gecko) Chrome/109.0.5388.177 Safari/537.36
2024-11-11 19:26:16,536 - INFO - Found 30 headlines for 2020/dec/28
2024-11-11 19:26:16,748 - INFO - Using User-Agent: Mozilla/5.0 (Windows NT 10.0; Win64; x64) AppleWebKit/537.36 (KHTML, like Gecko) Firefox/89.0
2024-11-11 19:26:17,617 - INFO - Found 37 headlines for 2020/dec/29
2024-11-11 19:26:17,965 - INFO - Using User-Agent: Mozilla/5.0 (Macintosh; Intel Mac OS X 11_14) AppleWebKit/537.36 (KHTML, like Gecko) Chrome/109.0.5397.215 Safari/537.36
2024-11-11 19:26:19,052 - INFO - Found 45 headlines for 2020/dec/30
2024-11-11 19:26:19,490 - INFO - Using User-Agent: Mozilla/5.0 (Macintosh; Intel Mac OS X 10_15_7) AppleWebKit/537.36 (KHTML, like Gecko) Chrome/108.0.0.0 Safari/537.36
2024-11-11 19:26:20,446 - INFO - Found 34 headlines for 2020/dec/31
2024-11-11 19:26:20,809 - INFO - Using User-Agent: Mozilla/5.0 (Macintosh; Intel Mac OS X 10_10) AppleWebKit/537.36 (KHTML, like Gecko) Chrome/108.0.5361.172 Safari/537.36
2024-11-11 19:26:21,888 - INFO - Found 32 headlines for 2021/jan/01
2024-11-11 19:26:21,976 - INFO - Using User-Agent: Mozilla/5.0 (X11; Linux i686) AppleWebKit/537.36 (KHTML, like Gecko) Chrome/109.0.5388.177 Safari/537.36
2024-11-11 19:26:22,944 - INFO - Found 29 headlines for 2021/jan/02
2024-11-11 19:26:22,967 - INFO - Using User-Agent: Mozilla/5.0 (Windows NT 10.0; Win64; x64) AppleWebKit/537.36 (KHTML, like Gecko) Chrome/91.0.4472.124 Safari/537.36
2024-11-11 19:26:23,913 - INFO - Found 30 headlines for 2021/jan/03
2024-11-11 19:26:24,287 - INFO - Using User-Agent: Mozilla/5.0 (Windows NT 10.0; Win64; x64) AppleWebKit/537.36 (KHTML, like Gecko) Firefox/89.0
2024-11-11 19:26:25,168 - INFO - Found 44 headlines for 2021/jan/04
2024-11-11 19:26:25,359 - INFO - Using User-Agent: Mozilla/5.0 (Macintosh; Intel Mac OS X 10_15_7) AppleWebKit/537.36 (KHTML, like Gecko) Chrome/108.0.0.0 Safari/537.36
2024-11-11 19:26:26,254 - INFO - Found 46 headlines for 2021/jan/05
2024-11-11 19:26:27,259 - INFO - Using User-Agent: Mozilla/5.0 (Windows NT 10.0; Win64; x64) AppleWebKit/537.36 (KHTML, like Gecko) Firefox/89.0
2024-11-11 19:26:28,186 - INFO - Found 40 headlines for 2021/jan/06
2024-11-11 19:26:28,470 - INFO - Using User-Agent: Mozilla/5.0 (Macintosh; Intel Mac OS X 11_14) AppleWebKit/537.36 (KHTML, like Gecko) Chrome/109.0.5397.215 Safari/537.36
2024-11-11 19:26:29,462 - INFO - Found 27 headlines for 2021/jan/07
2024-11-11 19:26:29,880 - INFO - Using User-Agent: Mozilla/5.0 (Windows NT 10.0; Win64; x64) AppleWebKit/537.36 (KHTML, like Gecko) Firefox/89.0
2024-11-11 19:26:30,919 - INFO - Found 44 headlines for 2021/jan/08
2024-11-11 19:26:31,917 - INFO - Using User-Agent: Mozilla/5.0 (Windows NT 10.0; Win64; x64) AppleWebKit/537.36 (KHTML, like Gecko) Firefox/89.0
2024-11-11 19:26:32,760 - INFO - Found 25 headlines for 2021/jan/09
2024-11-11 19:26:33,151 - INFO - Using User-Agent: Mozilla/5.0 (Macintosh; Intel Mac OS X 10_15_7) AppleWebKit/537.36 (KHTML, like Gecko) Chrome/108.0.0.0 Safari/537.36
2024-11-11 19:26:34,150 - INFO - Found 31 headlines for 2021/jan/10
2024-11-11 19:26:34,971 - INFO - Using User-Agent: Mozilla/5.0 (Windows NT 10.0; Win64; x64) AppleWebKit/537.36 (KHTML, like Gecko) Chrome/91.0.4472.124 Safari/537.36
2024-11-11 19:26:36,086 - INFO - Found 44 headlines for 2021/jan/11
2024-11-11 19:26:36,124 - INFO - Using User-Agent: Mozilla/5.0 (Macintosh; Intel Mac OS X 10_15_7) AppleWebKit/605.1.15 (KHTML, like Gecko) Version/14.0.3 Safari/605.1.15
2024-11-11 19:26:37,252 - INFO - Found 43 headlines for 2021/jan/12
2024-11-11 19:26:37,461 - INFO - Using User-Agent: Mozilla/5.0 (Macintosh; Intel Mac OS X 10_15_7) AppleWebKit/605.1.15 (KHTML, like Gecko) Version/14.0.3 Safari/605.1.15
2024-11-11 19:26:38,468 - INFO - Found 44 headlines for 2021/jan/13
2024-11-11 19:26:38,929 - INFO - Using User-Agent: Mozilla/5.0 (Macintosh; Intel Mac OS X 11_3) AppleWebKit/537.36 (KHTML, like Gecko) Chrome/109.0.5412.99 Safari/537.36
2024-11-11 19:26:39,864 - INFO - Found 45 headlines for 2021/jan/14
2024-11-11 19:26:39,971 - INFO - Using User-Agent: Mozilla/5.0 (Macintosh; Intel Mac OS X 10_10) AppleWebKit/537.36 (KHTML, like Gecko) Chrome/108.0.5361.172 Safari/537.36
2024-11-11 19:26:40,993 - INFO - Found 46 headlines for 2021/jan/15
2024-11-11 19:26:41,958 - INFO - Using User-Agent: Mozilla/5.0 (Windows NT 10.0; Win64; x64) AppleWebKit/537.36 (KHTML, like Gecko) Firefox/89.0
2024-11-11 19:26:42,770 - INFO - Found 19 headlines for 2021/jan/16
2024-11-11 19:26:43,019 - INFO - Using User-Agent: Mozilla/5.0 (X11; Linux i686) AppleWebKit/537.36 (KHTML, like Gecko) Chrome/109.0.5388.177 Safari/537.36
2024-11-11 19:26:43,984 - INFO - Found 27 headlines for 2021/jan/17
2024-11-11 19:26:44,808 - INFO - Using User-Agent: Mozilla/5.0 (Macintosh; Intel Mac OS X 10_10) AppleWebKit/537.36 (KHTML, like Gecko) Chrome/108.0.5361.172 Safari/537.36
2024-11-11 19:26:45,822 - INFO - Found 41 headlines for 2021/jan/18
2024-11-11 19:26:46,169 - INFO - Using User-Agent: Mozilla/5.0 (Windows NT 10.0; Win64; x64) AppleWebKit/537.36 (KHTML, like Gecko) Firefox/89.0
2024-11-11 19:26:47,305 - INFO - Found 43 headlines for 2021/jan/19
2024-11-11 19:26:47,958 - INFO - Using User-Agent: Mozilla/5.0 (Macintosh; Intel Mac OS X 10_10) AppleWebKit/537.36 (KHTML, like Gecko) Chrome/108.0.5361.172 Safari/537.36
2024-11-11 19:26:49,151 - INFO - Found 25 headlines for 2021/jan/20
2024-11-11 19:26:49,330 - INFO - Using User-Agent: Mozilla/5.0 (Macintosh; Intel Mac OS X 11_14) AppleWebKit/537.36 (KHTML, like Gecko) Chrome/109.0.5397.215 Safari/537.36
2024-11-11 19:26:50,360 - INFO - Found 41 headlines for 2021/jan/21
2024-11-11 19:26:50,743 - INFO - Using User-Agent: Mozilla/5.0 (Macintosh; Intel Mac OS X 11_3) AppleWebKit/537.36 (KHTML, like Gecko) Chrome/109.0.5412.99 Safari/537.36
2024-11-11 19:26:51,798 - INFO - Found 46 headlines for 2021/jan/22
2024-11-11 19:26:51,846 - INFO - Using User-Agent: Mozilla/5.0 (Macintosh; Intel Mac OS X 10_15_7) AppleWebKit/605.1.15 (KHTML, like Gecko) Version/14.0.3 Safari/605.1.15
2024-11-11 19:26:52,752 - INFO - Found 23 headlines for 2021/jan/23
2024-11-11 19:26:53,171 - INFO - Using User-Agent: Mozilla/5.0 (Windows NT 10.0; Win64; x64) AppleWebKit/537.36 (KHTML, like Gecko) Chrome/91.0.4472.124 Safari/537.36
2024-11-11 19:26:54,235 - INFO - Found 31 headlines for 2021/jan/24
2024-11-11 19:26:55,208 - INFO - Using User-Agent: Mozilla/5.0 (Macintosh; Intel Mac OS X 10_15_7) AppleWebKit/605.1.15 (KHTML, like Gecko) Version/14.0.3 Safari/605.1.15
2024-11-11 19:26:56,171 - INFO - Found 46 headlines for 2021/jan/25
2024-11-11 19:26:56,553 - INFO - Using User-Agent: Mozilla/5.0 (Macintosh; Intel Mac OS X 10_15_7) AppleWebKit/605.1.15 (KHTML, like Gecko) Version/14.0.3 Safari/605.1.15
2024-11-11 19:26:57,736 - INFO - Found 42 headlines for 2021/jan/26
2024-11-11 19:26:57,875 - INFO - Using User-Agent: Mozilla/5.0 (Windows NT 10.0; Win64; x64) AppleWebKit/537.36 (KHTML, like Gecko) Chrome/91.0.4472.124 Safari/537.36
2024-11-11 19:26:58,964 - INFO - Found 43 headlines for 2021/jan/27
2024-11-11 19:26:59,608 - INFO - Using User-Agent: Mozilla/5.0 (Windows NT 10.0; Win64; x64) AppleWebKit/537.36 (KHTML, like Gecko) Chrome/91.0.4472.124 Safari/537.36
2024-11-11 19:27:00,661 - INFO - Found 46 headlines for 2021/jan/28
2024-11-11 19:27:01,610 - INFO - Using User-Agent: Mozilla/5.0 (Macintosh; Intel Mac OS X 10_10) AppleWebKit/537.36 (KHTML, like Gecko) Chrome/108.0.5361.172 Safari/537.36
2024-11-11 19:27:02,641 - INFO - Found 42 headlines for 2021/jan/29
2024-11-11 19:27:02,684 - INFO - Using User-Agent: Mozilla/5.0 (Windows NT 10.0; Win64; x64) AppleWebKit/537.36 (KHTML, like Gecko) Firefox/89.0
2024-11-11 19:27:03,622 - INFO - Found 26 headlines for 2021/jan/30
2024-11-11 19:27:04,021 - INFO - Using User-Agent: Mozilla/5.0 (Macintosh; Intel Mac OS X 10_15_7) AppleWebKit/537.36 (KHTML, like Gecko) Chrome/108.0.0.0 Safari/537.36
2024-11-11 19:27:05,111 - INFO - Found 37 headlines for 2021/jan/31
2024-11-11 19:27:05,260 - INFO - Using User-Agent: Mozilla/5.0 (Macintosh; Intel Mac OS X 11_14) AppleWebKit/537.36 (KHTML, like Gecko) Chrome/109.0.5397.215 Safari/537.36
2024-11-11 19:27:06,255 - INFO - Found 45 headlines for 2021/feb/01
2024-11-11 19:27:06,784 - INFO - Using User-Agent: Mozilla/5.0 (Macintosh; Intel Mac OS X 10_15_7) AppleWebKit/537.36 (KHTML, like Gecko) Chrome/108.0.0.0 Safari/537.36
2024-11-11 19:27:07,784 - INFO - Found 38 headlines for 2021/feb/02
2024-11-11 19:27:07,931 - INFO - Using User-Agent: Mozilla/5.0 (X11; Linux i686) AppleWebKit/537.36 (KHTML, like Gecko) Chrome/109.0.5388.177 Safari/537.36
2024-11-11 19:27:09,014 - INFO - Found 40 headlines for 2021/feb/03
2024-11-11 19:27:09,708 - INFO - Using User-Agent: Mozilla/5.0 (Macintosh; Intel Mac OS X 11_3) AppleWebKit/537.36 (KHTML, like Gecko) Chrome/109.0.5412.99 Safari/537.36
2024-11-11 19:27:10,607 - INFO - Found 39 headlines for 2021/feb/04
2024-11-11 19:27:11,320 - INFO - Using User-Agent: Mozilla/5.0 (Macintosh; Intel Mac OS X 11_14) AppleWebKit/537.36 (KHTML, like Gecko) Chrome/109.0.5397.215 Safari/537.36
2024-11-11 19:27:12,531 - INFO - Found 45 headlines for 2021/feb/05
2024-11-11 19:27:12,860 - INFO - Using User-Agent: Mozilla/5.0 (Windows NT 10.0; Win64; x64) AppleWebKit/537.36 (KHTML, like Gecko) Chrome/91.0.4472.124 Safari/537.36
2024-11-11 19:27:13,921 - INFO - Found 24 headlines for 2021/feb/06
2024-11-11 19:27:14,697 - INFO - Using User-Agent: Mozilla/5.0 (Macintosh; Intel Mac OS X 10_10) AppleWebKit/537.36 (KHTML, like Gecko) Chrome/108.0.5361.172 Safari/537.36
2024-11-11 19:27:15,737 - INFO - Found 27 headlines for 2021/feb/07
2024-11-11 19:27:16,685 - INFO - Using User-Agent: Mozilla/5.0 (Macintosh; Intel Mac OS X 11_14) AppleWebKit/537.36 (KHTML, like Gecko) Chrome/109.0.5397.215 Safari/537.36
2024-11-11 19:27:17,808 - INFO - Found 45 headlines for 2021/feb/08
2024-11-11 19:27:17,989 - INFO - Using User-Agent: Mozilla/5.0 (Windows NT 10.0; Win64; x64) AppleWebKit/537.36 (KHTML, like Gecko) Firefox/89.0
2024-11-11 19:27:19,067 - INFO - Found 41 headlines for 2021/feb/09
2024-11-11 19:27:19,645 - INFO - Using User-Agent: Mozilla/5.0 (Windows NT 10.0; Win64; x64) AppleWebKit/537.36 (KHTML, like Gecko) Firefox/89.0
2024-11-11 19:27:20,489 - INFO - Found 46 headlines for 2021/feb/10
2024-11-11 19:27:20,939 - INFO - Using User-Agent: Mozilla/5.0 (Macintosh; Intel Mac OS X 10_15_7) AppleWebKit/605.1.15 (KHTML, like Gecko) Version/14.0.3 Safari/605.1.15
2024-11-11 19:27:22,115 - INFO - Found 38 headlines for 2021/feb/11
2024-11-11 19:27:22,969 - INFO - Using User-Agent: Mozilla/5.0 (Macintosh; Intel Mac OS X 11_3) AppleWebKit/537.36 (KHTML, like Gecko) Chrome/109.0.5412.99 Safari/537.36
2024-11-11 19:27:23,913 - INFO - Found 37 headlines for 2021/feb/12
2024-11-11 19:27:24,741 - INFO - Using User-Agent: Mozilla/5.0 (Macintosh; Intel Mac OS X 10_15_7) AppleWebKit/605.1.15 (KHTML, like Gecko) Version/14.0.3 Safari/605.1.15
2024-11-11 19:27:25,762 - INFO - Found 28 headlines for 2021/feb/13
2024-11-11 19:27:26,071 - INFO - Using User-Agent: Mozilla/5.0 (X11; Linux i686) AppleWebKit/537.36 (KHTML, like Gecko) Chrome/109.0.5388.177 Safari/537.36
2024-11-11 19:27:27,216 - INFO - Found 33 headlines for 2021/feb/14
2024-11-11 19:27:27,518 - INFO - Using User-Agent: Mozilla/5.0 (Macintosh; Intel Mac OS X 10_10) AppleWebKit/537.36 (KHTML, like Gecko) Chrome/108.0.5361.172 Safari/537.36
2024-11-11 19:27:28,499 - INFO - Found 46 headlines for 2021/feb/15
2024-11-11 19:27:28,714 - INFO - Using User-Agent: Mozilla/5.0 (Windows NT 10.0; Win64; x64) AppleWebKit/537.36 (KHTML, like Gecko) Chrome/91.0.4472.124 Safari/537.36
2024-11-11 19:27:29,656 - INFO - Found 39 headlines for 2021/feb/16
2024-11-11 19:27:29,680 - INFO - Using User-Agent: Mozilla/5.0 (Windows NT 10.0; Win64; x64) AppleWebKit/537.36 (KHTML, like Gecko) Chrome/91.0.4472.124 Safari/537.36
2024-11-11 19:27:30,709 - INFO - Found 42 headlines for 2021/feb/17
2024-11-11 19:27:31,234 - INFO - Using User-Agent: Mozilla/5.0 (Macintosh; Intel Mac OS X 10_15_7) AppleWebKit/605.1.15 (KHTML, like Gecko) Version/14.0.3 Safari/605.1.15
2024-11-11 19:27:32,363 - INFO - Found 37 headlines for 2021/feb/18
2024-11-11 19:27:32,545 - INFO - Using User-Agent: Mozilla/5.0 (Macintosh; Intel Mac OS X 10_10) AppleWebKit/537.36 (KHTML, like Gecko) Chrome/108.0.5361.172 Safari/537.36
2024-11-11 19:27:33,556 - INFO - Found 35 headlines for 2021/feb/19
2024-11-11 19:27:34,396 - INFO - Using User-Agent: Mozilla/5.0 (Windows NT 10.0; Win64; x64) AppleWebKit/537.36 (KHTML, like Gecko) Chrome/91.0.4472.124 Safari/537.36
2024-11-11 19:27:35,373 - INFO - Found 21 headlines for 2021/feb/20
2024-11-11 19:27:35,489 - INFO - Using User-Agent: Mozilla/5.0 (Macintosh; Intel Mac OS X 11_3) AppleWebKit/537.36 (KHTML, like Gecko) Chrome/109.0.5412.99 Safari/537.36
2024-11-11 19:27:36,713 - INFO - Found 28 headlines for 2021/feb/21
2024-11-11 19:27:36,880 - INFO - Using User-Agent: Mozilla/5.0 (Windows NT 10.0; Win64; x64) AppleWebKit/537.36 (KHTML, like Gecko) Chrome/91.0.4472.124 Safari/537.36
2024-11-11 19:27:37,859 - INFO - Found 32 headlines for 2021/feb/22
2024-11-11 19:27:38,708 - INFO - Using User-Agent: Mozilla/5.0 (Macintosh; Intel Mac OS X 10_15_7) AppleWebKit/605.1.15 (KHTML, like Gecko) Version/14.0.3 Safari/605.1.15
2024-11-11 19:27:39,751 - INFO - Found 39 headlines for 2021/feb/23
2024-11-11 19:27:40,056 - INFO - Using User-Agent: Mozilla/5.0 (Macintosh; Intel Mac OS X 11_14) AppleWebKit/537.36 (KHTML, like Gecko) Chrome/109.0.5397.215 Safari/537.36
2024-11-11 19:27:41,200 - INFO - Found 38 headlines for 2021/feb/24
2024-11-11 19:27:42,192 - INFO - Using User-Agent: Mozilla/5.0 (Macintosh; Intel Mac OS X 11_3) AppleWebKit/537.36 (KHTML, like Gecko) Chrome/109.0.5412.99 Safari/537.36
2024-11-11 19:27:43,434 - INFO - Found 34 headlines for 2021/feb/25
2024-11-11 19:27:44,284 - INFO - Using User-Agent: Mozilla/5.0 (X11; Linux i686) AppleWebKit/537.36 (KHTML, like Gecko) Chrome/109.0.5388.177 Safari/537.36
2024-11-11 19:27:45,195 - INFO - Found 43 headlines for 2021/feb/26
2024-11-11 19:27:45,698 - INFO - Using User-Agent: Mozilla/5.0 (Macintosh; Intel Mac OS X 11_3) AppleWebKit/537.36 (KHTML, like Gecko) Chrome/109.0.5412.99 Safari/537.36
2024-11-11 19:27:46,616 - INFO - Found 20 headlines for 2021/feb/27
2024-11-11 19:27:46,742 - INFO - Using User-Agent: Mozilla/5.0 (X11; Linux i686) AppleWebKit/537.36 (KHTML, like Gecko) Chrome/109.0.5388.177 Safari/537.36
2024-11-11 19:27:47,652 - INFO - Found 29 headlines for 2021/feb/28
2024-11-11 19:27:47,866 - INFO - Using User-Agent: Mozilla/5.0 (Macintosh; Intel Mac OS X 10_10) AppleWebKit/537.36 (KHTML, like Gecko) Chrome/108.0.5361.172 Safari/537.36
2024-11-11 19:27:48,880 - INFO - Found 36 headlines for 2021/mar/01
2024-11-11 19:27:49,225 - INFO - Using User-Agent: Mozilla/5.0 (Windows NT 10.0; Win64; x64) AppleWebKit/537.36 (KHTML, like Gecko) Firefox/89.0
2024-11-11 19:27:50,125 - INFO - Found 39 headlines for 2021/mar/02
2024-11-11 19:27:50,428 - INFO - Using User-Agent: Mozilla/5.0 (Macintosh; Intel Mac OS X 10_10) AppleWebKit/537.36 (KHTML, like Gecko) Chrome/108.0.5361.172 Safari/537.36
2024-11-11 19:27:51,227 - INFO - Found 40 headlines for 2021/mar/03
2024-11-11 19:27:51,878 - INFO - Using User-Agent: Mozilla/5.0 (X11; Linux i686) AppleWebKit/537.36 (KHTML, like Gecko) Chrome/109.0.5388.177 Safari/537.36
2024-11-11 19:27:53,249 - INFO - Found 29 headlines for 2021/mar/04
2024-11-11 19:27:54,108 - INFO - Using User-Agent: Mozilla/5.0 (Macintosh; Intel Mac OS X 10_10) AppleWebKit/537.36 (KHTML, like Gecko) Chrome/108.0.5361.172 Safari/537.36
2024-11-11 19:27:55,032 - INFO - Found 40 headlines for 2021/mar/05
2024-11-11 19:27:55,180 - INFO - Using User-Agent: Mozilla/5.0 (Windows NT 10.0; Win64; x64) AppleWebKit/537.36 (KHTML, like Gecko) Firefox/89.0
2024-11-11 19:27:56,049 - INFO - Found 19 headlines for 2021/mar/06
2024-11-11 19:27:56,130 - INFO - Using User-Agent: Mozilla/5.0 (Windows NT 10.0; Win64; x64) AppleWebKit/537.36 (KHTML, like Gecko) Chrome/91.0.4472.124 Safari/537.36
2024-11-11 19:27:57,068 - INFO - Found 29 headlines for 2021/mar/07
2024-11-11 19:27:57,350 - INFO - Using User-Agent: Mozilla/5.0 (Windows NT 10.0; Win64; x64) AppleWebKit/537.36 (KHTML, like Gecko) Firefox/89.0
2024-11-11 19:27:58,297 - INFO - Found 32 headlines for 2021/mar/08
2024-11-11 19:27:58,786 - INFO - Using User-Agent: Mozilla/5.0 (Macintosh; Intel Mac OS X 10_15_7) AppleWebKit/537.36 (KHTML, like Gecko) Chrome/108.0.0.0 Safari/537.36
2024-11-11 19:27:59,755 - INFO - Found 38 headlines for 2021/mar/09
2024-11-11 19:28:00,075 - INFO - Using User-Agent: Mozilla/5.0 (Macintosh; Intel Mac OS X 10_15_7) AppleWebKit/537.36 (KHTML, like Gecko) Chrome/108.0.0.0 Safari/537.36
2024-11-11 19:28:01,127 - INFO - Found 36 headlines for 2021/mar/10
2024-11-11 19:28:01,557 - INFO - Using User-Agent: Mozilla/5.0 (Macintosh; Intel Mac OS X 10_10) AppleWebKit/537.36 (KHTML, like Gecko) Chrome/108.0.5361.172 Safari/537.36
2024-11-11 19:28:02,630 - INFO - Found 27 headlines for 2021/mar/11
2024-11-11 19:28:03,064 - INFO - Using User-Agent: Mozilla/5.0 (Macintosh; Intel Mac OS X 11_3) AppleWebKit/537.36 (KHTML, like Gecko) Chrome/109.0.5412.99 Safari/537.36
2024-11-11 19:28:04,036 - INFO - Found 34 headlines for 2021/mar/12
2024-11-11 19:28:04,356 - INFO - Using User-Agent: Mozilla/5.0 (Windows NT 10.0; Win64; x64) AppleWebKit/537.36 (KHTML, like Gecko) Chrome/91.0.4472.124 Safari/537.36
2024-11-11 19:28:05,470 - INFO - Found 19 headlines for 2021/mar/13
2024-11-11 19:28:05,935 - INFO - Using User-Agent: Mozilla/5.0 (X11; Linux i686) AppleWebKit/537.36 (KHTML, like Gecko) Chrome/109.0.5388.177 Safari/537.36
2024-11-11 19:28:06,805 - INFO - Found 24 headlines for 2021/mar/14
2024-11-11 19:28:07,319 - INFO - Using User-Agent: Mozilla/5.0 (Windows NT 10.0; Win64; x64) AppleWebKit/537.36 (KHTML, like Gecko) Chrome/91.0.4472.124 Safari/537.36
2024-11-11 19:28:08,335 - INFO - Found 30 headlines for 2021/mar/15
2024-11-11 19:28:08,351 - INFO - Using User-Agent: Mozilla/5.0 (Macintosh; Intel Mac OS X 11_14) AppleWebKit/537.36 (KHTML, like Gecko) Chrome/109.0.5397.215 Safari/537.36
2024-11-11 19:28:09,151 - INFO - Found 34 headlines for 2021/mar/16
2024-11-11 19:28:09,897 - INFO - Using User-Agent: Mozilla/5.0 (Macintosh; Intel Mac OS X 11_3) AppleWebKit/537.36 (KHTML, like Gecko) Chrome/109.0.5412.99 Safari/537.36
2024-11-11 19:28:10,991 - INFO - Found 40 headlines for 2021/mar/17
2024-11-11 19:28:11,839 - INFO - Using User-Agent: Mozilla/5.0 (Macintosh; Intel Mac OS X 10_15_7) AppleWebKit/537.36 (KHTML, like Gecko) Chrome/108.0.0.0 Safari/537.36
2024-11-11 19:28:12,943 - INFO - Found 39 headlines for 2021/mar/18
2024-11-11 19:28:13,258 - INFO - Using User-Agent: Mozilla/5.0 (X11; Linux i686) AppleWebKit/537.36 (KHTML, like Gecko) Chrome/109.0.5388.177 Safari/537.36
2024-11-11 19:28:14,273 - INFO - Found 28 headlines for 2021/mar/19
2024-11-11 19:28:14,360 - INFO - Using User-Agent: Mozilla/5.0 (Macintosh; Intel Mac OS X 10_10) AppleWebKit/537.36 (KHTML, like Gecko) Chrome/108.0.5361.172 Safari/537.36
2024-11-11 19:28:15,290 - INFO - Found 16 headlines for 2021/mar/20
2024-11-11 19:28:16,106 - INFO - Using User-Agent: Mozilla/5.0 (Windows NT 10.0; Win64; x64) AppleWebKit/537.36 (KHTML, like Gecko) Chrome/91.0.4472.124 Safari/537.36
2024-11-11 19:28:17,150 - INFO - Found 24 headlines for 2021/mar/21
2024-11-11 19:28:17,204 - INFO - Using User-Agent: Mozilla/5.0 (Macintosh; Intel Mac OS X 10_15_7) AppleWebKit/605.1.15 (KHTML, like Gecko) Version/14.0.3 Safari/605.1.15
2024-11-11 19:28:18,236 - INFO - Found 44 headlines for 2021/mar/22
2024-11-11 19:28:18,678 - INFO - Using User-Agent: Mozilla/5.0 (Windows NT 10.0; Win64; x64) AppleWebKit/537.36 (KHTML, like Gecko) Firefox/89.0
2024-11-11 19:28:19,637 - INFO - Found 38 headlines for 2021/mar/23
2024-11-11 19:28:20,218 - INFO - Using User-Agent: Mozilla/5.0 (X11; Linux i686) AppleWebKit/537.36 (KHTML, like Gecko) Chrome/109.0.5388.177 Safari/537.36
2024-11-11 19:28:21,029 - INFO - Found 34 headlines for 2021/mar/24
2024-11-11 19:28:21,434 - INFO - Using User-Agent: Mozilla/5.0 (Macintosh; Intel Mac OS X 10_10) AppleWebKit/537.36 (KHTML, like Gecko) Chrome/108.0.5361.172 Safari/537.36
2024-11-11 19:28:22,216 - INFO - Found 44 headlines for 2021/mar/25
2024-11-11 19:28:22,282 - INFO - Using User-Agent: Mozilla/5.0 (Windows NT 10.0; Win64; x64) AppleWebKit/537.36 (KHTML, like Gecko) Chrome/91.0.4472.124 Safari/537.36
2024-11-11 19:28:23,310 - INFO - Found 39 headlines for 2021/mar/26
2024-11-11 19:28:23,628 - INFO - Using User-Agent: Mozilla/5.0 (Windows NT 10.0; Win64; x64) AppleWebKit/537.36 (KHTML, like Gecko) Chrome/91.0.4472.124 Safari/537.36
2024-11-11 19:28:24,507 - INFO - Found 21 headlines for 2021/mar/27
2024-11-11 19:28:25,046 - INFO - Using User-Agent: Mozilla/5.0 (Macintosh; Intel Mac OS X 10_15_7) AppleWebKit/537.36 (KHTML, like Gecko) Chrome/108.0.0.0 Safari/537.36
2024-11-11 19:28:25,950 - INFO - Found 31 headlines for 2021/mar/28
2024-11-11 19:28:26,255 - INFO - Using User-Agent: Mozilla/5.0 (Windows NT 10.0; Win64; x64) AppleWebKit/537.36 (KHTML, like Gecko) Chrome/91.0.4472.124 Safari/537.36
2024-11-11 19:28:27,199 - INFO - Found 40 headlines for 2021/mar/29
2024-11-11 19:28:27,946 - INFO - Using User-Agent: Mozilla/5.0 (Macintosh; Intel Mac OS X 11_3) AppleWebKit/537.36 (KHTML, like Gecko) Chrome/109.0.5412.99 Safari/537.36
2024-11-11 19:28:28,816 - INFO - Found 41 headlines for 2021/mar/30
2024-11-11 19:28:29,783 - INFO - Using User-Agent: Mozilla/5.0 (Windows NT 10.0; Win64; x64) AppleWebKit/537.36 (KHTML, like Gecko) Firefox/89.0
2024-11-11 19:28:30,654 - INFO - Found 37 headlines for 2021/mar/31
2024-11-11 19:28:30,963 - INFO - Using User-Agent: Mozilla/5.0 (Macintosh; Intel Mac OS X 11_14) AppleWebKit/537.36 (KHTML, like Gecko) Chrome/109.0.5397.215 Safari/537.36
2024-11-11 19:28:31,909 - INFO - Found 34 headlines for 2021/apr/01
2024-11-11 19:28:32,132 - INFO - Using User-Agent: Mozilla/5.0 (Windows NT 10.0; Win64; x64) AppleWebKit/537.36 (KHTML, like Gecko) Chrome/91.0.4472.124 Safari/537.36
2024-11-11 19:28:33,140 - INFO - Found 43 headlines for 2021/apr/02
2024-11-11 19:28:33,518 - INFO - Using User-Agent: Mozilla/5.0 (Macintosh; Intel Mac OS X 11_3) AppleWebKit/537.36 (KHTML, like Gecko) Chrome/109.0.5412.99 Safari/537.36
2024-11-11 19:28:34,408 - INFO - Found 23 headlines for 2021/apr/03
2024-11-11 19:28:34,756 - INFO - Using User-Agent: Mozilla/5.0 (Macintosh; Intel Mac OS X 10_10) AppleWebKit/537.36 (KHTML, like Gecko) Chrome/108.0.5361.172 Safari/537.36
2024-11-11 19:28:35,788 - INFO - Found 29 headlines for 2021/apr/04
2024-11-11 19:28:35,957 - INFO - Using User-Agent: Mozilla/5.0 (Windows NT 10.0; Win64; x64) AppleWebKit/537.36 (KHTML, like Gecko) Firefox/89.0
2024-11-11 19:28:36,825 - INFO - Found 35 headlines for 2021/apr/05
2024-11-11 19:28:36,985 - INFO - Using User-Agent: Mozilla/5.0 (Macintosh; Intel Mac OS X 11_14) AppleWebKit/537.36 (KHTML, like Gecko) Chrome/109.0.5397.215 Safari/537.36
2024-11-11 19:28:37,863 - INFO - Found 43 headlines for 2021/apr/06
2024-11-11 19:28:38,396 - INFO - Using User-Agent: Mozilla/5.0 (Macintosh; Intel Mac OS X 10_10) AppleWebKit/537.36 (KHTML, like Gecko) Chrome/108.0.5361.172 Safari/537.36
2024-11-11 19:28:39,463 - INFO - Found 39 headlines for 2021/apr/07
2024-11-11 19:28:39,504 - INFO - Using User-Agent: Mozilla/5.0 (Macintosh; Intel Mac OS X 10_15_7) AppleWebKit/605.1.15 (KHTML, like Gecko) Version/14.0.3 Safari/605.1.15
2024-11-11 19:28:40,515 - INFO - Found 35 headlines for 2021/apr/08
2024-11-11 19:28:41,479 - INFO - Using User-Agent: Mozilla/5.0 (Windows NT 10.0; Win64; x64) AppleWebKit/537.36 (KHTML, like Gecko) Chrome/91.0.4472.124 Safari/537.36
2024-11-11 19:28:42,563 - INFO - Found 41 headlines for 2021/apr/09
2024-11-11 19:28:42,714 - INFO - Using User-Agent: Mozilla/5.0 (Macintosh; Intel Mac OS X 11_14) AppleWebKit/537.36 (KHTML, like Gecko) Chrome/109.0.5397.215 Safari/537.36
2024-11-11 19:28:43,611 - INFO - Found 15 headlines for 2021/apr/10
2024-11-11 19:28:43,664 - INFO - Using User-Agent: Mozilla/5.0 (X11; Linux i686) AppleWebKit/537.36 (KHTML, like Gecko) Chrome/109.0.5388.177 Safari/537.36
2024-11-11 19:28:44,585 - INFO - Found 25 headlines for 2021/apr/11
2024-11-11 19:28:45,470 - INFO - Using User-Agent: Mozilla/5.0 (Macintosh; Intel Mac OS X 10_15_7) AppleWebKit/605.1.15 (KHTML, like Gecko) Version/14.0.3 Safari/605.1.15
2024-11-11 19:28:46,332 - INFO - Found 33 headlines for 2021/apr/12
2024-11-11 19:28:47,327 - INFO - Using User-Agent: Mozilla/5.0 (Macintosh; Intel Mac OS X 10_10) AppleWebKit/537.36 (KHTML, like Gecko) Chrome/108.0.5361.172 Safari/537.36
2024-11-11 19:28:48,275 - INFO - Found 32 headlines for 2021/apr/13
2024-11-11 19:28:48,642 - INFO - Using User-Agent: Mozilla/5.0 (Macintosh; Intel Mac OS X 10_15_7) AppleWebKit/605.1.15 (KHTML, like Gecko) Version/14.0.3 Safari/605.1.15
2024-11-11 19:28:49,729 - INFO - Found 30 headlines for 2021/apr/14
2024-11-11 19:28:49,855 - INFO - Using User-Agent: Mozilla/5.0 (Macintosh; Intel Mac OS X 10_15_7) AppleWebKit/605.1.15 (KHTML, like Gecko) Version/14.0.3 Safari/605.1.15
2024-11-11 19:28:50,997 - INFO - Found 34 headlines for 2021/apr/15
2024-11-11 19:28:51,255 - INFO - Using User-Agent: Mozilla/5.0 (Macintosh; Intel Mac OS X 10_15_7) AppleWebKit/537.36 (KHTML, like Gecko) Chrome/108.0.0.0 Safari/537.36
2024-11-11 19:28:52,202 - INFO - Found 39 headlines for 2021/apr/16
2024-11-11 19:28:52,638 - INFO - Using User-Agent: Mozilla/5.0 (Macintosh; Intel Mac OS X 11_3) AppleWebKit/537.36 (KHTML, like Gecko) Chrome/109.0.5412.99 Safari/537.36
2024-11-11 19:28:53,617 - INFO - Found 21 headlines for 2021/apr/17
2024-11-11 19:28:53,822 - INFO - Using User-Agent: Mozilla/5.0 (Windows NT 10.0; Win64; x64) AppleWebKit/537.36 (KHTML, like Gecko) Firefox/89.0
2024-11-11 19:28:54,818 - INFO - Found 25 headlines for 2021/apr/18
2024-11-11 19:28:55,266 - INFO - Using User-Agent: Mozilla/5.0 (Macintosh; Intel Mac OS X 11_14) AppleWebKit/537.36 (KHTML, like Gecko) Chrome/109.0.5397.215 Safari/537.36
2024-11-11 19:28:56,319 - INFO - Found 26 headlines for 2021/apr/19
2024-11-11 19:28:56,505 - INFO - Using User-Agent: Mozilla/5.0 (Macintosh; Intel Mac OS X 10_15_7) AppleWebKit/537.36 (KHTML, like Gecko) Chrome/108.0.0.0 Safari/537.36
2024-11-11 19:28:57,505 - INFO - Found 23 headlines for 2021/apr/20
2024-11-11 19:28:58,283 - INFO - Using User-Agent: Mozilla/5.0 (Windows NT 10.0; Win64; x64) AppleWebKit/537.36 (KHTML, like Gecko) Chrome/91.0.4472.124 Safari/537.36
2024-11-11 19:28:59,368 - INFO - Found 35 headlines for 2021/apr/21
2024-11-11 19:29:00,225 - INFO - Using User-Agent: Mozilla/5.0 (Macintosh; Intel Mac OS X 10_10) AppleWebKit/537.36 (KHTML, like Gecko) Chrome/108.0.5361.172 Safari/537.36
2024-11-11 19:29:01,207 - INFO - Found 38 headlines for 2021/apr/22
2024-11-11 19:29:01,605 - INFO - Using User-Agent: Mozilla/5.0 (Macintosh; Intel Mac OS X 10_10) AppleWebKit/537.36 (KHTML, like Gecko) Chrome/108.0.5361.172 Safari/537.36
2024-11-11 19:29:02,533 - INFO - Found 31 headlines for 2021/apr/23
2024-11-11 19:29:03,005 - INFO - Using User-Agent: Mozilla/5.0 (Macintosh; Intel Mac OS X 11_14) AppleWebKit/537.36 (KHTML, like Gecko) Chrome/109.0.5397.215 Safari/537.36
2024-11-11 19:29:04,047 - INFO - Found 16 headlines for 2021/apr/24
2024-11-11 19:29:04,253 - INFO - Using User-Agent: Mozilla/5.0 (X11; Linux i686) AppleWebKit/537.36 (KHTML, like Gecko) Chrome/109.0.5388.177 Safari/537.36
2024-11-11 19:29:05,135 - INFO - Found 25 headlines for 2021/apr/25
2024-11-11 19:29:05,413 - INFO - Using User-Agent: Mozilla/5.0 (Windows NT 10.0; Win64; x64) AppleWebKit/537.36 (KHTML, like Gecko) Firefox/89.0
2024-11-11 19:29:06,335 - INFO - Found 34 headlines for 2021/apr/26
2024-11-11 19:29:06,795 - INFO - Using User-Agent: Mozilla/5.0 (X11; Linux i686) AppleWebKit/537.36 (KHTML, like Gecko) Chrome/109.0.5388.177 Safari/537.36
2024-11-11 19:29:07,715 - INFO - Found 30 headlines for 2021/apr/27
2024-11-11 19:29:08,171 - INFO - Using User-Agent: Mozilla/5.0 (Windows NT 10.0; Win64; x64) AppleWebKit/537.36 (KHTML, like Gecko) Firefox/89.0
2024-11-11 19:29:09,387 - INFO - Found 38 headlines for 2021/apr/28
2024-11-11 19:29:09,955 - INFO - Using User-Agent: Mozilla/5.0 (Macintosh; Intel Mac OS X 10_15_7) AppleWebKit/537.36 (KHTML, like Gecko) Chrome/108.0.0.0 Safari/537.36
2024-11-11 19:29:11,045 - INFO - Found 36 headlines for 2021/apr/29
2024-11-11 19:29:11,375 - INFO - Using User-Agent: Mozilla/5.0 (Windows NT 10.0; Win64; x64) AppleWebKit/537.36 (KHTML, like Gecko) Firefox/89.0
2024-11-11 19:29:12,222 - INFO - Found 38 headlines for 2021/apr/30
2024-11-11 19:29:13,113 - INFO - Using User-Agent: Mozilla/5.0 (Macintosh; Intel Mac OS X 10_15_7) AppleWebKit/537.36 (KHTML, like Gecko) Chrome/108.0.0.0 Safari/537.36
2024-11-11 19:29:14,060 - INFO - Found 20 headlines for 2021/may/01
2024-11-11 19:29:14,606 - INFO - Using User-Agent: Mozilla/5.0 (Macintosh; Intel Mac OS X 10_15_7) AppleWebKit/537.36 (KHTML, like Gecko) Chrome/108.0.0.0 Safari/537.36
2024-11-11 19:29:15,723 - INFO - Found 29 headlines for 2021/may/02
2024-11-11 19:29:16,182 - INFO - Using User-Agent: Mozilla/5.0 (Macintosh; Intel Mac OS X 10_15_7) AppleWebKit/537.36 (KHTML, like Gecko) Chrome/108.0.0.0 Safari/537.36
2024-11-11 19:29:17,226 - INFO - Found 28 headlines for 2021/may/03
2024-11-11 19:29:17,411 - INFO - Using User-Agent: Mozilla/5.0 (Macintosh; Intel Mac OS X 11_3) AppleWebKit/537.36 (KHTML, like Gecko) Chrome/109.0.5412.99 Safari/537.36
2024-11-11 19:29:18,839 - INFO - Found 38 headlines for 2021/may/04
2024-11-11 19:29:19,333 - INFO - Using User-Agent: Mozilla/5.0 (Windows NT 10.0; Win64; x64) AppleWebKit/537.36 (KHTML, like Gecko) Chrome/91.0.4472.124 Safari/537.36
2024-11-11 19:29:20,258 - INFO - Found 38 headlines for 2021/may/05
2024-11-11 19:29:20,670 - INFO - Using User-Agent: Mozilla/5.0 (Windows NT 10.0; Win64; x64) AppleWebKit/537.36 (KHTML, like Gecko) Firefox/89.0
2024-11-11 19:29:21,753 - INFO - Found 34 headlines for 2021/may/06
2024-11-11 19:29:22,626 - INFO - Using User-Agent: Mozilla/5.0 (Macintosh; Intel Mac OS X 10_10) AppleWebKit/537.36 (KHTML, like Gecko) Chrome/108.0.5361.172 Safari/537.36
2024-11-11 19:29:23,536 - INFO - Found 34 headlines for 2021/may/07
2024-11-11 19:29:24,200 - INFO - Using User-Agent: Mozilla/5.0 (Macintosh; Intel Mac OS X 11_14) AppleWebKit/537.36 (KHTML, like Gecko) Chrome/109.0.5397.215 Safari/537.36
2024-11-11 19:29:25,162 - INFO - Found 23 headlines for 2021/may/08
2024-11-11 19:29:25,679 - INFO - Using User-Agent: Mozilla/5.0 (Windows NT 10.0; Win64; x64) AppleWebKit/537.36 (KHTML, like Gecko) Firefox/89.0
2024-11-11 19:29:26,588 - INFO - Found 19 headlines for 2021/may/09
2024-11-11 19:29:26,675 - INFO - Using User-Agent: Mozilla/5.0 (Macintosh; Intel Mac OS X 11_14) AppleWebKit/537.36 (KHTML, like Gecko) Chrome/109.0.5397.215 Safari/537.36
2024-11-11 19:29:27,630 - INFO - Found 37 headlines for 2021/may/10
2024-11-11 19:29:27,690 - INFO - Using User-Agent: Mozilla/5.0 (Macintosh; Intel Mac OS X 11_3) AppleWebKit/537.36 (KHTML, like Gecko) Chrome/109.0.5412.99 Safari/537.36
2024-11-11 19:29:28,612 - INFO - Found 33 headlines for 2021/may/11
2024-11-11 19:29:29,374 - INFO - Using User-Agent: Mozilla/5.0 (Macintosh; Intel Mac OS X 11_3) AppleWebKit/537.36 (KHTML, like Gecko) Chrome/109.0.5412.99 Safari/537.36
2024-11-11 19:29:30,252 - INFO - Found 42 headlines for 2021/may/12
2024-11-11 19:29:30,448 - INFO - Using User-Agent: Mozilla/5.0 (Macintosh; Intel Mac OS X 10_10) AppleWebKit/537.36 (KHTML, like Gecko) Chrome/108.0.5361.172 Safari/537.36
2024-11-11 19:29:31,488 - INFO - Found 35 headlines for 2021/may/13
2024-11-11 19:29:31,980 - INFO - Using User-Agent: Mozilla/5.0 (Macintosh; Intel Mac OS X 10_15_7) AppleWebKit/605.1.15 (KHTML, like Gecko) Version/14.0.3 Safari/605.1.15
2024-11-11 19:29:32,792 - INFO - Found 31 headlines for 2021/may/14
2024-11-11 19:29:33,666 - INFO - Using User-Agent: Mozilla/5.0 (Macintosh; Intel Mac OS X 10_15_7) AppleWebKit/537.36 (KHTML, like Gecko) Chrome/108.0.0.0 Safari/537.36
2024-11-11 19:29:34,524 - INFO - Found 22 headlines for 2021/may/15
2024-11-11 19:29:34,862 - INFO - Using User-Agent: Mozilla/5.0 (Macintosh; Intel Mac OS X 11_3) AppleWebKit/537.36 (KHTML, like Gecko) Chrome/109.0.5412.99 Safari/537.36
2024-11-11 19:29:35,785 - INFO - Found 34 headlines for 2021/may/16
2024-11-11 19:29:36,163 - INFO - Using User-Agent: Mozilla/5.0 (Macintosh; Intel Mac OS X 10_15_7) AppleWebKit/605.1.15 (KHTML, like Gecko) Version/14.0.3 Safari/605.1.15
2024-11-11 19:29:37,294 - INFO - Found 32 headlines for 2021/may/17
2024-11-11 19:29:38,122 - INFO - Using User-Agent: Mozilla/5.0 (Macintosh; Intel Mac OS X 11_14) AppleWebKit/537.36 (KHTML, like Gecko) Chrome/109.0.5397.215 Safari/537.36
2024-11-11 19:29:38,940 - INFO - Found 41 headlines for 2021/may/18
2024-11-11 19:29:39,616 - INFO - Using User-Agent: Mozilla/5.0 (Macintosh; Intel Mac OS X 10_15_7) AppleWebKit/605.1.15 (KHTML, like Gecko) Version/14.0.3 Safari/605.1.15
2024-11-11 19:29:40,506 - INFO - Found 36 headlines for 2021/may/19
2024-11-11 19:29:41,242 - INFO - Using User-Agent: Mozilla/5.0 (Macintosh; Intel Mac OS X 10_10) AppleWebKit/537.36 (KHTML, like Gecko) Chrome/108.0.5361.172 Safari/537.36
2024-11-11 19:29:42,118 - INFO - Found 38 headlines for 2021/may/20
2024-11-11 19:29:43,112 - INFO - Using User-Agent: Mozilla/5.0 (Windows NT 10.0; Win64; x64) AppleWebKit/537.36 (KHTML, like Gecko) Chrome/91.0.4472.124 Safari/537.36
2024-11-11 19:29:43,956 - INFO - Found 33 headlines for 2021/may/21
2024-11-11 19:29:44,175 - INFO - Using User-Agent: Mozilla/5.0 (Windows NT 10.0; Win64; x64) AppleWebKit/537.36 (KHTML, like Gecko) Chrome/91.0.4472.124 Safari/537.36
2024-11-11 19:29:45,130 - INFO - Found 28 headlines for 2021/may/22
2024-11-11 19:29:45,538 - INFO - Using User-Agent: Mozilla/5.0 (Macintosh; Intel Mac OS X 11_14) AppleWebKit/537.36 (KHTML, like Gecko) Chrome/109.0.5397.215 Safari/537.36
2024-11-11 19:29:46,449 - INFO - Found 40 headlines for 2021/may/23
2024-11-11 19:29:46,696 - INFO - Using User-Agent: Mozilla/5.0 (Macintosh; Intel Mac OS X 10_15_7) AppleWebKit/537.36 (KHTML, like Gecko) Chrome/108.0.0.0 Safari/537.36
2024-11-11 19:29:47,739 - INFO - Found 46 headlines for 2021/may/24
2024-11-11 19:29:48,407 - INFO - Using User-Agent: Mozilla/5.0 (Macintosh; Intel Mac OS X 10_10) AppleWebKit/537.36 (KHTML, like Gecko) Chrome/108.0.5361.172 Safari/537.36
2024-11-11 19:29:49,248 - INFO - Found 41 headlines for 2021/may/25
2024-11-11 19:29:49,782 - INFO - Using User-Agent: Mozilla/5.0 (Windows NT 10.0; Win64; x64) AppleWebKit/537.36 (KHTML, like Gecko) Chrome/91.0.4472.124 Safari/537.36
2024-11-11 19:29:50,654 - INFO - Found 38 headlines for 2021/may/26
2024-11-11 19:29:51,083 - INFO - Using User-Agent: Mozilla/5.0 (Macintosh; Intel Mac OS X 10_10) AppleWebKit/537.36 (KHTML, like Gecko) Chrome/108.0.5361.172 Safari/537.36
2024-11-11 19:29:51,971 - INFO - Found 42 headlines for 2021/may/27
2024-11-11 19:29:52,032 - INFO - Using User-Agent: Mozilla/5.0 (Windows NT 10.0; Win64; x64) AppleWebKit/537.36 (KHTML, like Gecko) Chrome/91.0.4472.124 Safari/537.36
2024-11-11 19:29:52,968 - INFO - Found 34 headlines for 2021/may/28
2024-11-11 19:29:53,292 - INFO - Using User-Agent: Mozilla/5.0 (Macintosh; Intel Mac OS X 10_15_7) AppleWebKit/605.1.15 (KHTML, like Gecko) Version/14.0.3 Safari/605.1.15
2024-11-11 19:29:54,186 - INFO - Found 20 headlines for 2021/may/29
2024-11-11 19:29:54,718 - INFO - Using User-Agent: Mozilla/5.0 (Macintosh; Intel Mac OS X 11_3) AppleWebKit/537.36 (KHTML, like Gecko) Chrome/109.0.5412.99 Safari/537.36
2024-11-11 19:29:55,639 - INFO - Found 32 headlines for 2021/may/30
2024-11-11 19:29:56,425 - INFO - Using User-Agent: Mozilla/5.0 (Macintosh; Intel Mac OS X 10_10) AppleWebKit/537.36 (KHTML, like Gecko) Chrome/108.0.5361.172 Safari/537.36
2024-11-11 19:29:57,268 - INFO - Found 37 headlines for 2021/may/31
2024-11-11 19:29:57,432 - INFO - Using User-Agent: Mozilla/5.0 (Macintosh; Intel Mac OS X 11_3) AppleWebKit/537.36 (KHTML, like Gecko) Chrome/109.0.5412.99 Safari/537.36
2024-11-11 19:29:58,318 - INFO - Found 38 headlines for 2021/jun/01
2024-11-11 19:29:58,884 - INFO - Using User-Agent: Mozilla/5.0 (Macintosh; Intel Mac OS X 10_15_7) AppleWebKit/537.36 (KHTML, like Gecko) Chrome/108.0.0.0 Safari/537.36
2024-11-11 19:29:59,963 - INFO - Found 40 headlines for 2021/jun/02
2024-11-11 19:30:00,023 - INFO - Using User-Agent: Mozilla/5.0 (Macintosh; Intel Mac OS X 11_3) AppleWebKit/537.36 (KHTML, like Gecko) Chrome/109.0.5412.99 Safari/537.36
2024-11-11 19:30:00,986 - INFO - Found 35 headlines for 2021/jun/03
2024-11-11 19:30:01,021 - INFO - Using User-Agent: Mozilla/5.0 (Windows NT 10.0; Win64; x64) AppleWebKit/537.36 (KHTML, like Gecko) Firefox/89.0
2024-11-11 19:30:01,979 - INFO - Found 44 headlines for 2021/jun/04
2024-11-11 19:30:02,394 - INFO - Using User-Agent: Mozilla/5.0 (Windows NT 10.0; Win64; x64) AppleWebKit/537.36 (KHTML, like Gecko) Firefox/89.0
2024-11-11 19:30:03,487 - INFO - Found 23 headlines for 2021/jun/05
2024-11-11 19:30:03,875 - INFO - Using User-Agent: Mozilla/5.0 (X11; Linux i686) AppleWebKit/537.36 (KHTML, like Gecko) Chrome/109.0.5388.177 Safari/537.36
2024-11-11 19:30:04,829 - INFO - Found 22 headlines for 2021/jun/06
2024-11-11 19:30:05,704 - INFO - Using User-Agent: Mozilla/5.0 (X11; Linux i686) AppleWebKit/537.36 (KHTML, like Gecko) Chrome/109.0.5388.177 Safari/537.36
2024-11-11 19:30:06,808 - INFO - Found 34 headlines for 2021/jun/07
2024-11-11 19:30:07,287 - INFO - Using User-Agent: Mozilla/5.0 (Macintosh; Intel Mac OS X 11_14) AppleWebKit/537.36 (KHTML, like Gecko) Chrome/109.0.5397.215 Safari/537.36
2024-11-11 19:30:08,261 - INFO - Found 39 headlines for 2021/jun/08
2024-11-11 19:30:08,351 - INFO - Using User-Agent: Mozilla/5.0 (Macintosh; Intel Mac OS X 10_10) AppleWebKit/537.36 (KHTML, like Gecko) Chrome/108.0.5361.172 Safari/537.36
2024-11-11 19:30:09,399 - INFO - Found 36 headlines for 2021/jun/09
2024-11-11 19:30:10,318 - INFO - Using User-Agent: Mozilla/5.0 (Windows NT 10.0; Win64; x64) AppleWebKit/537.36 (KHTML, like Gecko) Chrome/91.0.4472.124 Safari/537.36
2024-11-11 19:30:11,225 - INFO - Found 33 headlines for 2021/jun/10
2024-11-11 19:30:12,029 - INFO - Using User-Agent: Mozilla/5.0 (Macintosh; Intel Mac OS X 11_14) AppleWebKit/537.36 (KHTML, like Gecko) Chrome/109.0.5397.215 Safari/537.36
2024-11-11 19:30:12,914 - INFO - Found 45 headlines for 2021/jun/11
2024-11-11 19:30:13,361 - INFO - Using User-Agent: Mozilla/5.0 (Macintosh; Intel Mac OS X 10_10) AppleWebKit/537.36 (KHTML, like Gecko) Chrome/108.0.5361.172 Safari/537.36
2024-11-11 19:30:14,334 - INFO - Found 28 headlines for 2021/jun/12
2024-11-11 19:30:14,690 - INFO - Using User-Agent: Mozilla/5.0 (Macintosh; Intel Mac OS X 11_14) AppleWebKit/537.36 (KHTML, like Gecko) Chrome/109.0.5397.215 Safari/537.36
2024-11-11 19:30:15,770 - INFO - Found 39 headlines for 2021/jun/13
2024-11-11 19:30:16,744 - INFO - Using User-Agent: Mozilla/5.0 (Windows NT 10.0; Win64; x64) AppleWebKit/537.36 (KHTML, like Gecko) Chrome/91.0.4472.124 Safari/537.36
2024-11-11 19:30:17,998 - INFO - Found 35 headlines for 2021/jun/14
2024-11-11 19:30:18,039 - INFO - Using User-Agent: Mozilla/5.0 (Macintosh; Intel Mac OS X 10_15_7) AppleWebKit/537.36 (KHTML, like Gecko) Chrome/108.0.0.0 Safari/537.36
2024-11-11 19:30:19,036 - INFO - Found 37 headlines for 2021/jun/15
2024-11-11 19:30:19,332 - INFO - Using User-Agent: Mozilla/5.0 (Windows NT 10.0; Win64; x64) AppleWebKit/537.36 (KHTML, like Gecko) Firefox/89.0
2024-11-11 19:30:20,295 - INFO - Found 38 headlines for 2021/jun/16
2024-11-11 19:30:20,862 - INFO - Using User-Agent: Mozilla/5.0 (Windows NT 10.0; Win64; x64) AppleWebKit/537.36 (KHTML, like Gecko) Chrome/91.0.4472.124 Safari/537.36
2024-11-11 19:30:21,884 - INFO - Found 35 headlines for 2021/jun/17
2024-11-11 19:30:22,545 - INFO - Using User-Agent: Mozilla/5.0 (Macintosh; Intel Mac OS X 11_14) AppleWebKit/537.36 (KHTML, like Gecko) Chrome/109.0.5397.215 Safari/537.36
2024-11-11 19:30:23,527 - INFO - Found 38 headlines for 2021/jun/18
2024-11-11 19:30:23,986 - INFO - Using User-Agent: Mozilla/5.0 (Windows NT 10.0; Win64; x64) AppleWebKit/537.36 (KHTML, like Gecko) Firefox/89.0
2024-11-11 19:30:24,916 - INFO - Found 22 headlines for 2021/jun/19
2024-11-11 19:30:25,471 - INFO - Using User-Agent: Mozilla/5.0 (Windows NT 10.0; Win64; x64) AppleWebKit/537.36 (KHTML, like Gecko) Firefox/89.0
2024-11-11 19:30:26,389 - INFO - Found 22 headlines for 2021/jun/20
2024-11-11 19:30:27,258 - INFO - Using User-Agent: Mozilla/5.0 (Macintosh; Intel Mac OS X 11_14) AppleWebKit/537.36 (KHTML, like Gecko) Chrome/109.0.5397.215 Safari/537.36
2024-11-11 19:30:28,210 - INFO - Found 32 headlines for 2021/jun/21
2024-11-11 19:30:28,341 - INFO - Using User-Agent: Mozilla/5.0 (X11; Linux i686) AppleWebKit/537.36 (KHTML, like Gecko) Chrome/109.0.5388.177 Safari/537.36
2024-11-11 19:30:29,267 - INFO - Found 32 headlines for 2021/jun/22
2024-11-11 19:30:30,034 - INFO - Using User-Agent: Mozilla/5.0 (Windows NT 10.0; Win64; x64) AppleWebKit/537.36 (KHTML, like Gecko) Chrome/91.0.4472.124 Safari/537.36
2024-11-11 19:30:31,104 - INFO - Found 40 headlines for 2021/jun/23
2024-11-11 19:30:31,633 - INFO - Using User-Agent: Mozilla/5.0 (Macintosh; Intel Mac OS X 10_10) AppleWebKit/537.36 (KHTML, like Gecko) Chrome/108.0.5361.172 Safari/537.36
2024-11-11 19:30:32,500 - INFO - Found 35 headlines for 2021/jun/24
2024-11-11 19:30:32,663 - INFO - Using User-Agent: Mozilla/5.0 (Macintosh; Intel Mac OS X 11_3) AppleWebKit/537.36 (KHTML, like Gecko) Chrome/109.0.5412.99 Safari/537.36
2024-11-11 19:30:33,538 - INFO - Found 35 headlines for 2021/jun/25
2024-11-11 19:30:34,169 - INFO - Using User-Agent: Mozilla/5.0 (Macintosh; Intel Mac OS X 11_14) AppleWebKit/537.36 (KHTML, like Gecko) Chrome/109.0.5397.215 Safari/537.36
2024-11-11 19:30:35,171 - INFO - Found 21 headlines for 2021/jun/26
2024-11-11 19:30:35,383 - INFO - Using User-Agent: Mozilla/5.0 (Windows NT 10.0; Win64; x64) AppleWebKit/537.36 (KHTML, like Gecko) Firefox/89.0
2024-11-11 19:30:36,479 - INFO - Found 23 headlines for 2021/jun/27
2024-11-11 19:30:36,536 - INFO - Using User-Agent: Mozilla/5.0 (X11; Linux i686) AppleWebKit/537.36 (KHTML, like Gecko) Chrome/109.0.5388.177 Safari/537.36
2024-11-11 19:30:37,423 - INFO - Found 34 headlines for 2021/jun/28
2024-11-11 19:30:38,202 - INFO - Using User-Agent: Mozilla/5.0 (X11; Linux i686) AppleWebKit/537.36 (KHTML, like Gecko) Chrome/109.0.5388.177 Safari/537.36
2024-11-11 19:30:39,330 - INFO - Found 33 headlines for 2021/jun/29
2024-11-11 19:30:39,639 - INFO - Using User-Agent: Mozilla/5.0 (Macintosh; Intel Mac OS X 10_15_7) AppleWebKit/537.36 (KHTML, like Gecko) Chrome/108.0.0.0 Safari/537.36
2024-11-11 19:30:40,742 - INFO - Found 41 headlines for 2021/jun/30
2024-11-11 19:30:41,727 - INFO - Using User-Agent: Mozilla/5.0 (Macintosh; Intel Mac OS X 11_14) AppleWebKit/537.36 (KHTML, like Gecko) Chrome/109.0.5397.215 Safari/537.36
2024-11-11 19:30:42,695 - INFO - Found 39 headlines for 2021/jul/01
2024-11-11 19:30:43,179 - INFO - Using User-Agent: Mozilla/5.0 (Macintosh; Intel Mac OS X 10_15_7) AppleWebKit/537.36 (KHTML, like Gecko) Chrome/108.0.0.0 Safari/537.36
2024-11-11 19:30:44,186 - INFO - Found 39 headlines for 2021/jul/02
2024-11-11 19:30:44,695 - INFO - Using User-Agent: Mozilla/5.0 (Windows NT 10.0; Win64; x64) AppleWebKit/537.36 (KHTML, like Gecko) Firefox/89.0
2024-11-11 19:30:45,630 - INFO - Found 20 headlines for 2021/jul/03
2024-11-11 19:30:45,706 - INFO - Using User-Agent: Mozilla/5.0 (Macintosh; Intel Mac OS X 11_14) AppleWebKit/537.36 (KHTML, like Gecko) Chrome/109.0.5397.215 Safari/537.36
2024-11-11 19:30:46,735 - INFO - Found 32 headlines for 2021/jul/04
2024-11-11 19:30:47,166 - INFO - Using User-Agent: Mozilla/5.0 (X11; Linux i686) AppleWebKit/537.36 (KHTML, like Gecko) Chrome/109.0.5388.177 Safari/537.36
2024-11-11 19:30:48,079 - INFO - Found 42 headlines for 2021/jul/05
2024-11-11 19:30:49,064 - INFO - Using User-Agent: Mozilla/5.0 (Windows NT 10.0; Win64; x64) AppleWebKit/537.36 (KHTML, like Gecko) Firefox/89.0
2024-11-11 19:30:50,100 - INFO - Found 46 headlines for 2021/jul/06
2024-11-11 19:30:51,017 - INFO - Using User-Agent: Mozilla/5.0 (Windows NT 10.0; Win64; x64) AppleWebKit/537.36 (KHTML, like Gecko) Firefox/89.0
2024-11-11 19:30:51,988 - INFO - Found 42 headlines for 2021/jul/07
2024-11-11 19:30:52,093 - INFO - Using User-Agent: Mozilla/5.0 (Macintosh; Intel Mac OS X 10_15_7) AppleWebKit/605.1.15 (KHTML, like Gecko) Version/14.0.3 Safari/605.1.15
2024-11-11 19:30:53,163 - INFO - Found 40 headlines for 2021/jul/08
2024-11-11 19:30:53,690 - INFO - Using User-Agent: Mozilla/5.0 (Macintosh; Intel Mac OS X 11_3) AppleWebKit/537.36 (KHTML, like Gecko) Chrome/109.0.5412.99 Safari/537.36
2024-11-11 19:30:54,659 - INFO - Found 39 headlines for 2021/jul/09
2024-11-11 19:30:54,829 - INFO - Using User-Agent: Mozilla/5.0 (Windows NT 10.0; Win64; x64) AppleWebKit/537.36 (KHTML, like Gecko) Chrome/91.0.4472.124 Safari/537.36
2024-11-11 19:30:55,954 - INFO - Found 16 headlines for 2021/jul/10
2024-11-11 19:30:56,432 - INFO - Using User-Agent: Mozilla/5.0 (Macintosh; Intel Mac OS X 10_10) AppleWebKit/537.36 (KHTML, like Gecko) Chrome/108.0.5361.172 Safari/537.36
2024-11-11 19:30:57,277 - INFO - Found 35 headlines for 2021/jul/11
2024-11-11 19:30:57,738 - INFO - Using User-Agent: Mozilla/5.0 (X11; Linux i686) AppleWebKit/537.36 (KHTML, like Gecko) Chrome/109.0.5388.177 Safari/537.36
2024-11-11 19:30:58,732 - INFO - Found 26 headlines for 2021/jul/12
2024-11-11 19:30:59,731 - INFO - Using User-Agent: Mozilla/5.0 (Macintosh; Intel Mac OS X 10_15_7) AppleWebKit/605.1.15 (KHTML, like Gecko) Version/14.0.3 Safari/605.1.15
2024-11-11 19:31:00,572 - INFO - Found 29 headlines for 2021/jul/13
2024-11-11 19:31:00,602 - INFO - Using User-Agent: Mozilla/5.0 (Macintosh; Intel Mac OS X 11_3) AppleWebKit/537.36 (KHTML, like Gecko) Chrome/109.0.5412.99 Safari/537.36
2024-11-11 19:31:01,607 - INFO - Found 39 headlines for 2021/jul/14
2024-11-11 19:31:01,947 - INFO - Using User-Agent: Mozilla/5.0 (Windows NT 10.0; Win64; x64) AppleWebKit/537.36 (KHTML, like Gecko) Chrome/91.0.4472.124 Safari/537.36
2024-11-11 19:31:02,807 - INFO - Found 36 headlines for 2021/jul/15
2024-11-11 19:31:03,787 - INFO - Using User-Agent: Mozilla/5.0 (Macintosh; Intel Mac OS X 11_14) AppleWebKit/537.36 (KHTML, like Gecko) Chrome/109.0.5397.215 Safari/537.36
2024-11-11 19:31:04,911 - INFO - Found 40 headlines for 2021/jul/16
2024-11-11 19:31:05,791 - INFO - Using User-Agent: Mozilla/5.0 (Macintosh; Intel Mac OS X 10_10) AppleWebKit/537.36 (KHTML, like Gecko) Chrome/108.0.5361.172 Safari/537.36
2024-11-11 19:31:06,754 - INFO - Found 17 headlines for 2021/jul/17
2024-11-11 19:31:07,441 - INFO - Using User-Agent: Mozilla/5.0 (Macintosh; Intel Mac OS X 10_10) AppleWebKit/537.36 (KHTML, like Gecko) Chrome/108.0.5361.172 Safari/537.36
2024-11-11 19:31:08,328 - INFO - Found 33 headlines for 2021/jul/18
2024-11-11 19:31:08,962 - INFO - Using User-Agent: Mozilla/5.0 (Windows NT 10.0; Win64; x64) AppleWebKit/537.36 (KHTML, like Gecko) Firefox/89.0
2024-11-11 19:31:10,036 - INFO - Found 35 headlines for 2021/jul/19
2024-11-11 19:31:10,806 - INFO - Using User-Agent: Mozilla/5.0 (Windows NT 10.0; Win64; x64) AppleWebKit/537.36 (KHTML, like Gecko) Firefox/89.0
2024-11-11 19:31:11,665 - INFO - Found 46 headlines for 2021/jul/20
2024-11-11 19:31:12,605 - INFO - Using User-Agent: Mozilla/5.0 (Macintosh; Intel Mac OS X 10_10) AppleWebKit/537.36 (KHTML, like Gecko) Chrome/108.0.5361.172 Safari/537.36
2024-11-11 19:31:13,723 - INFO - Found 36 headlines for 2021/jul/21
2024-11-11 19:31:14,020 - INFO - Using User-Agent: Mozilla/5.0 (Windows NT 10.0; Win64; x64) AppleWebKit/537.36 (KHTML, like Gecko) Chrome/91.0.4472.124 Safari/537.36
2024-11-11 19:31:14,844 - INFO - Found 38 headlines for 2021/jul/22
2024-11-11 19:31:14,976 - INFO - Using User-Agent: Mozilla/5.0 (Windows NT 10.0; Win64; x64) AppleWebKit/537.36 (KHTML, like Gecko) Firefox/89.0
2024-11-11 19:31:15,921 - INFO - Found 34 headlines for 2021/jul/23
2024-11-11 19:31:16,494 - INFO - Using User-Agent: Mozilla/5.0 (Macintosh; Intel Mac OS X 10_15_7) AppleWebKit/537.36 (KHTML, like Gecko) Chrome/108.0.0.0 Safari/537.36
2024-11-11 19:31:17,343 - INFO - Found 16 headlines for 2021/jul/24
2024-11-11 19:31:17,659 - INFO - Using User-Agent: Mozilla/5.0 (Macintosh; Intel Mac OS X 10_15_7) AppleWebKit/605.1.15 (KHTML, like Gecko) Version/14.0.3 Safari/605.1.15
2024-11-11 19:31:18,585 - INFO - Found 26 headlines for 2021/jul/25
2024-11-11 19:31:19,067 - INFO - Using User-Agent: Mozilla/5.0 (Macintosh; Intel Mac OS X 11_14) AppleWebKit/537.36 (KHTML, like Gecko) Chrome/109.0.5397.215 Safari/537.36
2024-11-11 19:31:19,937 - INFO - Found 35 headlines for 2021/jul/26
2024-11-11 19:31:20,248 - INFO - Using User-Agent: Mozilla/5.0 (Macintosh; Intel Mac OS X 11_3) AppleWebKit/537.36 (KHTML, like Gecko) Chrome/109.0.5412.99 Safari/537.36
2024-11-11 19:31:21,358 - INFO - Found 36 headlines for 2021/jul/27
2024-11-11 19:31:22,287 - INFO - Using User-Agent: Mozilla/5.0 (Macintosh; Intel Mac OS X 11_3) AppleWebKit/537.36 (KHTML, like Gecko) Chrome/109.0.5412.99 Safari/537.36
2024-11-11 19:31:23,432 - INFO - Found 44 headlines for 2021/jul/28
2024-11-11 19:31:23,978 - INFO - Using User-Agent: Mozilla/5.0 (Windows NT 10.0; Win64; x64) AppleWebKit/537.36 (KHTML, like Gecko) Firefox/89.0
2024-11-11 19:31:24,963 - INFO - Found 33 headlines for 2021/jul/29
2024-11-11 19:31:25,570 - INFO - Using User-Agent: Mozilla/5.0 (Macintosh; Intel Mac OS X 10_15_7) AppleWebKit/605.1.15 (KHTML, like Gecko) Version/14.0.3 Safari/605.1.15
2024-11-11 19:31:26,562 - INFO - Found 37 headlines for 2021/jul/30
2024-11-11 19:31:27,325 - INFO - Using User-Agent: Mozilla/5.0 (X11; Linux i686) AppleWebKit/537.36 (KHTML, like Gecko) Chrome/109.0.5388.177 Safari/537.36
2024-11-11 19:31:28,128 - INFO - Found 25 headlines for 2021/jul/31
2024-11-11 19:31:28,510 - INFO - Using User-Agent: Mozilla/5.0 (Macintosh; Intel Mac OS X 10_10) AppleWebKit/537.36 (KHTML, like Gecko) Chrome/108.0.5361.172 Safari/537.36
2024-11-11 19:31:29,427 - INFO - Found 25 headlines for 2021/aug/01
2024-11-11 19:31:30,207 - INFO - Using User-Agent: Mozilla/5.0 (Macintosh; Intel Mac OS X 10_15_7) AppleWebKit/605.1.15 (KHTML, like Gecko) Version/14.0.3 Safari/605.1.15
2024-11-11 19:31:31,128 - INFO - Found 36 headlines for 2021/aug/02
2024-11-11 19:31:31,420 - INFO - Using User-Agent: Mozilla/5.0 (Macintosh; Intel Mac OS X 11_3) AppleWebKit/537.36 (KHTML, like Gecko) Chrome/109.0.5412.99 Safari/537.36
2024-11-11 19:31:32,385 - INFO - Found 31 headlines for 2021/aug/03
2024-11-11 19:31:33,182 - INFO - Using User-Agent: Mozilla/5.0 (Macintosh; Intel Mac OS X 10_15_7) AppleWebKit/537.36 (KHTML, like Gecko) Chrome/108.0.0.0 Safari/537.36
2024-11-11 19:31:34,021 - INFO - Found 38 headlines for 2021/aug/04
2024-11-11 19:31:34,158 - INFO - Using User-Agent: Mozilla/5.0 (Windows NT 10.0; Win64; x64) AppleWebKit/537.36 (KHTML, like Gecko) Chrome/91.0.4472.124 Safari/537.36
2024-11-11 19:31:35,083 - INFO - Found 44 headlines for 2021/aug/05
2024-11-11 19:31:35,876 - INFO - Using User-Agent: Mozilla/5.0 (Macintosh; Intel Mac OS X 11_3) AppleWebKit/537.36 (KHTML, like Gecko) Chrome/109.0.5412.99 Safari/537.36
2024-11-11 19:31:36,703 - INFO - Found 37 headlines for 2021/aug/06
2024-11-11 19:31:36,732 - INFO - Using User-Agent: Mozilla/5.0 (Macintosh; Intel Mac OS X 10_15_7) AppleWebKit/537.36 (KHTML, like Gecko) Chrome/108.0.0.0 Safari/537.36
2024-11-11 19:31:37,722 - INFO - Found 25 headlines for 2021/aug/07
2024-11-11 19:31:38,397 - INFO - Using User-Agent: Mozilla/5.0 (Macintosh; Intel Mac OS X 10_15_7) AppleWebKit/537.36 (KHTML, like Gecko) Chrome/108.0.0.0 Safari/537.36
2024-11-11 19:31:39,274 - INFO - Found 27 headlines for 2021/aug/08
2024-11-11 19:31:39,890 - INFO - Using User-Agent: Mozilla/5.0 (Macintosh; Intel Mac OS X 10_15_7) AppleWebKit/537.36 (KHTML, like Gecko) Chrome/108.0.0.0 Safari/537.36
2024-11-11 19:31:40,763 - INFO - Found 32 headlines for 2021/aug/09
2024-11-11 19:31:41,515 - INFO - Using User-Agent: Mozilla/5.0 (Macintosh; Intel Mac OS X 11_3) AppleWebKit/537.36 (KHTML, like Gecko) Chrome/109.0.5412.99 Safari/537.36
2024-11-11 19:31:42,439 - INFO - Found 31 headlines for 2021/aug/10
2024-11-11 19:31:43,047 - INFO - Using User-Agent: Mozilla/5.0 (Macintosh; Intel Mac OS X 11_14) AppleWebKit/537.36 (KHTML, like Gecko) Chrome/109.0.5397.215 Safari/537.36
2024-11-11 19:31:44,075 - INFO - Found 35 headlines for 2021/aug/11
2024-11-11 19:31:44,215 - INFO - Using User-Agent: Mozilla/5.0 (Macintosh; Intel Mac OS X 10_10) AppleWebKit/537.36 (KHTML, like Gecko) Chrome/108.0.5361.172 Safari/537.36
2024-11-11 19:31:45,082 - INFO - Found 43 headlines for 2021/aug/12
2024-11-11 19:31:45,798 - INFO - Using User-Agent: Mozilla/5.0 (X11; Linux i686) AppleWebKit/537.36 (KHTML, like Gecko) Chrome/109.0.5388.177 Safari/537.36
2024-11-11 19:31:46,705 - INFO - Found 34 headlines for 2021/aug/13
2024-11-11 19:31:46,947 - INFO - Using User-Agent: Mozilla/5.0 (Macintosh; Intel Mac OS X 10_15_7) AppleWebKit/605.1.15 (KHTML, like Gecko) Version/14.0.3 Safari/605.1.15
2024-11-11 19:31:47,963 - INFO - Found 27 headlines for 2021/aug/14
2024-11-11 19:31:48,957 - INFO - Using User-Agent: Mozilla/5.0 (Windows NT 10.0; Win64; x64) AppleWebKit/537.36 (KHTML, like Gecko) Chrome/91.0.4472.124 Safari/537.36
2024-11-11 19:31:50,037 - INFO - Found 32 headlines for 2021/aug/15
2024-11-11 19:31:50,248 - INFO - Using User-Agent: Mozilla/5.0 (Windows NT 10.0; Win64; x64) AppleWebKit/537.36 (KHTML, like Gecko) Firefox/89.0
2024-11-11 19:31:51,474 - INFO - Found 42 headlines for 2021/aug/16
2024-11-11 19:31:52,393 - INFO - Using User-Agent: Mozilla/5.0 (Macintosh; Intel Mac OS X 11_3) AppleWebKit/537.36 (KHTML, like Gecko) Chrome/109.0.5412.99 Safari/537.36
2024-11-11 19:31:53,491 - INFO - Found 46 headlines for 2021/aug/17
2024-11-11 19:31:54,468 - INFO - Using User-Agent: Mozilla/5.0 (Macintosh; Intel Mac OS X 10_15_7) AppleWebKit/605.1.15 (KHTML, like Gecko) Version/14.0.3 Safari/605.1.15
2024-11-11 19:31:55,548 - INFO - Found 45 headlines for 2021/aug/18
2024-11-11 19:31:56,253 - INFO - Using User-Agent: Mozilla/5.0 (Windows NT 10.0; Win64; x64) AppleWebKit/537.36 (KHTML, like Gecko) Firefox/89.0
2024-11-11 19:31:57,180 - INFO - Found 39 headlines for 2021/aug/19
2024-11-11 19:31:57,875 - INFO - Using User-Agent: Mozilla/5.0 (Macintosh; Intel Mac OS X 10_15_7) AppleWebKit/605.1.15 (KHTML, like Gecko) Version/14.0.3 Safari/605.1.15
2024-11-11 19:31:59,043 - INFO - Found 41 headlines for 2021/aug/20
2024-11-11 19:31:59,481 - INFO - Using User-Agent: Mozilla/5.0 (Macintosh; Intel Mac OS X 10_15_7) AppleWebKit/605.1.15 (KHTML, like Gecko) Version/14.0.3 Safari/605.1.15
2024-11-11 19:32:00,457 - INFO - Found 17 headlines for 2021/aug/21
2024-11-11 19:32:01,031 - INFO - Using User-Agent: Mozilla/5.0 (Macintosh; Intel Mac OS X 10_10) AppleWebKit/537.36 (KHTML, like Gecko) Chrome/108.0.5361.172 Safari/537.36
2024-11-11 19:32:02,087 - INFO - Found 32 headlines for 2021/aug/22
2024-11-11 19:32:02,894 - INFO - Using User-Agent: Mozilla/5.0 (Macintosh; Intel Mac OS X 10_10) AppleWebKit/537.36 (KHTML, like Gecko) Chrome/108.0.5361.172 Safari/537.36
2024-11-11 19:32:03,951 - INFO - Found 32 headlines for 2021/aug/23
2024-11-11 19:32:04,061 - INFO - Using User-Agent: Mozilla/5.0 (X11; Linux i686) AppleWebKit/537.36 (KHTML, like Gecko) Chrome/109.0.5388.177 Safari/537.36
2024-11-11 19:32:05,202 - INFO - Found 30 headlines for 2021/aug/24
2024-11-11 19:32:05,730 - INFO - Using User-Agent: Mozilla/5.0 (Macintosh; Intel Mac OS X 11_3) AppleWebKit/537.36 (KHTML, like Gecko) Chrome/109.0.5412.99 Safari/537.36
2024-11-11 19:32:06,848 - INFO - Found 33 headlines for 2021/aug/25
2024-11-11 19:32:07,836 - INFO - Using User-Agent: Mozilla/5.0 (Macintosh; Intel Mac OS X 10_15_7) AppleWebKit/537.36 (KHTML, like Gecko) Chrome/108.0.0.0 Safari/537.36
2024-11-11 19:32:09,067 - INFO - Found 46 headlines for 2021/aug/26
2024-11-11 19:32:09,357 - INFO - Using User-Agent: Mozilla/5.0 (Macintosh; Intel Mac OS X 11_14) AppleWebKit/537.36 (KHTML, like Gecko) Chrome/109.0.5397.215 Safari/537.36
2024-11-11 19:32:10,341 - INFO - Found 39 headlines for 2021/aug/27
2024-11-11 19:32:10,746 - INFO - Using User-Agent: Mozilla/5.0 (Macintosh; Intel Mac OS X 10_10) AppleWebKit/537.36 (KHTML, like Gecko) Chrome/108.0.5361.172 Safari/537.36
2024-11-11 19:32:11,922 - INFO - Found 28 headlines for 2021/aug/28
2024-11-11 19:32:12,380 - INFO - Using User-Agent: Mozilla/5.0 (Windows NT 10.0; Win64; x64) AppleWebKit/537.36 (KHTML, like Gecko) Chrome/91.0.4472.124 Safari/537.36
2024-11-11 19:32:13,344 - INFO - Found 24 headlines for 2021/aug/29
2024-11-11 19:32:13,412 - INFO - Using User-Agent: Mozilla/5.0 (Macintosh; Intel Mac OS X 10_10) AppleWebKit/537.36 (KHTML, like Gecko) Chrome/108.0.5361.172 Safari/537.36
2024-11-11 19:32:14,390 - INFO - Found 44 headlines for 2021/aug/30
2024-11-11 19:32:14,615 - INFO - Using User-Agent: Mozilla/5.0 (Macintosh; Intel Mac OS X 10_15_7) AppleWebKit/537.36 (KHTML, like Gecko) Chrome/108.0.0.0 Safari/537.36
2024-11-11 19:32:15,599 - INFO - Found 43 headlines for 2021/aug/31
2024-11-11 19:32:15,881 - INFO - Using User-Agent: Mozilla/5.0 (Macintosh; Intel Mac OS X 11_3) AppleWebKit/537.36 (KHTML, like Gecko) Chrome/109.0.5412.99 Safari/537.36
2024-11-11 19:32:16,851 - INFO - Found 42 headlines for 2021/sep/01
2024-11-11 19:32:17,259 - INFO - Using User-Agent: Mozilla/5.0 (Macintosh; Intel Mac OS X 11_3) AppleWebKit/537.36 (KHTML, like Gecko) Chrome/109.0.5412.99 Safari/537.36
2024-11-11 19:32:18,314 - INFO - Found 36 headlines for 2021/sep/02
2024-11-11 19:32:18,546 - INFO - Using User-Agent: Mozilla/5.0 (Macintosh; Intel Mac OS X 10_15_7) AppleWebKit/537.36 (KHTML, like Gecko) Chrome/108.0.0.0 Safari/537.36
2024-11-11 19:32:19,426 - INFO - Found 41 headlines for 2021/sep/03
2024-11-11 19:32:19,978 - INFO - Using User-Agent: Mozilla/5.0 (Macintosh; Intel Mac OS X 10_15_7) AppleWebKit/605.1.15 (KHTML, like Gecko) Version/14.0.3 Safari/605.1.15
2024-11-11 19:32:20,916 - INFO - Found 17 headlines for 2021/sep/04
2024-11-11 19:32:21,553 - INFO - Using User-Agent: Mozilla/5.0 (Macintosh; Intel Mac OS X 11_14) AppleWebKit/537.36 (KHTML, like Gecko) Chrome/109.0.5397.215 Safari/537.36
2024-11-11 19:32:22,609 - INFO - Found 18 headlines for 2021/sep/05
2024-11-11 19:32:23,075 - INFO - Using User-Agent: Mozilla/5.0 (Macintosh; Intel Mac OS X 11_14) AppleWebKit/537.36 (KHTML, like Gecko) Chrome/109.0.5397.215 Safari/537.36
2024-11-11 19:32:23,999 - INFO - Found 36 headlines for 2021/sep/06
2024-11-11 19:32:24,712 - INFO - Using User-Agent: Mozilla/5.0 (Macintosh; Intel Mac OS X 10_15_7) AppleWebKit/605.1.15 (KHTML, like Gecko) Version/14.0.3 Safari/605.1.15
2024-11-11 19:32:25,640 - INFO - Found 41 headlines for 2021/sep/07
2024-11-11 19:32:25,741 - INFO - Using User-Agent: Mozilla/5.0 (Macintosh; Intel Mac OS X 10_10) AppleWebKit/537.36 (KHTML, like Gecko) Chrome/108.0.5361.172 Safari/537.36
2024-11-11 19:32:26,663 - INFO - Found 40 headlines for 2021/sep/08
2024-11-11 19:32:27,018 - INFO - Using User-Agent: Mozilla/5.0 (Macintosh; Intel Mac OS X 10_15_7) AppleWebKit/537.36 (KHTML, like Gecko) Chrome/108.0.0.0 Safari/537.36
2024-11-11 19:32:27,874 - INFO - Found 36 headlines for 2021/sep/09
2024-11-11 19:32:28,251 - INFO - Using User-Agent: Mozilla/5.0 (Windows NT 10.0; Win64; x64) AppleWebKit/537.36 (KHTML, like Gecko) Chrome/91.0.4472.124 Safari/537.36
2024-11-11 19:32:29,138 - INFO - Found 32 headlines for 2021/sep/10
2024-11-11 19:32:29,833 - INFO - Using User-Agent: Mozilla/5.0 (X11; Linux i686) AppleWebKit/537.36 (KHTML, like Gecko) Chrome/109.0.5388.177 Safari/537.36
2024-11-11 19:32:31,185 - INFO - Found 14 headlines for 2021/sep/11
2024-11-11 19:32:31,680 - INFO - Using User-Agent: Mozilla/5.0 (Macintosh; Intel Mac OS X 11_3) AppleWebKit/537.36 (KHTML, like Gecko) Chrome/109.0.5412.99 Safari/537.36
2024-11-11 19:32:32,660 - INFO - Found 19 headlines for 2021/sep/12
2024-11-11 19:32:33,534 - INFO - Using User-Agent: Mozilla/5.0 (Macintosh; Intel Mac OS X 10_10) AppleWebKit/537.36 (KHTML, like Gecko) Chrome/108.0.5361.172 Safari/537.36
2024-11-11 19:32:34,436 - INFO - Found 34 headlines for 2021/sep/13
2024-11-11 19:32:35,323 - INFO - Using User-Agent: Mozilla/5.0 (Windows NT 10.0; Win64; x64) AppleWebKit/537.36 (KHTML, like Gecko) Firefox/89.0
2024-11-11 19:32:36,308 - INFO - Found 37 headlines for 2021/sep/14
2024-11-11 19:32:36,459 - INFO - Using User-Agent: Mozilla/5.0 (Macintosh; Intel Mac OS X 11_3) AppleWebKit/537.36 (KHTML, like Gecko) Chrome/109.0.5412.99 Safari/537.36
2024-11-11 19:32:37,536 - INFO - Found 29 headlines for 2021/sep/15
2024-11-11 19:32:37,551 - INFO - Using User-Agent: Mozilla/5.0 (Windows NT 10.0; Win64; x64) AppleWebKit/537.36 (KHTML, like Gecko) Chrome/91.0.4472.124 Safari/537.36
2024-11-11 19:32:38,590 - INFO - Found 33 headlines for 2021/sep/16
2024-11-11 19:32:39,494 - INFO - Using User-Agent: Mozilla/5.0 (Windows NT 10.0; Win64; x64) AppleWebKit/537.36 (KHTML, like Gecko) Firefox/89.0
2024-11-11 19:32:40,633 - INFO - Found 30 headlines for 2021/sep/17
2024-11-11 19:32:40,760 - INFO - Using User-Agent: Mozilla/5.0 (Macintosh; Intel Mac OS X 10_15_7) AppleWebKit/605.1.15 (KHTML, like Gecko) Version/14.0.3 Safari/605.1.15
2024-11-11 19:32:41,882 - INFO - Found 24 headlines for 2021/sep/18
2024-11-11 19:32:42,275 - INFO - Using User-Agent: Mozilla/5.0 (Windows NT 10.0; Win64; x64) AppleWebKit/537.36 (KHTML, like Gecko) Chrome/91.0.4472.124 Safari/537.36
2024-11-11 19:32:43,308 - INFO - Found 34 headlines for 2021/sep/19
2024-11-11 19:32:43,749 - INFO - Using User-Agent: Mozilla/5.0 (Macintosh; Intel Mac OS X 10_15_7) AppleWebKit/605.1.15 (KHTML, like Gecko) Version/14.0.3 Safari/605.1.15
2024-11-11 19:32:44,839 - INFO - Found 35 headlines for 2021/sep/20
2024-11-11 19:32:45,398 - INFO - Using User-Agent: Mozilla/5.0 (Macintosh; Intel Mac OS X 10_15_7) AppleWebKit/605.1.15 (KHTML, like Gecko) Version/14.0.3 Safari/605.1.15
2024-11-11 19:32:46,390 - INFO - Found 45 headlines for 2021/sep/21
2024-11-11 19:32:47,113 - INFO - Using User-Agent: Mozilla/5.0 (X11; Linux i686) AppleWebKit/537.36 (KHTML, like Gecko) Chrome/109.0.5388.177 Safari/537.36
2024-11-11 19:32:48,279 - INFO - Found 43 headlines for 2021/sep/22
2024-11-11 19:32:49,060 - INFO - Using User-Agent: Mozilla/5.0 (Macintosh; Intel Mac OS X 10_15_7) AppleWebKit/605.1.15 (KHTML, like Gecko) Version/14.0.3 Safari/605.1.15
2024-11-11 19:32:50,066 - INFO - Found 31 headlines for 2021/sep/23
2024-11-11 19:32:50,849 - INFO - Using User-Agent: Mozilla/5.0 (Macintosh; Intel Mac OS X 11_3) AppleWebKit/537.36 (KHTML, like Gecko) Chrome/109.0.5412.99 Safari/537.36
2024-11-11 19:32:51,914 - INFO - Found 38 headlines for 2021/sep/24
2024-11-11 19:32:51,989 - INFO - Using User-Agent: Mozilla/5.0 (Windows NT 10.0; Win64; x64) AppleWebKit/537.36 (KHTML, like Gecko) Firefox/89.0
2024-11-11 19:32:52,914 - INFO - Found 17 headlines for 2021/sep/25
2024-11-11 19:32:53,840 - INFO - Using User-Agent: Mozilla/5.0 (Macintosh; Intel Mac OS X 11_14) AppleWebKit/537.36 (KHTML, like Gecko) Chrome/109.0.5397.215 Safari/537.36
2024-11-11 19:32:54,777 - INFO - Found 21 headlines for 2021/sep/26
2024-11-11 19:32:55,223 - INFO - Using User-Agent: Mozilla/5.0 (X11; Linux i686) AppleWebKit/537.36 (KHTML, like Gecko) Chrome/109.0.5388.177 Safari/537.36
2024-11-11 19:32:56,176 - INFO - Found 27 headlines for 2021/sep/27
2024-11-11 19:32:56,720 - INFO - Using User-Agent: Mozilla/5.0 (X11; Linux i686) AppleWebKit/537.36 (KHTML, like Gecko) Chrome/109.0.5388.177 Safari/537.36
2024-11-11 19:32:57,552 - INFO - Found 30 headlines for 2021/sep/28
2024-11-11 19:32:58,315 - INFO - Using User-Agent: Mozilla/5.0 (Windows NT 10.0; Win64; x64) AppleWebKit/537.36 (KHTML, like Gecko) Chrome/91.0.4472.124 Safari/537.36
2024-11-11 19:32:59,278 - INFO - Found 33 headlines for 2021/sep/29
2024-11-11 19:33:00,183 - INFO - Using User-Agent: Mozilla/5.0 (Macintosh; Intel Mac OS X 11_14) AppleWebKit/537.36 (KHTML, like Gecko) Chrome/109.0.5397.215 Safari/537.36
2024-11-11 19:33:01,246 - INFO - Found 33 headlines for 2021/sep/30
2024-11-11 19:33:02,186 - INFO - Using User-Agent: Mozilla/5.0 (Macintosh; Intel Mac OS X 10_15_7) AppleWebKit/605.1.15 (KHTML, like Gecko) Version/14.0.3 Safari/605.1.15
2024-11-11 19:33:03,171 - INFO - Found 34 headlines for 2021/oct/01
2024-11-11 19:33:03,989 - INFO - Using User-Agent: Mozilla/5.0 (Macintosh; Intel Mac OS X 11_3) AppleWebKit/537.36 (KHTML, like Gecko) Chrome/109.0.5412.99 Safari/537.36
2024-11-11 19:33:04,972 - INFO - Found 13 headlines for 2021/oct/02
2024-11-11 19:33:05,268 - INFO - Using User-Agent: Mozilla/5.0 (Windows NT 10.0; Win64; x64) AppleWebKit/537.36 (KHTML, like Gecko) Chrome/91.0.4472.124 Safari/537.36
2024-11-11 19:33:06,223 - INFO - Found 25 headlines for 2021/oct/03
2024-11-11 19:33:06,480 - INFO - Using User-Agent: Mozilla/5.0 (X11; Linux i686) AppleWebKit/537.36 (KHTML, like Gecko) Chrome/109.0.5388.177 Safari/537.36
2024-11-11 19:33:07,445 - INFO - Found 32 headlines for 2021/oct/04
2024-11-11 19:33:08,426 - INFO - Using User-Agent: Mozilla/5.0 (Macintosh; Intel Mac OS X 10_15_7) AppleWebKit/605.1.15 (KHTML, like Gecko) Version/14.0.3 Safari/605.1.15
2024-11-11 19:33:09,540 - INFO - Found 24 headlines for 2021/oct/05
2024-11-11 19:33:10,496 - INFO - Using User-Agent: Mozilla/5.0 (Windows NT 10.0; Win64; x64) AppleWebKit/537.36 (KHTML, like Gecko) Chrome/91.0.4472.124 Safari/537.36
2024-11-11 19:33:11,591 - INFO - Found 37 headlines for 2021/oct/06
2024-11-11 19:33:12,080 - INFO - Using User-Agent: Mozilla/5.0 (X11; Linux i686) AppleWebKit/537.36 (KHTML, like Gecko) Chrome/109.0.5388.177 Safari/537.36
2024-11-11 19:33:12,982 - INFO - Found 36 headlines for 2021/oct/07
2024-11-11 19:33:13,666 - INFO - Using User-Agent: Mozilla/5.0 (Macintosh; Intel Mac OS X 11_14) AppleWebKit/537.36 (KHTML, like Gecko) Chrome/109.0.5397.215 Safari/537.36
2024-11-11 19:33:14,614 - INFO - Found 34 headlines for 2021/oct/08
2024-11-11 19:33:15,556 - INFO - Using User-Agent: Mozilla/5.0 (Macintosh; Intel Mac OS X 11_14) AppleWebKit/537.36 (KHTML, like Gecko) Chrome/109.0.5397.215 Safari/537.36
2024-11-11 19:33:16,523 - INFO - Found 26 headlines for 2021/oct/09
2024-11-11 19:33:16,587 - INFO - Using User-Agent: Mozilla/5.0 (Macintosh; Intel Mac OS X 10_10) AppleWebKit/537.36 (KHTML, like Gecko) Chrome/108.0.5361.172 Safari/537.36
2024-11-11 19:33:17,452 - INFO - Found 20 headlines for 2021/oct/10
2024-11-11 19:33:17,484 - INFO - Using User-Agent: Mozilla/5.0 (Macintosh; Intel Mac OS X 10_15_7) AppleWebKit/605.1.15 (KHTML, like Gecko) Version/14.0.3 Safari/605.1.15
2024-11-11 19:33:18,526 - INFO - Found 37 headlines for 2021/oct/11
2024-11-11 19:33:19,189 - INFO - Using User-Agent: Mozilla/5.0 (Windows NT 10.0; Win64; x64) AppleWebKit/537.36 (KHTML, like Gecko) Firefox/89.0
2024-11-11 19:33:20,095 - INFO - Found 41 headlines for 2021/oct/12
2024-11-11 19:33:20,443 - INFO - Using User-Agent: Mozilla/5.0 (Windows NT 10.0; Win64; x64) AppleWebKit/537.36 (KHTML, like Gecko) Firefox/89.0
2024-11-11 19:33:21,367 - INFO - Found 33 headlines for 2021/oct/13
2024-11-11 19:33:21,812 - INFO - Using User-Agent: Mozilla/5.0 (Macintosh; Intel Mac OS X 10_10) AppleWebKit/537.36 (KHTML, like Gecko) Chrome/108.0.5361.172 Safari/537.36
2024-11-11 19:33:22,868 - INFO - Found 40 headlines for 2021/oct/14
2024-11-11 19:33:23,797 - INFO - Using User-Agent: Mozilla/5.0 (X11; Linux i686) AppleWebKit/537.36 (KHTML, like Gecko) Chrome/109.0.5388.177 Safari/537.36
2024-11-11 19:33:24,652 - INFO - Found 33 headlines for 2021/oct/15
2024-11-11 19:33:24,869 - INFO - Using User-Agent: Mozilla/5.0 (Macintosh; Intel Mac OS X 10_15_7) AppleWebKit/537.36 (KHTML, like Gecko) Chrome/108.0.0.0 Safari/537.36
2024-11-11 19:33:25,897 - INFO - Found 18 headlines for 2021/oct/16
2024-11-11 19:33:26,615 - INFO - Using User-Agent: Mozilla/5.0 (Windows NT 10.0; Win64; x64) AppleWebKit/537.36 (KHTML, like Gecko) Chrome/91.0.4472.124 Safari/537.36
2024-11-11 19:33:27,495 - INFO - Found 16 headlines for 2021/oct/17
2024-11-11 19:33:27,751 - INFO - Using User-Agent: Mozilla/5.0 (Macintosh; Intel Mac OS X 11_14) AppleWebKit/537.36 (KHTML, like Gecko) Chrome/109.0.5397.215 Safari/537.36
2024-11-11 19:33:28,803 - INFO - Found 27 headlines for 2021/oct/18
2024-11-11 19:33:29,670 - INFO - Using User-Agent: Mozilla/5.0 (Macintosh; Intel Mac OS X 10_15_7) AppleWebKit/537.36 (KHTML, like Gecko) Chrome/108.0.0.0 Safari/537.36
2024-11-11 19:33:30,574 - INFO - Found 32 headlines for 2021/oct/19
2024-11-11 19:33:30,942 - INFO - Using User-Agent: Mozilla/5.0 (Macintosh; Intel Mac OS X 10_10) AppleWebKit/537.36 (KHTML, like Gecko) Chrome/108.0.5361.172 Safari/537.36
2024-11-11 19:33:31,798 - INFO - Found 31 headlines for 2021/oct/20
2024-11-11 19:33:32,642 - INFO - Using User-Agent: Mozilla/5.0 (Windows NT 10.0; Win64; x64) AppleWebKit/537.36 (KHTML, like Gecko) Firefox/89.0
2024-11-11 19:33:33,491 - INFO - Found 31 headlines for 2021/oct/21
2024-11-11 19:33:34,443 - INFO - Using User-Agent: Mozilla/5.0 (Windows NT 10.0; Win64; x64) AppleWebKit/537.36 (KHTML, like Gecko) Firefox/89.0
2024-11-11 19:33:35,592 - INFO - Found 37 headlines for 2021/oct/22
2024-11-11 19:33:35,977 - INFO - Using User-Agent: Mozilla/5.0 (X11; Linux i686) AppleWebKit/537.36 (KHTML, like Gecko) Chrome/109.0.5388.177 Safari/537.36
2024-11-11 19:33:36,921 - INFO - Found 22 headlines for 2021/oct/23
2024-11-11 19:33:37,669 - INFO - Using User-Agent: Mozilla/5.0 (Macintosh; Intel Mac OS X 10_10) AppleWebKit/537.36 (KHTML, like Gecko) Chrome/108.0.5361.172 Safari/537.36
2024-11-11 19:33:38,574 - INFO - Found 20 headlines for 2021/oct/24
2024-11-11 19:33:39,176 - INFO - Using User-Agent: Mozilla/5.0 (Macintosh; Intel Mac OS X 11_14) AppleWebKit/537.36 (KHTML, like Gecko) Chrome/109.0.5397.215 Safari/537.36
2024-11-11 19:33:40,243 - INFO - Found 34 headlines for 2021/oct/25
2024-11-11 19:33:40,839 - INFO - Using User-Agent: Mozilla/5.0 (Windows NT 10.0; Win64; x64) AppleWebKit/537.36 (KHTML, like Gecko) Chrome/91.0.4472.124 Safari/537.36
2024-11-11 19:33:41,887 - INFO - Found 35 headlines for 2021/oct/26
2024-11-11 19:33:42,796 - INFO - Using User-Agent: Mozilla/5.0 (Macintosh; Intel Mac OS X 10_10) AppleWebKit/537.36 (KHTML, like Gecko) Chrome/108.0.5361.172 Safari/537.36
2024-11-11 19:33:43,675 - INFO - Found 24 headlines for 2021/oct/27
2024-11-11 19:33:44,513 - INFO - Using User-Agent: Mozilla/5.0 (Macintosh; Intel Mac OS X 10_10) AppleWebKit/537.36 (KHTML, like Gecko) Chrome/108.0.5361.172 Safari/537.36
2024-11-11 19:33:45,556 - INFO - Found 34 headlines for 2021/oct/28
2024-11-11 19:33:45,905 - INFO - Using User-Agent: Mozilla/5.0 (Macintosh; Intel Mac OS X 11_3) AppleWebKit/537.36 (KHTML, like Gecko) Chrome/109.0.5412.99 Safari/537.36
2024-11-11 19:33:46,751 - INFO - Found 33 headlines for 2021/oct/29
2024-11-11 19:33:46,797 - INFO - Using User-Agent: Mozilla/5.0 (Macintosh; Intel Mac OS X 11_14) AppleWebKit/537.36 (KHTML, like Gecko) Chrome/109.0.5397.215 Safari/537.36
2024-11-11 19:33:47,775 - INFO - Found 23 headlines for 2021/oct/30
2024-11-11 19:33:47,920 - INFO - Using User-Agent: Mozilla/5.0 (Macintosh; Intel Mac OS X 10_15_7) AppleWebKit/537.36 (KHTML, like Gecko) Chrome/108.0.0.0 Safari/537.36
2024-11-11 19:33:48,824 - INFO - Found 27 headlines for 2021/oct/31
2024-11-11 19:33:49,732 - INFO - Using User-Agent: Mozilla/5.0 (Windows NT 10.0; Win64; x64) AppleWebKit/537.36 (KHTML, like Gecko) Firefox/89.0
2024-11-11 19:33:50,483 - INFO - Found 27 headlines for 2021/nov/01
2024-11-11 19:33:50,544 - INFO - Using User-Agent: Mozilla/5.0 (Windows NT 10.0; Win64; x64) AppleWebKit/537.36 (KHTML, like Gecko) Chrome/91.0.4472.124 Safari/537.36
2024-11-11 19:33:51,548 - INFO - Found 31 headlines for 2021/nov/02
2024-11-11 19:33:51,790 - INFO - Using User-Agent: Mozilla/5.0 (Macintosh; Intel Mac OS X 10_10) AppleWebKit/537.36 (KHTML, like Gecko) Chrome/108.0.5361.172 Safari/537.36
2024-11-11 19:33:52,700 - INFO - Found 30 headlines for 2021/nov/03
2024-11-11 19:33:53,646 - INFO - Using User-Agent: Mozilla/5.0 (Macintosh; Intel Mac OS X 11_14) AppleWebKit/537.36 (KHTML, like Gecko) Chrome/109.0.5397.215 Safari/537.36
2024-11-11 19:33:54,516 - INFO - Found 31 headlines for 2021/nov/04
2024-11-11 19:33:55,000 - INFO - Using User-Agent: Mozilla/5.0 (Macintosh; Intel Mac OS X 11_14) AppleWebKit/537.36 (KHTML, like Gecko) Chrome/109.0.5397.215 Safari/537.36
2024-11-11 19:33:55,967 - INFO - Found 31 headlines for 2021/nov/05
2024-11-11 19:33:56,744 - INFO - Using User-Agent: Mozilla/5.0 (Macintosh; Intel Mac OS X 10_10) AppleWebKit/537.36 (KHTML, like Gecko) Chrome/108.0.5361.172 Safari/537.36
2024-11-11 19:33:57,751 - INFO - Found 17 headlines for 2021/nov/06
2024-11-11 19:33:57,961 - INFO - Using User-Agent: Mozilla/5.0 (Macintosh; Intel Mac OS X 10_10) AppleWebKit/537.36 (KHTML, like Gecko) Chrome/108.0.5361.172 Safari/537.36
2024-11-11 19:33:58,856 - INFO - Found 13 headlines for 2021/nov/07
2024-11-11 19:33:59,723 - INFO - Using User-Agent: Mozilla/5.0 (Macintosh; Intel Mac OS X 10_15_7) AppleWebKit/537.36 (KHTML, like Gecko) Chrome/108.0.0.0 Safari/537.36
2024-11-11 19:34:00,718 - INFO - Found 34 headlines for 2021/nov/08
2024-11-11 19:34:00,887 - INFO - Using User-Agent: Mozilla/5.0 (Windows NT 10.0; Win64; x64) AppleWebKit/537.36 (KHTML, like Gecko) Chrome/91.0.4472.124 Safari/537.36
2024-11-11 19:34:01,866 - INFO - Found 27 headlines for 2021/nov/09
2024-11-11 19:34:02,519 - INFO - Using User-Agent: Mozilla/5.0 (Windows NT 10.0; Win64; x64) AppleWebKit/537.36 (KHTML, like Gecko) Firefox/89.0
2024-11-11 19:34:03,744 - INFO - Found 34 headlines for 2021/nov/10
2024-11-11 19:34:04,643 - INFO - Using User-Agent: Mozilla/5.0 (Macintosh; Intel Mac OS X 10_10) AppleWebKit/537.36 (KHTML, like Gecko) Chrome/108.0.5361.172 Safari/537.36
2024-11-11 19:34:05,429 - INFO - Found 39 headlines for 2021/nov/11
2024-11-11 19:34:06,322 - INFO - Using User-Agent: Mozilla/5.0 (Macintosh; Intel Mac OS X 10_15_7) AppleWebKit/537.36 (KHTML, like Gecko) Chrome/108.0.0.0 Safari/537.36
2024-11-11 19:34:08,404 - INFO - Found 26 headlines for 2021/nov/12
2024-11-11 19:34:08,954 - INFO - Using User-Agent: Mozilla/5.0 (Macintosh; Intel Mac OS X 10_15_7) AppleWebKit/605.1.15 (KHTML, like Gecko) Version/14.0.3 Safari/605.1.15
2024-11-11 19:34:10,376 - INFO - Found 15 headlines for 2021/nov/13
2024-11-11 19:34:11,087 - INFO - Using User-Agent: Mozilla/5.0 (X11; Linux i686) AppleWebKit/537.36 (KHTML, like Gecko) Chrome/109.0.5388.177 Safari/537.36
2024-11-11 19:34:12,132 - INFO - Found 9 headlines for 2021/nov/14
2024-11-11 19:34:12,941 - INFO - Using User-Agent: Mozilla/5.0 (Macintosh; Intel Mac OS X 11_3) AppleWebKit/537.36 (KHTML, like Gecko) Chrome/109.0.5412.99 Safari/537.36
2024-11-11 19:34:13,779 - INFO - Found 32 headlines for 2021/nov/15
2024-11-11 19:34:14,577 - INFO - Using User-Agent: Mozilla/5.0 (Macintosh; Intel Mac OS X 11_3) AppleWebKit/537.36 (KHTML, like Gecko) Chrome/109.0.5412.99 Safari/537.36
2024-11-11 19:34:15,452 - INFO - Found 30 headlines for 2021/nov/16
2024-11-11 19:34:15,590 - INFO - Using User-Agent: Mozilla/5.0 (Macintosh; Intel Mac OS X 11_3) AppleWebKit/537.36 (KHTML, like Gecko) Chrome/109.0.5412.99 Safari/537.36
2024-11-11 19:34:16,464 - INFO - Found 25 headlines for 2021/nov/17
2024-11-11 19:34:17,423 - INFO - Using User-Agent: Mozilla/5.0 (Windows NT 10.0; Win64; x64) AppleWebKit/537.36 (KHTML, like Gecko) Firefox/89.0
2024-11-11 19:34:18,512 - INFO - Found 35 headlines for 2021/nov/18
2024-11-11 19:34:18,982 - INFO - Using User-Agent: Mozilla/5.0 (X11; Linux i686) AppleWebKit/537.36 (KHTML, like Gecko) Chrome/109.0.5388.177 Safari/537.36
2024-11-11 19:34:19,997 - INFO - Found 46 headlines for 2021/nov/19
2024-11-11 19:34:20,884 - INFO - Using User-Agent: Mozilla/5.0 (X11; Linux i686) AppleWebKit/537.36 (KHTML, like Gecko) Chrome/109.0.5388.177 Safari/537.36
2024-11-11 19:34:21,668 - INFO - Found 24 headlines for 2021/nov/20
2024-11-11 19:34:22,177 - INFO - Using User-Agent: Mozilla/5.0 (Macintosh; Intel Mac OS X 10_15_7) AppleWebKit/605.1.15 (KHTML, like Gecko) Version/14.0.3 Safari/605.1.15
2024-11-11 19:34:22,971 - INFO - Found 26 headlines for 2021/nov/21
2024-11-11 19:34:23,442 - INFO - Using User-Agent: Mozilla/5.0 (Macintosh; Intel Mac OS X 10_10) AppleWebKit/537.36 (KHTML, like Gecko) Chrome/108.0.5361.172 Safari/537.36
2024-11-11 19:34:24,438 - INFO - Found 30 headlines for 2021/nov/22
2024-11-11 19:34:24,877 - INFO - Using User-Agent: Mozilla/5.0 (Macintosh; Intel Mac OS X 10_15_7) AppleWebKit/605.1.15 (KHTML, like Gecko) Version/14.0.3 Safari/605.1.15
2024-11-11 19:34:25,855 - INFO - Found 36 headlines for 2021/nov/23
2024-11-11 19:34:26,418 - INFO - Using User-Agent: Mozilla/5.0 (Macintosh; Intel Mac OS X 10_10) AppleWebKit/537.36 (KHTML, like Gecko) Chrome/108.0.5361.172 Safari/537.36
2024-11-11 19:34:27,281 - INFO - Found 32 headlines for 2021/nov/24
2024-11-11 19:34:27,623 - INFO - Using User-Agent: Mozilla/5.0 (Macintosh; Intel Mac OS X 11_3) AppleWebKit/537.36 (KHTML, like Gecko) Chrome/109.0.5412.99 Safari/537.36
2024-11-11 19:34:28,569 - INFO - Found 37 headlines for 2021/nov/25
2024-11-11 19:34:29,495 - INFO - Using User-Agent: Mozilla/5.0 (Macintosh; Intel Mac OS X 11_3) AppleWebKit/537.36 (KHTML, like Gecko) Chrome/109.0.5412.99 Safari/537.36
2024-11-11 19:34:30,634 - INFO - Found 38 headlines for 2021/nov/26
2024-11-11 19:34:30,817 - INFO - Using User-Agent: Mozilla/5.0 (Macintosh; Intel Mac OS X 10_15_7) AppleWebKit/605.1.15 (KHTML, like Gecko) Version/14.0.3 Safari/605.1.15
2024-11-11 19:34:31,804 - INFO - Found 30 headlines for 2021/nov/27
2024-11-11 19:34:32,645 - INFO - Using User-Agent: Mozilla/5.0 (Windows NT 10.0; Win64; x64) AppleWebKit/537.36 (KHTML, like Gecko) Chrome/91.0.4472.124 Safari/537.36
2024-11-11 19:34:34,010 - INFO - Found 32 headlines for 2021/nov/28
2024-11-11 19:34:34,072 - INFO - Using User-Agent: Mozilla/5.0 (Macintosh; Intel Mac OS X 11_14) AppleWebKit/537.36 (KHTML, like Gecko) Chrome/109.0.5397.215 Safari/537.36
2024-11-11 19:34:35,112 - INFO - Found 45 headlines for 2021/nov/29
2024-11-11 19:34:35,871 - INFO - Using User-Agent: Mozilla/5.0 (Windows NT 10.0; Win64; x64) AppleWebKit/537.36 (KHTML, like Gecko) Firefox/89.0
2024-11-11 19:34:36,955 - INFO - Found 45 headlines for 2021/nov/30
2024-11-11 19:34:37,203 - INFO - Using User-Agent: Mozilla/5.0 (Macintosh; Intel Mac OS X 10_10) AppleWebKit/537.36 (KHTML, like Gecko) Chrome/108.0.5361.172 Safari/537.36
2024-11-11 19:34:38,231 - INFO - Found 46 headlines for 2021/dec/01
2024-11-11 19:34:38,442 - INFO - Using User-Agent: Mozilla/5.0 (Macintosh; Intel Mac OS X 10_10) AppleWebKit/537.36 (KHTML, like Gecko) Chrome/108.0.5361.172 Safari/537.36
2024-11-11 19:34:39,633 - INFO - Found 41 headlines for 2021/dec/02
2024-11-11 19:34:39,644 - INFO - Using User-Agent: Mozilla/5.0 (Macintosh; Intel Mac OS X 10_15_7) AppleWebKit/537.36 (KHTML, like Gecko) Chrome/108.0.0.0 Safari/537.36
2024-11-11 19:34:40,638 - INFO - Found 43 headlines for 2021/dec/03
2024-11-11 19:34:40,890 - INFO - Using User-Agent: Mozilla/5.0 (Macintosh; Intel Mac OS X 11_14) AppleWebKit/537.36 (KHTML, like Gecko) Chrome/109.0.5397.215 Safari/537.36
2024-11-11 19:34:41,830 - INFO - Found 19 headlines for 2021/dec/04
2024-11-11 19:34:42,829 - INFO - Using User-Agent: Mozilla/5.0 (Macintosh; Intel Mac OS X 11_3) AppleWebKit/537.36 (KHTML, like Gecko) Chrome/109.0.5412.99 Safari/537.36
2024-11-11 19:34:43,972 - INFO - Found 25 headlines for 2021/dec/05
2024-11-11 19:34:44,850 - INFO - Using User-Agent: Mozilla/5.0 (Macintosh; Intel Mac OS X 11_3) AppleWebKit/537.36 (KHTML, like Gecko) Chrome/109.0.5412.99 Safari/537.36
2024-11-11 19:34:45,755 - INFO - Found 34 headlines for 2021/dec/06
2024-11-11 19:34:46,464 - INFO - Using User-Agent: Mozilla/5.0 (Macintosh; Intel Mac OS X 11_14) AppleWebKit/537.36 (KHTML, like Gecko) Chrome/109.0.5397.215 Safari/537.36
2024-11-11 19:34:47,382 - INFO - Found 34 headlines for 2021/dec/07
2024-11-11 19:34:48,144 - INFO - Using User-Agent: Mozilla/5.0 (Macintosh; Intel Mac OS X 10_15_7) AppleWebKit/537.36 (KHTML, like Gecko) Chrome/108.0.0.0 Safari/537.36
2024-11-11 19:34:49,004 - INFO - Found 46 headlines for 2021/dec/08
2024-11-11 19:34:49,055 - INFO - Using User-Agent: Mozilla/5.0 (Macintosh; Intel Mac OS X 11_14) AppleWebKit/537.36 (KHTML, like Gecko) Chrome/109.0.5397.215 Safari/537.36
2024-11-11 19:34:50,062 - INFO - Found 35 headlines for 2021/dec/09
2024-11-11 19:34:50,107 - INFO - Using User-Agent: Mozilla/5.0 (Macintosh; Intel Mac OS X 10_10) AppleWebKit/537.36 (KHTML, like Gecko) Chrome/108.0.5361.172 Safari/537.36
2024-11-11 19:34:51,044 - INFO - Found 36 headlines for 2021/dec/10
2024-11-11 19:34:51,870 - INFO - Using User-Agent: Mozilla/5.0 (Windows NT 10.0; Win64; x64) AppleWebKit/537.36 (KHTML, like Gecko) Chrome/91.0.4472.124 Safari/537.36
2024-11-11 19:34:52,884 - INFO - Found 23 headlines for 2021/dec/11
2024-11-11 19:34:53,026 - INFO - Using User-Agent: Mozilla/5.0 (Macintosh; Intel Mac OS X 10_15_7) AppleWebKit/605.1.15 (KHTML, like Gecko) Version/14.0.3 Safari/605.1.15
2024-11-11 19:34:53,830 - INFO - Found 34 headlines for 2021/dec/12
2024-11-11 19:34:53,940 - INFO - Using User-Agent: Mozilla/5.0 (X11; Linux i686) AppleWebKit/537.36 (KHTML, like Gecko) Chrome/109.0.5388.177 Safari/537.36
2024-11-11 19:34:54,721 - INFO - Found 41 headlines for 2021/dec/13
2024-11-11 19:34:55,291 - INFO - Using User-Agent: Mozilla/5.0 (X11; Linux i686) AppleWebKit/537.36 (KHTML, like Gecko) Chrome/109.0.5388.177 Safari/537.36
2024-11-11 19:34:56,227 - INFO - Found 41 headlines for 2021/dec/14
2024-11-11 19:34:56,899 - INFO - Using User-Agent: Mozilla/5.0 (Macintosh; Intel Mac OS X 10_10) AppleWebKit/537.36 (KHTML, like Gecko) Chrome/108.0.5361.172 Safari/537.36
2024-11-11 19:34:57,803 - INFO - Found 34 headlines for 2021/dec/15
2024-11-11 19:34:58,079 - INFO - Using User-Agent: Mozilla/5.0 (Macintosh; Intel Mac OS X 11_14) AppleWebKit/537.36 (KHTML, like Gecko) Chrome/109.0.5397.215 Safari/537.36
2024-11-11 19:34:59,061 - INFO - Found 45 headlines for 2021/dec/16
2024-11-11 19:34:59,114 - INFO - Using User-Agent: Mozilla/5.0 (Macintosh; Intel Mac OS X 10_10) AppleWebKit/537.36 (KHTML, like Gecko) Chrome/108.0.5361.172 Safari/537.36
2024-11-11 19:34:59,956 - INFO - Found 35 headlines for 2021/dec/17
2024-11-11 19:35:00,448 - INFO - Using User-Agent: Mozilla/5.0 (Macintosh; Intel Mac OS X 11_3) AppleWebKit/537.36 (KHTML, like Gecko) Chrome/109.0.5412.99 Safari/537.36
2024-11-11 19:35:01,268 - INFO - Found 24 headlines for 2021/dec/18
2024-11-11 19:35:02,031 - INFO - Using User-Agent: Mozilla/5.0 (Macintosh; Intel Mac OS X 10_10) AppleWebKit/537.36 (KHTML, like Gecko) Chrome/108.0.5361.172 Safari/537.36
2024-11-11 19:35:02,938 - INFO - Found 25 headlines for 2021/dec/19
2024-11-11 19:35:03,807 - INFO - Using User-Agent: Mozilla/5.0 (Macintosh; Intel Mac OS X 10_15_7) AppleWebKit/537.36 (KHTML, like Gecko) Chrome/108.0.0.0 Safari/537.36
2024-11-11 19:35:04,697 - INFO - Found 35 headlines for 2021/dec/20
2024-11-11 19:35:05,120 - INFO - Using User-Agent: Mozilla/5.0 (Macintosh; Intel Mac OS X 11_14) AppleWebKit/537.36 (KHTML, like Gecko) Chrome/109.0.5397.215 Safari/537.36
2024-11-11 19:35:06,014 - INFO - Found 36 headlines for 2021/dec/21
2024-11-11 19:35:06,441 - INFO - Using User-Agent: Mozilla/5.0 (Windows NT 10.0; Win64; x64) AppleWebKit/537.36 (KHTML, like Gecko) Chrome/91.0.4472.124 Safari/537.36
2024-11-11 19:35:07,503 - INFO - Found 43 headlines for 2021/dec/22
2024-11-11 19:35:07,890 - INFO - Using User-Agent: Mozilla/5.0 (Macintosh; Intel Mac OS X 10_15_7) AppleWebKit/537.36 (KHTML, like Gecko) Chrome/108.0.0.0 Safari/537.36
2024-11-11 19:35:08,878 - INFO - Found 26 headlines for 2021/dec/23
2024-11-11 19:35:09,388 - INFO - Using User-Agent: Mozilla/5.0 (Macintosh; Intel Mac OS X 10_10) AppleWebKit/537.36 (KHTML, like Gecko) Chrome/108.0.5361.172 Safari/537.36
2024-11-11 19:35:10,294 - INFO - Found 34 headlines for 2021/dec/24
2024-11-11 19:35:11,208 - INFO - Using User-Agent: Mozilla/5.0 (Macintosh; Intel Mac OS X 10_10) AppleWebKit/537.36 (KHTML, like Gecko) Chrome/108.0.5361.172 Safari/537.36
2024-11-11 19:35:12,138 - INFO - Found 13 headlines for 2021/dec/25
2024-11-11 19:35:12,492 - INFO - Using User-Agent: Mozilla/5.0 (X11; Linux i686) AppleWebKit/537.36 (KHTML, like Gecko) Chrome/109.0.5388.177 Safari/537.36
2024-11-11 19:35:13,364 - INFO - Found 30 headlines for 2021/dec/26
2024-11-11 19:35:13,814 - INFO - Using User-Agent: Mozilla/5.0 (X11; Linux i686) AppleWebKit/537.36 (KHTML, like Gecko) Chrome/109.0.5388.177 Safari/537.36
2024-11-11 19:35:14,815 - INFO - Found 30 headlines for 2021/dec/27
2024-11-11 19:35:15,616 - INFO - Using User-Agent: Mozilla/5.0 (Windows NT 10.0; Win64; x64) AppleWebKit/537.36 (KHTML, like Gecko) Firefox/89.0
2024-11-11 19:35:16,648 - INFO - Found 20 headlines for 2021/dec/28
2024-11-11 19:35:17,633 - INFO - Using User-Agent: Mozilla/5.0 (Macintosh; Intel Mac OS X 10_10) AppleWebKit/537.36 (KHTML, like Gecko) Chrome/108.0.5361.172 Safari/537.36
2024-11-11 19:35:18,528 - INFO - Found 35 headlines for 2021/dec/29
2024-11-11 19:35:18,591 - INFO - Using User-Agent: Mozilla/5.0 (Macintosh; Intel Mac OS X 11_3) AppleWebKit/537.36 (KHTML, like Gecko) Chrome/109.0.5412.99 Safari/537.36
2024-11-11 19:35:19,512 - INFO - Found 35 headlines for 2021/dec/30
2024-11-11 19:35:19,683 - INFO - Using User-Agent: Mozilla/5.0 (Windows NT 10.0; Win64; x64) AppleWebKit/537.36 (KHTML, like Gecko) Firefox/89.0
2024-11-11 19:35:20,722 - INFO - Found 32 headlines for 2021/dec/31
2024-11-11 19:35:21,493 - INFO - Using User-Agent: Mozilla/5.0 (X11; Linux i686) AppleWebKit/537.36 (KHTML, like Gecko) Chrome/109.0.5388.177 Safari/537.36
2024-11-11 19:35:22,677 - INFO - Found 24 headlines for 2022/jan/01
2024-11-11 19:35:22,996 - INFO - Using User-Agent: Mozilla/5.0 (Windows NT 10.0; Win64; x64) AppleWebKit/537.36 (KHTML, like Gecko) Firefox/89.0
2024-11-11 19:35:24,020 - INFO - Found 21 headlines for 2022/jan/02
2024-11-11 19:35:24,246 - INFO - Using User-Agent: Mozilla/5.0 (Windows NT 10.0; Win64; x64) AppleWebKit/537.36 (KHTML, like Gecko) Chrome/91.0.4472.124 Safari/537.36
2024-11-11 19:35:25,278 - INFO - Found 41 headlines for 2022/jan/03
2024-11-11 19:35:25,440 - INFO - Using User-Agent: Mozilla/5.0 (Macintosh; Intel Mac OS X 10_10) AppleWebKit/537.36 (KHTML, like Gecko) Chrome/108.0.5361.172 Safari/537.36
2024-11-11 19:35:26,311 - INFO - Found 40 headlines for 2022/jan/04
2024-11-11 19:35:27,241 - INFO - Using User-Agent: Mozilla/5.0 (Macintosh; Intel Mac OS X 11_3) AppleWebKit/537.36 (KHTML, like Gecko) Chrome/109.0.5412.99 Safari/537.36
2024-11-11 19:35:28,142 - INFO - Found 42 headlines for 2022/jan/05
2024-11-11 19:35:28,194 - INFO - Using User-Agent: Mozilla/5.0 (Macintosh; Intel Mac OS X 10_10) AppleWebKit/537.36 (KHTML, like Gecko) Chrome/108.0.5361.172 Safari/537.36
2024-11-11 19:35:29,184 - INFO - Found 41 headlines for 2022/jan/06
2024-11-11 19:35:29,870 - INFO - Using User-Agent: Mozilla/5.0 (Macintosh; Intel Mac OS X 10_10) AppleWebKit/537.36 (KHTML, like Gecko) Chrome/108.0.5361.172 Safari/537.36
2024-11-11 19:35:30,700 - INFO - Found 44 headlines for 2022/jan/07
2024-11-11 19:35:31,470 - INFO - Using User-Agent: Mozilla/5.0 (Macintosh; Intel Mac OS X 11_3) AppleWebKit/537.36 (KHTML, like Gecko) Chrome/109.0.5412.99 Safari/537.36
2024-11-11 19:35:32,254 - INFO - Found 20 headlines for 2022/jan/08
2024-11-11 19:35:32,778 - INFO - Using User-Agent: Mozilla/5.0 (Macintosh; Intel Mac OS X 11_3) AppleWebKit/537.36 (KHTML, like Gecko) Chrome/109.0.5412.99 Safari/537.36
2024-11-11 19:35:33,635 - INFO - Found 24 headlines for 2022/jan/09
2024-11-11 19:35:34,403 - INFO - Using User-Agent: Mozilla/5.0 (Macintosh; Intel Mac OS X 10_15_7) AppleWebKit/537.36 (KHTML, like Gecko) Chrome/108.0.0.0 Safari/537.36
2024-11-11 19:35:35,222 - INFO - Found 33 headlines for 2022/jan/10
2024-11-11 19:35:35,445 - INFO - Using User-Agent: Mozilla/5.0 (Windows NT 10.0; Win64; x64) AppleWebKit/537.36 (KHTML, like Gecko) Firefox/89.0
2024-11-11 19:35:36,302 - INFO - Found 42 headlines for 2022/jan/11
2024-11-11 19:35:36,876 - INFO - Using User-Agent: Mozilla/5.0 (Macintosh; Intel Mac OS X 10_15_7) AppleWebKit/605.1.15 (KHTML, like Gecko) Version/14.0.3 Safari/605.1.15
2024-11-11 19:35:37,782 - INFO - Found 36 headlines for 2022/jan/12
2024-11-11 19:35:38,249 - INFO - Using User-Agent: Mozilla/5.0 (Macintosh; Intel Mac OS X 11_14) AppleWebKit/537.36 (KHTML, like Gecko) Chrome/109.0.5397.215 Safari/537.36
2024-11-11 19:35:39,180 - INFO - Found 33 headlines for 2022/jan/13
2024-11-11 19:35:40,153 - INFO - Using User-Agent: Mozilla/5.0 (Macintosh; Intel Mac OS X 10_15_7) AppleWebKit/605.1.15 (KHTML, like Gecko) Version/14.0.3 Safari/605.1.15
2024-11-11 19:35:41,234 - INFO - Found 32 headlines for 2022/jan/14
2024-11-11 19:35:42,099 - INFO - Using User-Agent: Mozilla/5.0 (Macintosh; Intel Mac OS X 10_15_7) AppleWebKit/605.1.15 (KHTML, like Gecko) Version/14.0.3 Safari/605.1.15
2024-11-11 19:35:42,935 - INFO - Found 19 headlines for 2022/jan/15
2024-11-11 19:35:42,949 - INFO - Using User-Agent: Mozilla/5.0 (Macintosh; Intel Mac OS X 10_15_7) AppleWebKit/537.36 (KHTML, like Gecko) Chrome/108.0.0.0 Safari/537.36
2024-11-11 19:35:43,878 - INFO - Found 24 headlines for 2022/jan/16
2024-11-11 19:35:44,740 - INFO - Using User-Agent: Mozilla/5.0 (Macintosh; Intel Mac OS X 11_14) AppleWebKit/537.36 (KHTML, like Gecko) Chrome/109.0.5397.215 Safari/537.36
2024-11-11 19:35:45,744 - INFO - Found 40 headlines for 2022/jan/17
2024-11-11 19:35:46,458 - INFO - Using User-Agent: Mozilla/5.0 (Windows NT 10.0; Win64; x64) AppleWebKit/537.36 (KHTML, like Gecko) Firefox/89.0
2024-11-11 19:35:47,309 - INFO - Found 45 headlines for 2022/jan/18
2024-11-11 19:35:47,615 - INFO - Using User-Agent: Mozilla/5.0 (Macintosh; Intel Mac OS X 10_15_7) AppleWebKit/537.36 (KHTML, like Gecko) Chrome/108.0.0.0 Safari/537.36
2024-11-11 19:35:48,720 - INFO - Found 41 headlines for 2022/jan/19
2024-11-11 19:35:49,095 - INFO - Using User-Agent: Mozilla/5.0 (Windows NT 10.0; Win64; x64) AppleWebKit/537.36 (KHTML, like Gecko) Chrome/91.0.4472.124 Safari/537.36
2024-11-11 19:35:50,067 - INFO - Found 45 headlines for 2022/jan/20
2024-11-11 19:35:50,922 - INFO - Using User-Agent: Mozilla/5.0 (Windows NT 10.0; Win64; x64) AppleWebKit/537.36 (KHTML, like Gecko) Firefox/89.0
2024-11-11 19:35:51,924 - INFO - Found 42 headlines for 2022/jan/21
2024-11-11 19:35:52,127 - INFO - Using User-Agent: Mozilla/5.0 (Windows NT 10.0; Win64; x64) AppleWebKit/537.36 (KHTML, like Gecko) Chrome/91.0.4472.124 Safari/537.36
2024-11-11 19:35:53,137 - INFO - Found 28 headlines for 2022/jan/22
2024-11-11 19:35:53,925 - INFO - Using User-Agent: Mozilla/5.0 (X11; Linux i686) AppleWebKit/537.36 (KHTML, like Gecko) Chrome/109.0.5388.177 Safari/537.36
2024-11-11 19:35:54,727 - INFO - Found 35 headlines for 2022/jan/23
2024-11-11 19:35:55,373 - INFO - Using User-Agent: Mozilla/5.0 (Macintosh; Intel Mac OS X 11_3) AppleWebKit/537.36 (KHTML, like Gecko) Chrome/109.0.5412.99 Safari/537.36
2024-11-11 19:35:56,213 - INFO - Found 30 headlines for 2022/jan/24
2024-11-11 19:35:56,603 - INFO - Using User-Agent: Mozilla/5.0 (Windows NT 10.0; Win64; x64) AppleWebKit/537.36 (KHTML, like Gecko) Chrome/91.0.4472.124 Safari/537.36
2024-11-11 19:35:57,617 - INFO - Found 29 headlines for 2022/jan/25
2024-11-11 19:35:57,894 - INFO - Using User-Agent: Mozilla/5.0 (Macintosh; Intel Mac OS X 10_15_7) AppleWebKit/605.1.15 (KHTML, like Gecko) Version/14.0.3 Safari/605.1.15
2024-11-11 19:35:58,871 - INFO - Found 46 headlines for 2022/jan/26
2024-11-11 19:35:59,776 - INFO - Using User-Agent: Mozilla/5.0 (Macintosh; Intel Mac OS X 10_15_7) AppleWebKit/605.1.15 (KHTML, like Gecko) Version/14.0.3 Safari/605.1.15
2024-11-11 19:36:00,860 - INFO - Found 25 headlines for 2022/jan/27
2024-11-11 19:36:01,824 - INFO - Using User-Agent: Mozilla/5.0 (Windows NT 10.0; Win64; x64) AppleWebKit/537.36 (KHTML, like Gecko) Chrome/91.0.4472.124 Safari/537.36
2024-11-11 19:36:02,801 - INFO - Found 39 headlines for 2022/jan/28
2024-11-11 19:36:03,270 - INFO - Using User-Agent: Mozilla/5.0 (Macintosh; Intel Mac OS X 11_3) AppleWebKit/537.36 (KHTML, like Gecko) Chrome/109.0.5412.99 Safari/537.36
2024-11-11 19:36:04,140 - INFO - Found 24 headlines for 2022/jan/29
2024-11-11 19:36:04,182 - INFO - Using User-Agent: Mozilla/5.0 (X11; Linux i686) AppleWebKit/537.36 (KHTML, like Gecko) Chrome/109.0.5388.177 Safari/537.36
2024-11-11 19:36:04,995 - INFO - Found 22 headlines for 2022/jan/30
2024-11-11 19:36:05,067 - INFO - Using User-Agent: Mozilla/5.0 (Windows NT 10.0; Win64; x64) AppleWebKit/537.36 (KHTML, like Gecko) Firefox/89.0
2024-11-11 19:36:05,865 - INFO - Found 38 headlines for 2022/jan/31
2024-11-11 19:36:06,695 - INFO - Using User-Agent: Mozilla/5.0 (Macintosh; Intel Mac OS X 11_14) AppleWebKit/537.36 (KHTML, like Gecko) Chrome/109.0.5397.215 Safari/537.36
2024-11-11 19:36:07,529 - INFO - Found 27 headlines for 2022/feb/01
2024-11-11 19:36:07,628 - INFO - Using User-Agent: Mozilla/5.0 (Macintosh; Intel Mac OS X 10_15_7) AppleWebKit/605.1.15 (KHTML, like Gecko) Version/14.0.3 Safari/605.1.15
2024-11-11 19:36:08,708 - INFO - Found 29 headlines for 2022/feb/02
2024-11-11 19:36:09,259 - INFO - Using User-Agent: Mozilla/5.0 (X11; Linux i686) AppleWebKit/537.36 (KHTML, like Gecko) Chrome/109.0.5388.177 Safari/537.36
2024-11-11 19:36:10,317 - INFO - Found 30 headlines for 2022/feb/03
2024-11-11 19:36:10,737 - INFO - Using User-Agent: Mozilla/5.0 (Windows NT 10.0; Win64; x64) AppleWebKit/537.36 (KHTML, like Gecko) Firefox/89.0
2024-11-11 19:36:11,754 - INFO - Found 37 headlines for 2022/feb/04
2024-11-11 19:36:12,513 - INFO - Using User-Agent: Mozilla/5.0 (Windows NT 10.0; Win64; x64) AppleWebKit/537.36 (KHTML, like Gecko) Firefox/89.0
2024-11-11 19:36:13,358 - INFO - Found 24 headlines for 2022/feb/05
2024-11-11 19:36:13,530 - INFO - Using User-Agent: Mozilla/5.0 (Windows NT 10.0; Win64; x64) AppleWebKit/537.36 (KHTML, like Gecko) Firefox/89.0
2024-11-11 19:36:14,374 - INFO - Found 21 headlines for 2022/feb/06
2024-11-11 19:36:15,042 - INFO - Using User-Agent: Mozilla/5.0 (X11; Linux i686) AppleWebKit/537.36 (KHTML, like Gecko) Chrome/109.0.5388.177 Safari/537.36
2024-11-11 19:36:16,073 - INFO - Found 29 headlines for 2022/feb/07
2024-11-11 19:36:16,278 - INFO - Using User-Agent: Mozilla/5.0 (Macintosh; Intel Mac OS X 11_3) AppleWebKit/537.36 (KHTML, like Gecko) Chrome/109.0.5412.99 Safari/537.36
2024-11-11 19:36:17,293 - INFO - Found 31 headlines for 2022/feb/08
2024-11-11 19:36:17,590 - INFO - Using User-Agent: Mozilla/5.0 (X11; Linux i686) AppleWebKit/537.36 (KHTML, like Gecko) Chrome/109.0.5388.177 Safari/537.36
2024-11-11 19:36:18,537 - INFO - Found 43 headlines for 2022/feb/09
2024-11-11 19:36:18,834 - INFO - Using User-Agent: Mozilla/5.0 (Macintosh; Intel Mac OS X 11_14) AppleWebKit/537.36 (KHTML, like Gecko) Chrome/109.0.5397.215 Safari/537.36
2024-11-11 19:36:19,736 - INFO - Found 37 headlines for 2022/feb/10
2024-11-11 19:36:19,878 - INFO - Using User-Agent: Mozilla/5.0 (Windows NT 10.0; Win64; x64) AppleWebKit/537.36 (KHTML, like Gecko) Chrome/91.0.4472.124 Safari/537.36
2024-11-11 19:36:20,741 - INFO - Found 38 headlines for 2022/feb/11
2024-11-11 19:36:20,761 - INFO - Using User-Agent: Mozilla/5.0 (Macintosh; Intel Mac OS X 11_14) AppleWebKit/537.36 (KHTML, like Gecko) Chrome/109.0.5397.215 Safari/537.36
2024-11-11 19:36:21,969 - INFO - Found 28 headlines for 2022/feb/12
2024-11-11 19:36:22,310 - INFO - Using User-Agent: Mozilla/5.0 (Macintosh; Intel Mac OS X 10_15_7) AppleWebKit/605.1.15 (KHTML, like Gecko) Version/14.0.3 Safari/605.1.15
2024-11-11 19:36:23,205 - INFO - Found 22 headlines for 2022/feb/13
2024-11-11 19:36:23,992 - INFO - Using User-Agent: Mozilla/5.0 (Macintosh; Intel Mac OS X 10_10) AppleWebKit/537.36 (KHTML, like Gecko) Chrome/108.0.5361.172 Safari/537.36
2024-11-11 19:36:24,787 - INFO - Found 38 headlines for 2022/feb/14
2024-11-11 19:36:25,557 - INFO - Using User-Agent: Mozilla/5.0 (Windows NT 10.0; Win64; x64) AppleWebKit/537.36 (KHTML, like Gecko) Firefox/89.0
2024-11-11 19:36:26,488 - INFO - Found 39 headlines for 2022/feb/15
2024-11-11 19:36:27,489 - INFO - Using User-Agent: Mozilla/5.0 (Windows NT 10.0; Win64; x64) AppleWebKit/537.36 (KHTML, like Gecko) Firefox/89.0
2024-11-11 19:36:28,605 - INFO - Found 32 headlines for 2022/feb/16
2024-11-11 19:36:29,595 - INFO - Using User-Agent: Mozilla/5.0 (Windows NT 10.0; Win64; x64) AppleWebKit/537.36 (KHTML, like Gecko) Chrome/91.0.4472.124 Safari/537.36
2024-11-11 19:36:30,615 - INFO - Found 41 headlines for 2022/feb/17
2024-11-11 19:36:30,733 - INFO - Using User-Agent: Mozilla/5.0 (Windows NT 10.0; Win64; x64) AppleWebKit/537.36 (KHTML, like Gecko) Firefox/89.0
2024-11-11 19:36:32,042 - INFO - Found 34 headlines for 2022/feb/18
2024-11-11 19:36:32,671 - INFO - Using User-Agent: Mozilla/5.0 (Windows NT 10.0; Win64; x64) AppleWebKit/537.36 (KHTML, like Gecko) Chrome/91.0.4472.124 Safari/537.36
2024-11-11 19:36:33,569 - INFO - Found 31 headlines for 2022/feb/19
2024-11-11 19:36:34,546 - INFO - Using User-Agent: Mozilla/5.0 (Macintosh; Intel Mac OS X 11_3) AppleWebKit/537.36 (KHTML, like Gecko) Chrome/109.0.5412.99 Safari/537.36
2024-11-11 19:36:35,502 - INFO - Found 27 headlines for 2022/feb/20
2024-11-11 19:36:35,719 - INFO - Using User-Agent: Mozilla/5.0 (Macintosh; Intel Mac OS X 10_15_7) AppleWebKit/537.36 (KHTML, like Gecko) Chrome/108.0.0.0 Safari/537.36
2024-11-11 19:36:36,524 - INFO - Found 40 headlines for 2022/feb/21
2024-11-11 19:36:37,135 - INFO - Using User-Agent: Mozilla/5.0 (Macintosh; Intel Mac OS X 10_15_7) AppleWebKit/537.36 (KHTML, like Gecko) Chrome/108.0.0.0 Safari/537.36
2024-11-11 19:36:38,208 - INFO - Found 41 headlines for 2022/feb/22
2024-11-11 19:36:38,845 - INFO - Using User-Agent: Mozilla/5.0 (Macintosh; Intel Mac OS X 10_10) AppleWebKit/537.36 (KHTML, like Gecko) Chrome/108.0.5361.172 Safari/537.36
2024-11-11 19:36:39,826 - INFO - Found 32 headlines for 2022/feb/23
2024-11-11 19:36:39,879 - INFO - Using User-Agent: Mozilla/5.0 (Macintosh; Intel Mac OS X 11_14) AppleWebKit/537.36 (KHTML, like Gecko) Chrome/109.0.5397.215 Safari/537.36
2024-11-11 19:36:40,755 - INFO - Found 46 headlines for 2022/feb/24
2024-11-11 19:36:41,185 - INFO - Using User-Agent: Mozilla/5.0 (Macintosh; Intel Mac OS X 11_14) AppleWebKit/537.36 (KHTML, like Gecko) Chrome/109.0.5397.215 Safari/537.36
2024-11-11 19:36:42,047 - INFO - Found 46 headlines for 2022/feb/25
2024-11-11 19:36:42,112 - INFO - Using User-Agent: Mozilla/5.0 (Macintosh; Intel Mac OS X 10_10) AppleWebKit/537.36 (KHTML, like Gecko) Chrome/108.0.5361.172 Safari/537.36
2024-11-11 19:36:43,102 - INFO - Found 44 headlines for 2022/feb/26
2024-11-11 19:36:43,555 - INFO - Using User-Agent: Mozilla/5.0 (X11; Linux i686) AppleWebKit/537.36 (KHTML, like Gecko) Chrome/109.0.5388.177 Safari/537.36
2024-11-11 19:36:44,416 - INFO - Found 44 headlines for 2022/feb/27
2024-11-11 19:36:45,217 - INFO - Using User-Agent: Mozilla/5.0 (Macintosh; Intel Mac OS X 10_15_7) AppleWebKit/537.36 (KHTML, like Gecko) Chrome/108.0.0.0 Safari/537.36
2024-11-11 19:36:46,146 - INFO - Found 46 headlines for 2022/feb/28
2024-11-11 19:36:46,809 - INFO - Using User-Agent: Mozilla/5.0 (Macintosh; Intel Mac OS X 10_10) AppleWebKit/537.36 (KHTML, like Gecko) Chrome/108.0.5361.172 Safari/537.36
2024-11-11 19:36:47,619 - INFO - Found 46 headlines for 2022/mar/01
2024-11-11 19:36:47,955 - INFO - Using User-Agent: Mozilla/5.0 (Windows NT 10.0; Win64; x64) AppleWebKit/537.36 (KHTML, like Gecko) Chrome/91.0.4472.124 Safari/537.36
2024-11-11 19:36:49,095 - INFO - Found 46 headlines for 2022/mar/02
2024-11-11 19:36:50,004 - INFO - Using User-Agent: Mozilla/5.0 (Macintosh; Intel Mac OS X 10_15_7) AppleWebKit/605.1.15 (KHTML, like Gecko) Version/14.0.3 Safari/605.1.15
2024-11-11 19:36:50,933 - INFO - Found 46 headlines for 2022/mar/03
2024-11-11 19:36:51,940 - INFO - Using User-Agent: Mozilla/5.0 (Macintosh; Intel Mac OS X 11_14) AppleWebKit/537.36 (KHTML, like Gecko) Chrome/109.0.5397.215 Safari/537.36
2024-11-11 19:36:52,979 - INFO - Found 46 headlines for 2022/mar/04
2024-11-11 19:36:53,553 - INFO - Using User-Agent: Mozilla/5.0 (Windows NT 10.0; Win64; x64) AppleWebKit/537.36 (KHTML, like Gecko) Chrome/91.0.4472.124 Safari/537.36
2024-11-11 19:36:54,534 - INFO - Found 27 headlines for 2022/mar/05
2024-11-11 19:36:54,926 - INFO - Using User-Agent: Mozilla/5.0 (Macintosh; Intel Mac OS X 11_14) AppleWebKit/537.36 (KHTML, like Gecko) Chrome/109.0.5397.215 Safari/537.36
2024-11-11 19:36:56,038 - INFO - Found 43 headlines for 2022/mar/06
2024-11-11 19:36:56,557 - INFO - Using User-Agent: Mozilla/5.0 (Macintosh; Intel Mac OS X 10_15_7) AppleWebKit/605.1.15 (KHTML, like Gecko) Version/14.0.3 Safari/605.1.15
2024-11-11 19:36:57,651 - INFO - Found 39 headlines for 2022/mar/07
2024-11-11 19:36:57,719 - INFO - Using User-Agent: Mozilla/5.0 (Macintosh; Intel Mac OS X 11_3) AppleWebKit/537.36 (KHTML, like Gecko) Chrome/109.0.5412.99 Safari/537.36
2024-11-11 19:36:58,555 - INFO - Found 46 headlines for 2022/mar/08
2024-11-11 19:36:58,830 - INFO - Using User-Agent: Mozilla/5.0 (Macintosh; Intel Mac OS X 10_15_7) AppleWebKit/605.1.15 (KHTML, like Gecko) Version/14.0.3 Safari/605.1.15
2024-11-11 19:36:59,690 - INFO - Found 46 headlines for 2022/mar/09
2024-11-11 19:37:00,437 - INFO - Using User-Agent: Mozilla/5.0 (Macintosh; Intel Mac OS X 10_10) AppleWebKit/537.36 (KHTML, like Gecko) Chrome/108.0.5361.172 Safari/537.36
2024-11-11 19:37:01,229 - INFO - Found 46 headlines for 2022/mar/10
2024-11-11 19:37:01,707 - INFO - Using User-Agent: Mozilla/5.0 (Windows NT 10.0; Win64; x64) AppleWebKit/537.36 (KHTML, like Gecko) Chrome/91.0.4472.124 Safari/537.36
2024-11-11 19:37:02,834 - INFO - Found 46 headlines for 2022/mar/11
2024-11-11 19:37:03,012 - INFO - Using User-Agent: Mozilla/5.0 (Macintosh; Intel Mac OS X 10_15_7) AppleWebKit/605.1.15 (KHTML, like Gecko) Version/14.0.3 Safari/605.1.15
2024-11-11 19:37:03,979 - INFO - Found 34 headlines for 2022/mar/12
2024-11-11 19:37:04,971 - INFO - Using User-Agent: Mozilla/5.0 (Macintosh; Intel Mac OS X 10_15_7) AppleWebKit/537.36 (KHTML, like Gecko) Chrome/108.0.0.0 Safari/537.36
2024-11-11 19:37:05,810 - INFO - Found 39 headlines for 2022/mar/13
2024-11-11 19:37:06,668 - INFO - Using User-Agent: Mozilla/5.0 (Macintosh; Intel Mac OS X 10_15_7) AppleWebKit/605.1.15 (KHTML, like Gecko) Version/14.0.3 Safari/605.1.15
2024-11-11 19:37:07,677 - INFO - Found 46 headlines for 2022/mar/14
2024-11-11 19:37:08,112 - INFO - Using User-Agent: Mozilla/5.0 (Macintosh; Intel Mac OS X 11_14) AppleWebKit/537.36 (KHTML, like Gecko) Chrome/109.0.5397.215 Safari/537.36
2024-11-11 19:37:08,981 - INFO - Found 46 headlines for 2022/mar/15
2024-11-11 19:37:09,207 - INFO - Using User-Agent: Mozilla/5.0 (Macintosh; Intel Mac OS X 10_15_7) AppleWebKit/605.1.15 (KHTML, like Gecko) Version/14.0.3 Safari/605.1.15
2024-11-11 19:37:10,337 - INFO - Found 43 headlines for 2022/mar/16
2024-11-11 19:37:10,614 - INFO - Using User-Agent: Mozilla/5.0 (X11; Linux i686) AppleWebKit/537.36 (KHTML, like Gecko) Chrome/109.0.5388.177 Safari/537.36
2024-11-11 19:37:11,558 - INFO - Found 46 headlines for 2022/mar/17
2024-11-11 19:37:12,321 - INFO - Using User-Agent: Mozilla/5.0 (Macintosh; Intel Mac OS X 11_14) AppleWebKit/537.36 (KHTML, like Gecko) Chrome/109.0.5397.215 Safari/537.36
2024-11-11 19:37:13,196 - INFO - Found 46 headlines for 2022/mar/18
2024-11-11 19:37:13,338 - INFO - Using User-Agent: Mozilla/5.0 (Macintosh; Intel Mac OS X 10_15_7) AppleWebKit/605.1.15 (KHTML, like Gecko) Version/14.0.3 Safari/605.1.15
2024-11-11 19:37:14,298 - INFO - Found 27 headlines for 2022/mar/19
2024-11-11 19:37:14,675 - INFO - Using User-Agent: Mozilla/5.0 (Macintosh; Intel Mac OS X 10_10) AppleWebKit/537.36 (KHTML, like Gecko) Chrome/108.0.5361.172 Safari/537.36
2024-11-11 19:37:15,678 - INFO - Found 39 headlines for 2022/mar/20
2024-11-11 19:37:15,887 - INFO - Using User-Agent: Mozilla/5.0 (Macintosh; Intel Mac OS X 10_10) AppleWebKit/537.36 (KHTML, like Gecko) Chrome/108.0.5361.172 Safari/537.36
2024-11-11 19:37:16,883 - INFO - Found 46 headlines for 2022/mar/21
2024-11-11 19:37:17,478 - INFO - Using User-Agent: Mozilla/5.0 (Windows NT 10.0; Win64; x64) AppleWebKit/537.36 (KHTML, like Gecko) Chrome/91.0.4472.124 Safari/537.36
2024-11-11 19:37:18,545 - INFO - Found 46 headlines for 2022/mar/22
2024-11-11 19:37:18,711 - INFO - Using User-Agent: Mozilla/5.0 (X11; Linux i686) AppleWebKit/537.36 (KHTML, like Gecko) Chrome/109.0.5388.177 Safari/537.36
2024-11-11 19:37:19,756 - INFO - Found 44 headlines for 2022/mar/23
2024-11-11 19:37:20,629 - INFO - Using User-Agent: Mozilla/5.0 (Macintosh; Intel Mac OS X 10_15_7) AppleWebKit/537.36 (KHTML, like Gecko) Chrome/108.0.0.0 Safari/537.36
2024-11-11 19:37:21,464 - INFO - Found 46 headlines for 2022/mar/24
2024-11-11 19:37:21,970 - INFO - Using User-Agent: Mozilla/5.0 (X11; Linux i686) AppleWebKit/537.36 (KHTML, like Gecko) Chrome/109.0.5388.177 Safari/537.36
2024-11-11 19:37:23,026 - INFO - Found 46 headlines for 2022/mar/25
2024-11-11 19:37:23,609 - INFO - Using User-Agent: Mozilla/5.0 (Macintosh; Intel Mac OS X 10_15_7) AppleWebKit/605.1.15 (KHTML, like Gecko) Version/14.0.3 Safari/605.1.15
2024-11-11 19:37:24,430 - INFO - Found 32 headlines for 2022/mar/26
2024-11-11 19:37:24,731 - INFO - Using User-Agent: Mozilla/5.0 (Windows NT 10.0; Win64; x64) AppleWebKit/537.36 (KHTML, like Gecko) Firefox/89.0
2024-11-11 19:37:25,668 - INFO - Found 29 headlines for 2022/mar/27
2024-11-11 19:37:26,385 - INFO - Using User-Agent: Mozilla/5.0 (Macintosh; Intel Mac OS X 11_3) AppleWebKit/537.36 (KHTML, like Gecko) Chrome/109.0.5412.99 Safari/537.36
2024-11-11 19:37:27,360 - INFO - Found 41 headlines for 2022/mar/28
2024-11-11 19:37:27,875 - INFO - Using User-Agent: Mozilla/5.0 (Macintosh; Intel Mac OS X 11_14) AppleWebKit/537.36 (KHTML, like Gecko) Chrome/109.0.5397.215 Safari/537.36
2024-11-11 19:37:28,743 - INFO - Found 44 headlines for 2022/mar/29
2024-11-11 19:37:29,187 - INFO - Using User-Agent: Mozilla/5.0 (Macintosh; Intel Mac OS X 11_3) AppleWebKit/537.36 (KHTML, like Gecko) Chrome/109.0.5412.99 Safari/537.36
2024-11-11 19:37:30,241 - INFO - Found 42 headlines for 2022/mar/30
2024-11-11 19:37:30,991 - INFO - Using User-Agent: Mozilla/5.0 (Macintosh; Intel Mac OS X 10_15_7) AppleWebKit/537.36 (KHTML, like Gecko) Chrome/108.0.0.0 Safari/537.36
2024-11-11 19:37:32,051 - INFO - Found 46 headlines for 2022/mar/31
2024-11-11 19:37:32,352 - INFO - Using User-Agent: Mozilla/5.0 (Macintosh; Intel Mac OS X 10_10) AppleWebKit/537.36 (KHTML, like Gecko) Chrome/108.0.5361.172 Safari/537.36
2024-11-11 19:37:33,270 - INFO - Found 46 headlines for 2022/apr/01
2024-11-11 19:37:33,671 - INFO - Using User-Agent: Mozilla/5.0 (Windows NT 10.0; Win64; x64) AppleWebKit/537.36 (KHTML, like Gecko) Chrome/91.0.4472.124 Safari/537.36
2024-11-11 19:37:34,670 - INFO - Found 30 headlines for 2022/apr/02
2024-11-11 19:37:35,248 - INFO - Using User-Agent: Mozilla/5.0 (Macintosh; Intel Mac OS X 11_3) AppleWebKit/537.36 (KHTML, like Gecko) Chrome/109.0.5412.99 Safari/537.36
2024-11-11 19:37:36,079 - INFO - Found 37 headlines for 2022/apr/03
2024-11-11 19:37:36,347 - INFO - Using User-Agent: Mozilla/5.0 (Windows NT 10.0; Win64; x64) AppleWebKit/537.36 (KHTML, like Gecko) Firefox/89.0
2024-11-11 19:37:37,380 - INFO - Found 46 headlines for 2022/apr/04
2024-11-11 19:37:37,589 - INFO - Using User-Agent: Mozilla/5.0 (Macintosh; Intel Mac OS X 11_3) AppleWebKit/537.36 (KHTML, like Gecko) Chrome/109.0.5412.99 Safari/537.36
2024-11-11 19:37:38,605 - INFO - Found 44 headlines for 2022/apr/05
2024-11-11 19:37:39,512 - INFO - Using User-Agent: Mozilla/5.0 (Macintosh; Intel Mac OS X 11_3) AppleWebKit/537.36 (KHTML, like Gecko) Chrome/109.0.5412.99 Safari/537.36
2024-11-11 19:37:40,468 - INFO - Found 40 headlines for 2022/apr/06
2024-11-11 19:37:41,124 - INFO - Using User-Agent: Mozilla/5.0 (Macintosh; Intel Mac OS X 11_14) AppleWebKit/537.36 (KHTML, like Gecko) Chrome/109.0.5397.215 Safari/537.36
2024-11-11 19:37:42,059 - INFO - Found 43 headlines for 2022/apr/07
2024-11-11 19:37:42,158 - INFO - Using User-Agent: Mozilla/5.0 (Windows NT 10.0; Win64; x64) AppleWebKit/537.36 (KHTML, like Gecko) Firefox/89.0
2024-11-11 19:37:43,096 - INFO - Found 41 headlines for 2022/apr/08
2024-11-11 19:37:43,314 - INFO - Using User-Agent: Mozilla/5.0 (Macintosh; Intel Mac OS X 10_15_7) AppleWebKit/605.1.15 (KHTML, like Gecko) Version/14.0.3 Safari/605.1.15
2024-11-11 19:37:44,188 - INFO - Found 35 headlines for 2022/apr/09
2024-11-11 19:37:44,698 - INFO - Using User-Agent: Mozilla/5.0 (Windows NT 10.0; Win64; x64) AppleWebKit/537.36 (KHTML, like Gecko) Firefox/89.0
2024-11-11 19:37:45,716 - INFO - Found 33 headlines for 2022/apr/10
2024-11-11 19:37:46,261 - INFO - Using User-Agent: Mozilla/5.0 (Macintosh; Intel Mac OS X 10_15_7) AppleWebKit/537.36 (KHTML, like Gecko) Chrome/108.0.0.0 Safari/537.36
2024-11-11 19:37:47,174 - INFO - Found 44 headlines for 2022/apr/11
2024-11-11 19:37:47,894 - INFO - Using User-Agent: Mozilla/5.0 (Macintosh; Intel Mac OS X 11_14) AppleWebKit/537.36 (KHTML, like Gecko) Chrome/109.0.5397.215 Safari/537.36
2024-11-11 19:37:48,744 - INFO - Found 35 headlines for 2022/apr/12
2024-11-11 19:37:48,861 - INFO - Using User-Agent: Mozilla/5.0 (Windows NT 10.0; Win64; x64) AppleWebKit/537.36 (KHTML, like Gecko) Chrome/91.0.4472.124 Safari/537.36
2024-11-11 19:37:49,885 - INFO - Found 46 headlines for 2022/apr/13
2024-11-11 19:37:50,632 - INFO - Using User-Agent: Mozilla/5.0 (Macintosh; Intel Mac OS X 11_3) AppleWebKit/537.36 (KHTML, like Gecko) Chrome/109.0.5412.99 Safari/537.36
2024-11-11 19:37:51,542 - INFO - Found 44 headlines for 2022/apr/14
2024-11-11 19:37:52,273 - INFO - Using User-Agent: Mozilla/5.0 (Windows NT 10.0; Win64; x64) AppleWebKit/537.36 (KHTML, like Gecko) Chrome/91.0.4472.124 Safari/537.36
2024-11-11 19:37:53,335 - INFO - Found 33 headlines for 2022/apr/15
2024-11-11 19:37:53,839 - INFO - Using User-Agent: Mozilla/5.0 (Macintosh; Intel Mac OS X 10_10) AppleWebKit/537.36 (KHTML, like Gecko) Chrome/108.0.5361.172 Safari/537.36
2024-11-11 19:37:54,744 - INFO - Found 25 headlines for 2022/apr/16
2024-11-11 19:37:55,302 - INFO - Using User-Agent: Mozilla/5.0 (Macintosh; Intel Mac OS X 11_3) AppleWebKit/537.36 (KHTML, like Gecko) Chrome/109.0.5412.99 Safari/537.36
2024-11-11 19:37:56,596 - INFO - Found 27 headlines for 2022/apr/17
2024-11-11 19:37:57,066 - INFO - Using User-Agent: Mozilla/5.0 (Windows NT 10.0; Win64; x64) AppleWebKit/537.36 (KHTML, like Gecko) Firefox/89.0
2024-11-11 19:37:58,213 - INFO - Found 33 headlines for 2022/apr/18
2024-11-11 19:37:58,324 - INFO - Using User-Agent: Mozilla/5.0 (Macintosh; Intel Mac OS X 10_10) AppleWebKit/537.36 (KHTML, like Gecko) Chrome/108.0.5361.172 Safari/537.36
2024-11-11 19:37:59,263 - INFO - Found 35 headlines for 2022/apr/19
2024-11-11 19:37:59,606 - INFO - Using User-Agent: Mozilla/5.0 (Macintosh; Intel Mac OS X 11_14) AppleWebKit/537.36 (KHTML, like Gecko) Chrome/109.0.5397.215 Safari/537.36
2024-11-11 19:38:00,511 - INFO - Found 32 headlines for 2022/apr/20
2024-11-11 19:38:01,071 - INFO - Using User-Agent: Mozilla/5.0 (Macintosh; Intel Mac OS X 10_15_7) AppleWebKit/537.36 (KHTML, like Gecko) Chrome/108.0.0.0 Safari/537.36
2024-11-11 19:38:01,963 - INFO - Found 46 headlines for 2022/apr/21
2024-11-11 19:38:02,581 - INFO - Using User-Agent: Mozilla/5.0 (Macintosh; Intel Mac OS X 11_14) AppleWebKit/537.36 (KHTML, like Gecko) Chrome/109.0.5397.215 Safari/537.36
2024-11-11 19:38:03,575 - INFO - Found 37 headlines for 2022/apr/22
2024-11-11 19:38:03,666 - INFO - Using User-Agent: Mozilla/5.0 (Macintosh; Intel Mac OS X 11_3) AppleWebKit/537.36 (KHTML, like Gecko) Chrome/109.0.5412.99 Safari/537.36
2024-11-11 19:38:04,542 - INFO - Found 27 headlines for 2022/apr/23
2024-11-11 19:38:05,378 - INFO - Using User-Agent: Mozilla/5.0 (Macintosh; Intel Mac OS X 10_15_7) AppleWebKit/605.1.15 (KHTML, like Gecko) Version/14.0.3 Safari/605.1.15
2024-11-11 19:38:06,210 - INFO - Found 36 headlines for 2022/apr/24
2024-11-11 19:38:06,339 - INFO - Using User-Agent: Mozilla/5.0 (Macintosh; Intel Mac OS X 10_15_7) AppleWebKit/537.36 (KHTML, like Gecko) Chrome/108.0.0.0 Safari/537.36
2024-11-11 19:38:07,248 - INFO - Found 42 headlines for 2022/apr/25
2024-11-11 19:38:07,902 - INFO - Using User-Agent: Mozilla/5.0 (Windows NT 10.0; Win64; x64) AppleWebKit/537.36 (KHTML, like Gecko) Chrome/91.0.4472.124 Safari/537.36
2024-11-11 19:38:08,897 - INFO - Found 39 headlines for 2022/apr/26
2024-11-11 19:38:09,575 - INFO - Using User-Agent: Mozilla/5.0 (Macintosh; Intel Mac OS X 11_14) AppleWebKit/537.36 (KHTML, like Gecko) Chrome/109.0.5397.215 Safari/537.36
2024-11-11 19:38:10,554 - INFO - Found 38 headlines for 2022/apr/27
2024-11-11 19:38:11,267 - INFO - Using User-Agent: Mozilla/5.0 (Windows NT 10.0; Win64; x64) AppleWebKit/537.36 (KHTML, like Gecko) Firefox/89.0
2024-11-11 19:38:12,170 - INFO - Found 39 headlines for 2022/apr/28
2024-11-11 19:38:12,677 - INFO - Using User-Agent: Mozilla/5.0 (Macintosh; Intel Mac OS X 11_3) AppleWebKit/537.36 (KHTML, like Gecko) Chrome/109.0.5412.99 Safari/537.36
2024-11-11 19:38:13,617 - INFO - Found 39 headlines for 2022/apr/29
2024-11-11 19:38:14,278 - INFO - Using User-Agent: Mozilla/5.0 (Macintosh; Intel Mac OS X 10_15_7) AppleWebKit/605.1.15 (KHTML, like Gecko) Version/14.0.3 Safari/605.1.15
2024-11-11 19:38:15,215 - INFO - Found 20 headlines for 2022/apr/30
2024-11-11 19:38:15,628 - INFO - Using User-Agent: Mozilla/5.0 (Macintosh; Intel Mac OS X 10_15_7) AppleWebKit/537.36 (KHTML, like Gecko) Chrome/108.0.0.0 Safari/537.36
2024-11-11 19:38:16,627 - INFO - Found 17 headlines for 2022/may/01
2024-11-11 19:38:17,298 - INFO - Using User-Agent: Mozilla/5.0 (Macintosh; Intel Mac OS X 10_10) AppleWebKit/537.36 (KHTML, like Gecko) Chrome/108.0.5361.172 Safari/537.36
2024-11-11 19:38:18,374 - INFO - Found 31 headlines for 2022/may/02
2024-11-11 19:38:18,849 - INFO - Using User-Agent: Mozilla/5.0 (Macintosh; Intel Mac OS X 10_15_7) AppleWebKit/605.1.15 (KHTML, like Gecko) Version/14.0.3 Safari/605.1.15
2024-11-11 19:38:19,715 - INFO - Found 44 headlines for 2022/may/03
2024-11-11 19:38:20,446 - INFO - Using User-Agent: Mozilla/5.0 (Macintosh; Intel Mac OS X 10_15_7) AppleWebKit/537.36 (KHTML, like Gecko) Chrome/108.0.0.0 Safari/537.36
2024-11-11 19:38:21,256 - INFO - Found 35 headlines for 2022/may/04
2024-11-11 19:38:22,197 - INFO - Using User-Agent: Mozilla/5.0 (Macintosh; Intel Mac OS X 10_15_7) AppleWebKit/605.1.15 (KHTML, like Gecko) Version/14.0.3 Safari/605.1.15
2024-11-11 19:38:23,243 - INFO - Found 42 headlines for 2022/may/05
2024-11-11 19:38:24,118 - INFO - Using User-Agent: Mozilla/5.0 (Macintosh; Intel Mac OS X 10_15_7) AppleWebKit/605.1.15 (KHTML, like Gecko) Version/14.0.3 Safari/605.1.15
2024-11-11 19:38:25,077 - INFO - Found 35 headlines for 2022/may/06
2024-11-11 19:38:25,281 - INFO - Using User-Agent: Mozilla/5.0 (Macintosh; Intel Mac OS X 11_14) AppleWebKit/537.36 (KHTML, like Gecko) Chrome/109.0.5397.215 Safari/537.36
2024-11-11 19:38:26,298 - INFO - Found 23 headlines for 2022/may/07
2024-11-11 19:38:26,863 - INFO - Using User-Agent: Mozilla/5.0 (Macintosh; Intel Mac OS X 10_15_7) AppleWebKit/605.1.15 (KHTML, like Gecko) Version/14.0.3 Safari/605.1.15
2024-11-11 19:38:27,706 - INFO - Found 27 headlines for 2022/may/08
2024-11-11 19:38:27,904 - INFO - Using User-Agent: Mozilla/5.0 (X11; Linux i686) AppleWebKit/537.36 (KHTML, like Gecko) Chrome/109.0.5388.177 Safari/537.36
2024-11-11 19:38:28,905 - INFO - Found 38 headlines for 2022/may/09
2024-11-11 19:38:28,957 - INFO - Using User-Agent: Mozilla/5.0 (X11; Linux i686) AppleWebKit/537.36 (KHTML, like Gecko) Chrome/109.0.5388.177 Safari/537.36
2024-11-11 19:38:30,196 - INFO - Found 45 headlines for 2022/may/10
2024-11-11 19:38:30,323 - INFO - Using User-Agent: Mozilla/5.0 (Macintosh; Intel Mac OS X 10_10) AppleWebKit/537.36 (KHTML, like Gecko) Chrome/108.0.5361.172 Safari/537.36
2024-11-11 19:38:31,492 - INFO - Found 41 headlines for 2022/may/11
2024-11-11 19:38:32,160 - INFO - Using User-Agent: Mozilla/5.0 (Macintosh; Intel Mac OS X 11_14) AppleWebKit/537.36 (KHTML, like Gecko) Chrome/109.0.5397.215 Safari/537.36
2024-11-11 19:38:33,070 - INFO - Found 35 headlines for 2022/may/12
2024-11-11 19:38:33,463 - INFO - Using User-Agent: Mozilla/5.0 (X11; Linux i686) AppleWebKit/537.36 (KHTML, like Gecko) Chrome/109.0.5388.177 Safari/537.36
2024-11-11 19:38:34,482 - INFO - Found 31 headlines for 2022/may/13
2024-11-11 19:38:34,492 - INFO - Using User-Agent: Mozilla/5.0 (X11; Linux i686) AppleWebKit/537.36 (KHTML, like Gecko) Chrome/109.0.5388.177 Safari/537.36
2024-11-11 19:38:35,510 - INFO - Found 33 headlines for 2022/may/14
2024-11-11 19:38:36,354 - INFO - Using User-Agent: Mozilla/5.0 (Macintosh; Intel Mac OS X 10_10) AppleWebKit/537.36 (KHTML, like Gecko) Chrome/108.0.5361.172 Safari/537.36
2024-11-11 19:38:37,384 - INFO - Found 31 headlines for 2022/may/15
2024-11-11 19:38:38,181 - INFO - Using User-Agent: Mozilla/5.0 (Windows NT 10.0; Win64; x64) AppleWebKit/537.36 (KHTML, like Gecko) Firefox/89.0
2024-11-11 19:38:39,216 - INFO - Found 38 headlines for 2022/may/16
2024-11-11 19:38:39,954 - INFO - Using User-Agent: Mozilla/5.0 (Macintosh; Intel Mac OS X 10_15_7) AppleWebKit/537.36 (KHTML, like Gecko) Chrome/108.0.0.0 Safari/537.36
2024-11-11 19:38:40,827 - INFO - Found 37 headlines for 2022/may/17
2024-11-11 19:38:41,126 - INFO - Using User-Agent: Mozilla/5.0 (Macintosh; Intel Mac OS X 11_3) AppleWebKit/537.36 (KHTML, like Gecko) Chrome/109.0.5412.99 Safari/537.36
2024-11-11 19:38:42,489 - INFO - Found 27 headlines for 2022/may/18
2024-11-11 19:38:42,571 - INFO - Using User-Agent: Mozilla/5.0 (X11; Linux i686) AppleWebKit/537.36 (KHTML, like Gecko) Chrome/109.0.5388.177 Safari/537.36
2024-11-11 19:38:43,487 - INFO - Found 37 headlines for 2022/may/19
2024-11-11 19:38:44,042 - INFO - Using User-Agent: Mozilla/5.0 (X11; Linux i686) AppleWebKit/537.36 (KHTML, like Gecko) Chrome/109.0.5388.177 Safari/537.36
2024-11-11 19:38:44,912 - INFO - Found 36 headlines for 2022/may/20
2024-11-11 19:38:44,941 - INFO - Using User-Agent: Mozilla/5.0 (X11; Linux i686) AppleWebKit/537.36 (KHTML, like Gecko) Chrome/109.0.5388.177 Safari/537.36
2024-11-11 19:38:46,029 - INFO - Found 19 headlines for 2022/may/21
2024-11-11 19:38:46,092 - INFO - Using User-Agent: Mozilla/5.0 (X11; Linux i686) AppleWebKit/537.36 (KHTML, like Gecko) Chrome/109.0.5388.177 Safari/537.36
2024-11-11 19:38:47,200 - INFO - Found 26 headlines for 2022/may/22
2024-11-11 19:38:47,509 - INFO - Using User-Agent: Mozilla/5.0 (Macintosh; Intel Mac OS X 10_15_7) AppleWebKit/605.1.15 (KHTML, like Gecko) Version/14.0.3 Safari/605.1.15
2024-11-11 19:38:48,448 - INFO - Found 40 headlines for 2022/may/23
2024-11-11 19:38:49,050 - INFO - Using User-Agent: Mozilla/5.0 (Macintosh; Intel Mac OS X 11_3) AppleWebKit/537.36 (KHTML, like Gecko) Chrome/109.0.5412.99 Safari/537.36
2024-11-11 19:38:50,047 - INFO - Found 33 headlines for 2022/may/24
2024-11-11 19:38:50,808 - INFO - Using User-Agent: Mozilla/5.0 (Macintosh; Intel Mac OS X 10_15_7) AppleWebKit/605.1.15 (KHTML, like Gecko) Version/14.0.3 Safari/605.1.15
2024-11-11 19:38:51,703 - INFO - Found 28 headlines for 2022/may/25
2024-11-11 19:38:52,087 - INFO - Using User-Agent: Mozilla/5.0 (Macintosh; Intel Mac OS X 11_14) AppleWebKit/537.36 (KHTML, like Gecko) Chrome/109.0.5397.215 Safari/537.36
2024-11-11 19:38:53,142 - INFO - Found 32 headlines for 2022/may/26
2024-11-11 19:38:53,226 - INFO - Using User-Agent: Mozilla/5.0 (Macintosh; Intel Mac OS X 11_14) AppleWebKit/537.36 (KHTML, like Gecko) Chrome/109.0.5397.215 Safari/537.36
2024-11-11 19:38:54,142 - INFO - Found 35 headlines for 2022/may/27
2024-11-11 19:38:54,208 - INFO - Using User-Agent: Mozilla/5.0 (Windows NT 10.0; Win64; x64) AppleWebKit/537.36 (KHTML, like Gecko) Chrome/91.0.4472.124 Safari/537.36
2024-11-11 19:38:55,173 - INFO - Found 24 headlines for 2022/may/28
2024-11-11 19:38:55,285 - INFO - Using User-Agent: Mozilla/5.0 (Macintosh; Intel Mac OS X 11_3) AppleWebKit/537.36 (KHTML, like Gecko) Chrome/109.0.5412.99 Safari/537.36
2024-11-11 19:38:56,210 - INFO - Found 22 headlines for 2022/may/29
2024-11-11 19:38:56,284 - INFO - Using User-Agent: Mozilla/5.0 (Windows NT 10.0; Win64; x64) AppleWebKit/537.36 (KHTML, like Gecko) Firefox/89.0
2024-11-11 19:38:57,197 - INFO - Found 36 headlines for 2022/may/30
2024-11-11 19:38:57,866 - INFO - Using User-Agent: Mozilla/5.0 (Macintosh; Intel Mac OS X 10_10) AppleWebKit/537.36 (KHTML, like Gecko) Chrome/108.0.5361.172 Safari/537.36
2024-11-11 19:38:59,090 - INFO - Found 38 headlines for 2022/may/31
2024-11-11 19:38:59,839 - INFO - Using User-Agent: Mozilla/5.0 (Macintosh; Intel Mac OS X 11_14) AppleWebKit/537.36 (KHTML, like Gecko) Chrome/109.0.5397.215 Safari/537.36
2024-11-11 19:39:00,688 - INFO - Found 31 headlines for 2022/jun/01
2024-11-11 19:39:00,746 - INFO - Using User-Agent: Mozilla/5.0 (Macintosh; Intel Mac OS X 11_3) AppleWebKit/537.36 (KHTML, like Gecko) Chrome/109.0.5412.99 Safari/537.36
2024-11-11 19:39:01,745 - INFO - Found 32 headlines for 2022/jun/02
2024-11-11 19:39:02,179 - INFO - Using User-Agent: Mozilla/5.0 (Macintosh; Intel Mac OS X 10_15_7) AppleWebKit/537.36 (KHTML, like Gecko) Chrome/108.0.0.0 Safari/537.36
2024-11-11 19:39:03,173 - INFO - Found 33 headlines for 2022/jun/03
2024-11-11 19:39:04,113 - INFO - Using User-Agent: Mozilla/5.0 (Macintosh; Intel Mac OS X 10_15_7) AppleWebKit/537.36 (KHTML, like Gecko) Chrome/108.0.0.0 Safari/537.36
2024-11-11 19:39:05,002 - INFO - Found 26 headlines for 2022/jun/04
2024-11-11 19:39:05,365 - INFO - Using User-Agent: Mozilla/5.0 (Macintosh; Intel Mac OS X 11_3) AppleWebKit/537.36 (KHTML, like Gecko) Chrome/109.0.5412.99 Safari/537.36
2024-11-11 19:39:06,202 - INFO - Found 21 headlines for 2022/jun/05
2024-11-11 19:39:06,391 - INFO - Using User-Agent: Mozilla/5.0 (Macintosh; Intel Mac OS X 10_10) AppleWebKit/537.36 (KHTML, like Gecko) Chrome/108.0.5361.172 Safari/537.36
2024-11-11 19:39:07,238 - INFO - Found 34 headlines for 2022/jun/06
2024-11-11 19:39:07,525 - INFO - Using User-Agent: Mozilla/5.0 (Macintosh; Intel Mac OS X 10_15_7) AppleWebKit/605.1.15 (KHTML, like Gecko) Version/14.0.3 Safari/605.1.15
2024-11-11 19:39:08,518 - INFO - Found 37 headlines for 2022/jun/07
2024-11-11 19:39:08,628 - INFO - Using User-Agent: Mozilla/5.0 (Macintosh; Intel Mac OS X 10_15_7) AppleWebKit/605.1.15 (KHTML, like Gecko) Version/14.0.3 Safari/605.1.15
2024-11-11 19:39:09,549 - INFO - Found 45 headlines for 2022/jun/08
2024-11-11 19:39:10,089 - INFO - Using User-Agent: Mozilla/5.0 (Macintosh; Intel Mac OS X 10_15_7) AppleWebKit/605.1.15 (KHTML, like Gecko) Version/14.0.3 Safari/605.1.15
2024-11-11 19:39:10,925 - INFO - Found 41 headlines for 2022/jun/09
2024-11-11 19:39:11,712 - INFO - Using User-Agent: Mozilla/5.0 (Macintosh; Intel Mac OS X 10_15_7) AppleWebKit/605.1.15 (KHTML, like Gecko) Version/14.0.3 Safari/605.1.15
2024-11-11 19:39:12,827 - INFO - Found 37 headlines for 2022/jun/10
2024-11-11 19:39:13,575 - INFO - Using User-Agent: Mozilla/5.0 (Macintosh; Intel Mac OS X 10_15_7) AppleWebKit/537.36 (KHTML, like Gecko) Chrome/108.0.0.0 Safari/537.36
2024-11-11 19:39:14,636 - INFO - Found 20 headlines for 2022/jun/11
2024-11-11 19:39:14,787 - INFO - Using User-Agent: Mozilla/5.0 (Windows NT 10.0; Win64; x64) AppleWebKit/537.36 (KHTML, like Gecko) Chrome/91.0.4472.124 Safari/537.36
2024-11-11 19:39:15,625 - INFO - Found 26 headlines for 2022/jun/12
2024-11-11 19:39:16,246 - INFO - Using User-Agent: Mozilla/5.0 (Macintosh; Intel Mac OS X 10_15_7) AppleWebKit/537.36 (KHTML, like Gecko) Chrome/108.0.0.0 Safari/537.36
2024-11-11 19:39:17,324 - INFO - Found 34 headlines for 2022/jun/13
2024-11-11 19:39:17,605 - INFO - Using User-Agent: Mozilla/5.0 (Macintosh; Intel Mac OS X 10_10) AppleWebKit/537.36 (KHTML, like Gecko) Chrome/108.0.5361.172 Safari/537.36
2024-11-11 19:39:18,555 - INFO - Found 32 headlines for 2022/jun/14
2024-11-11 19:39:19,516 - INFO - Using User-Agent: Mozilla/5.0 (Windows NT 10.0; Win64; x64) AppleWebKit/537.36 (KHTML, like Gecko) Chrome/91.0.4472.124 Safari/537.36
2024-11-11 19:39:20,668 - INFO - Found 34 headlines for 2022/jun/15
2024-11-11 19:39:20,770 - INFO - Using User-Agent: Mozilla/5.0 (Macintosh; Intel Mac OS X 10_10) AppleWebKit/537.36 (KHTML, like Gecko) Chrome/108.0.5361.172 Safari/537.36
2024-11-11 19:39:21,821 - INFO - Found 34 headlines for 2022/jun/16
2024-11-11 19:39:21,866 - INFO - Using User-Agent: Mozilla/5.0 (X11; Linux i686) AppleWebKit/537.36 (KHTML, like Gecko) Chrome/109.0.5388.177 Safari/537.36
2024-11-11 19:39:22,864 - INFO - Found 39 headlines for 2022/jun/17
2024-11-11 19:39:23,030 - INFO - Using User-Agent: Mozilla/5.0 (Windows NT 10.0; Win64; x64) AppleWebKit/537.36 (KHTML, like Gecko) Chrome/91.0.4472.124 Safari/537.36
2024-11-11 19:39:23,917 - INFO - Found 19 headlines for 2022/jun/18
2024-11-11 19:39:24,526 - INFO - Using User-Agent: Mozilla/5.0 (X11; Linux i686) AppleWebKit/537.36 (KHTML, like Gecko) Chrome/109.0.5388.177 Safari/537.36
2024-11-11 19:39:25,470 - INFO - Found 27 headlines for 2022/jun/19
2024-11-11 19:39:25,664 - INFO - Using User-Agent: Mozilla/5.0 (Macintosh; Intel Mac OS X 10_15_7) AppleWebKit/537.36 (KHTML, like Gecko) Chrome/108.0.0.0 Safari/537.36
2024-11-11 19:39:26,771 - INFO - Found 43 headlines for 2022/jun/20
2024-11-11 19:39:27,706 - INFO - Using User-Agent: Mozilla/5.0 (Macintosh; Intel Mac OS X 10_15_7) AppleWebKit/605.1.15 (KHTML, like Gecko) Version/14.0.3 Safari/605.1.15
2024-11-11 19:39:28,558 - INFO - Found 46 headlines for 2022/jun/21
2024-11-11 19:39:29,293 - INFO - Using User-Agent: Mozilla/5.0 (X11; Linux i686) AppleWebKit/537.36 (KHTML, like Gecko) Chrome/109.0.5388.177 Safari/537.36
2024-11-11 19:39:30,208 - INFO - Found 37 headlines for 2022/jun/22
2024-11-11 19:39:30,659 - INFO - Using User-Agent: Mozilla/5.0 (Macintosh; Intel Mac OS X 10_10) AppleWebKit/537.36 (KHTML, like Gecko) Chrome/108.0.5361.172 Safari/537.36
2024-11-11 19:39:31,645 - INFO - Found 40 headlines for 2022/jun/23
2024-11-11 19:39:32,535 - INFO - Using User-Agent: Mozilla/5.0 (Macintosh; Intel Mac OS X 10_15_7) AppleWebKit/605.1.15 (KHTML, like Gecko) Version/14.0.3 Safari/605.1.15
2024-11-11 19:39:33,350 - INFO - Found 38 headlines for 2022/jun/24
2024-11-11 19:39:33,780 - INFO - Using User-Agent: Mozilla/5.0 (Macintosh; Intel Mac OS X 10_10) AppleWebKit/537.36 (KHTML, like Gecko) Chrome/108.0.5361.172 Safari/537.36
2024-11-11 19:39:34,751 - INFO - Found 34 headlines for 2022/jun/25
2024-11-11 19:39:34,999 - INFO - Using User-Agent: Mozilla/5.0 (Macintosh; Intel Mac OS X 11_3) AppleWebKit/537.36 (KHTML, like Gecko) Chrome/109.0.5412.99 Safari/537.36
2024-11-11 19:39:35,947 - INFO - Found 25 headlines for 2022/jun/26
2024-11-11 19:39:36,664 - INFO - Using User-Agent: Mozilla/5.0 (Macintosh; Intel Mac OS X 10_10) AppleWebKit/537.36 (KHTML, like Gecko) Chrome/108.0.5361.172 Safari/537.36
2024-11-11 19:39:37,571 - INFO - Found 39 headlines for 2022/jun/27
2024-11-11 19:39:38,386 - INFO - Using User-Agent: Mozilla/5.0 (X11; Linux i686) AppleWebKit/537.36 (KHTML, like Gecko) Chrome/109.0.5388.177 Safari/537.36
2024-11-11 19:39:39,425 - INFO - Found 34 headlines for 2022/jun/28
2024-11-11 19:39:40,107 - INFO - Using User-Agent: Mozilla/5.0 (Macintosh; Intel Mac OS X 10_15_7) AppleWebKit/537.36 (KHTML, like Gecko) Chrome/108.0.0.0 Safari/537.36
2024-11-11 19:39:41,029 - INFO - Found 39 headlines for 2022/jun/29
2024-11-11 19:39:41,889 - INFO - Using User-Agent: Mozilla/5.0 (Macintosh; Intel Mac OS X 11_14) AppleWebKit/537.36 (KHTML, like Gecko) Chrome/109.0.5397.215 Safari/537.36
2024-11-11 19:39:42,912 - INFO - Found 37 headlines for 2022/jun/30
2024-11-11 19:39:43,212 - INFO - Using User-Agent: Mozilla/5.0 (Windows NT 10.0; Win64; x64) AppleWebKit/537.36 (KHTML, like Gecko) Chrome/91.0.4472.124 Safari/537.36
2024-11-11 19:39:44,352 - INFO - Found 44 headlines for 2022/jul/01
2024-11-11 19:39:44,918 - INFO - Using User-Agent: Mozilla/5.0 (Windows NT 10.0; Win64; x64) AppleWebKit/537.36 (KHTML, like Gecko) Firefox/89.0
2024-11-11 19:39:45,975 - INFO - Found 23 headlines for 2022/jul/02
2024-11-11 19:39:46,607 - INFO - Using User-Agent: Mozilla/5.0 (X11; Linux i686) AppleWebKit/537.36 (KHTML, like Gecko) Chrome/109.0.5388.177 Safari/537.36
2024-11-11 19:39:47,616 - INFO - Found 24 headlines for 2022/jul/03
2024-11-11 19:39:48,476 - INFO - Using User-Agent: Mozilla/5.0 (X11; Linux i686) AppleWebKit/537.36 (KHTML, like Gecko) Chrome/109.0.5388.177 Safari/537.36
2024-11-11 19:39:49,272 - INFO - Found 38 headlines for 2022/jul/04
2024-11-11 19:39:49,629 - INFO - Using User-Agent: Mozilla/5.0 (X11; Linux i686) AppleWebKit/537.36 (KHTML, like Gecko) Chrome/109.0.5388.177 Safari/537.36
2024-11-11 19:39:50,677 - INFO - Found 29 headlines for 2022/jul/05
2024-11-11 19:39:50,866 - INFO - Using User-Agent: Mozilla/5.0 (Macintosh; Intel Mac OS X 10_10) AppleWebKit/537.36 (KHTML, like Gecko) Chrome/108.0.5361.172 Safari/537.36
2024-11-11 19:39:51,668 - INFO - Found 35 headlines for 2022/jul/06
2024-11-11 19:39:52,673 - INFO - Using User-Agent: Mozilla/5.0 (Macintosh; Intel Mac OS X 10_15_7) AppleWebKit/537.36 (KHTML, like Gecko) Chrome/108.0.0.0 Safari/537.36
2024-11-11 19:39:53,762 - INFO - Found 27 headlines for 2022/jul/07
2024-11-11 19:39:54,748 - INFO - Using User-Agent: Mozilla/5.0 (Macintosh; Intel Mac OS X 11_3) AppleWebKit/537.36 (KHTML, like Gecko) Chrome/109.0.5412.99 Safari/537.36
2024-11-11 19:39:55,819 - INFO - Found 44 headlines for 2022/jul/08
2024-11-11 19:39:55,955 - INFO - Using User-Agent: Mozilla/5.0 (Macintosh; Intel Mac OS X 11_14) AppleWebKit/537.36 (KHTML, like Gecko) Chrome/109.0.5397.215 Safari/537.36
2024-11-11 19:39:57,034 - INFO - Found 25 headlines for 2022/jul/09
2024-11-11 19:39:57,980 - INFO - Using User-Agent: Mozilla/5.0 (Macintosh; Intel Mac OS X 10_15_7) AppleWebKit/537.36 (KHTML, like Gecko) Chrome/108.0.0.0 Safari/537.36
2024-11-11 19:39:58,837 - INFO - Found 20 headlines for 2022/jul/10
2024-11-11 19:39:58,872 - INFO - Using User-Agent: Mozilla/5.0 (Macintosh; Intel Mac OS X 11_3) AppleWebKit/537.36 (KHTML, like Gecko) Chrome/109.0.5412.99 Safari/537.36
2024-11-11 19:39:59,900 - INFO - Found 26 headlines for 2022/jul/11
2024-11-11 19:40:00,660 - INFO - Using User-Agent: Mozilla/5.0 (Macintosh; Intel Mac OS X 10_15_7) AppleWebKit/605.1.15 (KHTML, like Gecko) Version/14.0.3 Safari/605.1.15
2024-11-11 19:40:01,774 - INFO - Found 31 headlines for 2022/jul/12
2024-11-11 19:40:02,539 - INFO - Using User-Agent: Mozilla/5.0 (Macintosh; Intel Mac OS X 10_15_7) AppleWebKit/605.1.15 (KHTML, like Gecko) Version/14.0.3 Safari/605.1.15
2024-11-11 19:40:04,032 - INFO - Found 28 headlines for 2022/jul/13
2024-11-11 19:40:04,204 - INFO - Using User-Agent: Mozilla/5.0 (Windows NT 10.0; Win64; x64) AppleWebKit/537.36 (KHTML, like Gecko) Firefox/89.0
2024-11-11 19:40:06,242 - INFO - Found 36 headlines for 2022/jul/14
2024-11-11 19:40:07,077 - INFO - Using User-Agent: Mozilla/5.0 (Windows NT 10.0; Win64; x64) AppleWebKit/537.36 (KHTML, like Gecko) Chrome/91.0.4472.124 Safari/537.36
2024-11-11 19:40:08,094 - INFO - Found 37 headlines for 2022/jul/15
2024-11-11 19:40:08,993 - INFO - Using User-Agent: Mozilla/5.0 (Macintosh; Intel Mac OS X 10_15_7) AppleWebKit/605.1.15 (KHTML, like Gecko) Version/14.0.3 Safari/605.1.15
2024-11-11 19:40:09,937 - INFO - Found 22 headlines for 2022/jul/16
2024-11-11 19:40:10,507 - INFO - Using User-Agent: Mozilla/5.0 (Macintosh; Intel Mac OS X 10_15_7) AppleWebKit/605.1.15 (KHTML, like Gecko) Version/14.0.3 Safari/605.1.15
2024-11-11 19:40:11,328 - INFO - Found 18 headlines for 2022/jul/17
2024-11-11 19:40:12,174 - INFO - Using User-Agent: Mozilla/5.0 (Macintosh; Intel Mac OS X 11_14) AppleWebKit/537.36 (KHTML, like Gecko) Chrome/109.0.5397.215 Safari/537.36
2024-11-11 19:40:13,188 - INFO - Found 27 headlines for 2022/jul/18
2024-11-11 19:40:14,129 - INFO - Using User-Agent: Mozilla/5.0 (Macintosh; Intel Mac OS X 11_3) AppleWebKit/537.36 (KHTML, like Gecko) Chrome/109.0.5412.99 Safari/537.36
2024-11-11 19:40:15,036 - INFO - Found 38 headlines for 2022/jul/19
2024-11-11 19:40:15,610 - INFO - Using User-Agent: Mozilla/5.0 (Windows NT 10.0; Win64; x64) AppleWebKit/537.36 (KHTML, like Gecko) Chrome/91.0.4472.124 Safari/537.36
2024-11-11 19:40:16,468 - INFO - Found 30 headlines for 2022/jul/20
2024-11-11 19:40:17,282 - INFO - Using User-Agent: Mozilla/5.0 (Macintosh; Intel Mac OS X 11_3) AppleWebKit/537.36 (KHTML, like Gecko) Chrome/109.0.5412.99 Safari/537.36
2024-11-11 19:40:18,102 - INFO - Found 30 headlines for 2022/jul/21
2024-11-11 19:40:18,582 - INFO - Using User-Agent: Mozilla/5.0 (Macintosh; Intel Mac OS X 10_15_7) AppleWebKit/537.36 (KHTML, like Gecko) Chrome/108.0.0.0 Safari/537.36
2024-11-11 19:40:19,383 - INFO - Found 40 headlines for 2022/jul/22
2024-11-11 19:40:19,542 - INFO - Using User-Agent: Mozilla/5.0 (Windows NT 10.0; Win64; x64) AppleWebKit/537.36 (KHTML, like Gecko) Firefox/89.0
2024-11-11 19:40:20,605 - INFO - Found 17 headlines for 2022/jul/23
2024-11-11 19:40:21,270 - INFO - Using User-Agent: Mozilla/5.0 (Macintosh; Intel Mac OS X 11_14) AppleWebKit/537.36 (KHTML, like Gecko) Chrome/109.0.5397.215 Safari/537.36
2024-11-11 19:40:22,182 - INFO - Found 20 headlines for 2022/jul/24
2024-11-11 19:40:22,766 - INFO - Using User-Agent: Mozilla/5.0 (Macintosh; Intel Mac OS X 10_15_7) AppleWebKit/537.36 (KHTML, like Gecko) Chrome/108.0.0.0 Safari/537.36
2024-11-11 19:40:23,645 - INFO - Found 28 headlines for 2022/jul/25
2024-11-11 19:40:24,070 - INFO - Using User-Agent: Mozilla/5.0 (Windows NT 10.0; Win64; x64) AppleWebKit/537.36 (KHTML, like Gecko) Chrome/91.0.4472.124 Safari/537.36
2024-11-11 19:40:25,080 - INFO - Found 39 headlines for 2022/jul/26
2024-11-11 19:40:25,362 - INFO - Using User-Agent: Mozilla/5.0 (Macintosh; Intel Mac OS X 10_15_7) AppleWebKit/537.36 (KHTML, like Gecko) Chrome/108.0.0.0 Safari/537.36
2024-11-11 19:40:26,323 - INFO - Found 32 headlines for 2022/jul/27
2024-11-11 19:40:26,404 - INFO - Using User-Agent: Mozilla/5.0 (Macintosh; Intel Mac OS X 10_10) AppleWebKit/537.36 (KHTML, like Gecko) Chrome/108.0.5361.172 Safari/537.36
2024-11-11 19:40:27,322 - INFO - Found 27 headlines for 2022/jul/28
2024-11-11 19:40:27,435 - INFO - Using User-Agent: Mozilla/5.0 (X11; Linux i686) AppleWebKit/537.36 (KHTML, like Gecko) Chrome/109.0.5388.177 Safari/537.36
2024-11-11 19:40:28,363 - INFO - Found 37 headlines for 2022/jul/29
2024-11-11 19:40:28,884 - INFO - Using User-Agent: Mozilla/5.0 (X11; Linux i686) AppleWebKit/537.36 (KHTML, like Gecko) Chrome/109.0.5388.177 Safari/537.36
2024-11-11 19:40:29,799 - INFO - Found 22 headlines for 2022/jul/30
2024-11-11 19:40:29,883 - INFO - Using User-Agent: Mozilla/5.0 (Macintosh; Intel Mac OS X 11_3) AppleWebKit/537.36 (KHTML, like Gecko) Chrome/109.0.5412.99 Safari/537.36
2024-11-11 19:40:30,800 - INFO - Found 24 headlines for 2022/jul/31
2024-11-11 19:40:30,815 - INFO - Using User-Agent: Mozilla/5.0 (Windows NT 10.0; Win64; x64) AppleWebKit/537.36 (KHTML, like Gecko) Firefox/89.0
2024-11-11 19:40:31,684 - INFO - Found 33 headlines for 2022/aug/01
2024-11-11 19:40:31,856 - INFO - Using User-Agent: Mozilla/5.0 (Windows NT 10.0; Win64; x64) AppleWebKit/537.36 (KHTML, like Gecko) Firefox/89.0
2024-11-11 19:40:32,934 - INFO - Found 42 headlines for 2022/aug/02
2024-11-11 19:40:33,238 - INFO - Using User-Agent: Mozilla/5.0 (Macintosh; Intel Mac OS X 10_15_7) AppleWebKit/605.1.15 (KHTML, like Gecko) Version/14.0.3 Safari/605.1.15
2024-11-11 19:40:34,126 - INFO - Found 29 headlines for 2022/aug/03
2024-11-11 19:40:34,474 - INFO - Using User-Agent: Mozilla/5.0 (Macintosh; Intel Mac OS X 10_15_7) AppleWebKit/605.1.15 (KHTML, like Gecko) Version/14.0.3 Safari/605.1.15
2024-11-11 19:40:35,323 - INFO - Found 37 headlines for 2022/aug/04
2024-11-11 19:40:35,779 - INFO - Using User-Agent: Mozilla/5.0 (Macintosh; Intel Mac OS X 10_10) AppleWebKit/537.36 (KHTML, like Gecko) Chrome/108.0.5361.172 Safari/537.36
2024-11-11 19:40:36,967 - INFO - Found 35 headlines for 2022/aug/05
2024-11-11 19:40:37,005 - INFO - Using User-Agent: Mozilla/5.0 (Macintosh; Intel Mac OS X 11_3) AppleWebKit/537.36 (KHTML, like Gecko) Chrome/109.0.5412.99 Safari/537.36
2024-11-11 19:40:37,824 - INFO - Found 26 headlines for 2022/aug/06
2024-11-11 19:40:38,341 - INFO - Using User-Agent: Mozilla/5.0 (Macintosh; Intel Mac OS X 10_10) AppleWebKit/537.36 (KHTML, like Gecko) Chrome/108.0.5361.172 Safari/537.36
2024-11-11 19:40:39,421 - INFO - Found 20 headlines for 2022/aug/07
2024-11-11 19:40:39,514 - INFO - Using User-Agent: Mozilla/5.0 (Windows NT 10.0; Win64; x64) AppleWebKit/537.36 (KHTML, like Gecko) Firefox/89.0
2024-11-11 19:40:40,628 - INFO - Found 32 headlines for 2022/aug/08
2024-11-11 19:40:40,991 - INFO - Using User-Agent: Mozilla/5.0 (Macintosh; Intel Mac OS X 10_15_7) AppleWebKit/537.36 (KHTML, like Gecko) Chrome/108.0.0.0 Safari/537.36
2024-11-11 19:40:41,870 - INFO - Found 31 headlines for 2022/aug/09
2024-11-11 19:40:41,996 - INFO - Using User-Agent: Mozilla/5.0 (X11; Linux i686) AppleWebKit/537.36 (KHTML, like Gecko) Chrome/109.0.5388.177 Safari/537.36
2024-11-11 19:40:42,907 - INFO - Found 45 headlines for 2022/aug/10
2024-11-11 19:40:43,284 - INFO - Using User-Agent: Mozilla/5.0 (X11; Linux i686) AppleWebKit/537.36 (KHTML, like Gecko) Chrome/109.0.5388.177 Safari/537.36
2024-11-11 19:40:44,070 - INFO - Found 39 headlines for 2022/aug/11
2024-11-11 19:40:45,020 - INFO - Using User-Agent: Mozilla/5.0 (Macintosh; Intel Mac OS X 10_10) AppleWebKit/537.36 (KHTML, like Gecko) Chrome/108.0.5361.172 Safari/537.36
2024-11-11 19:40:45,984 - INFO - Found 30 headlines for 2022/aug/12
2024-11-11 19:40:46,179 - INFO - Using User-Agent: Mozilla/5.0 (X11; Linux i686) AppleWebKit/537.36 (KHTML, like Gecko) Chrome/109.0.5388.177 Safari/537.36
2024-11-11 19:40:47,061 - INFO - Found 21 headlines for 2022/aug/13
2024-11-11 19:40:47,940 - INFO - Using User-Agent: Mozilla/5.0 (Macintosh; Intel Mac OS X 10_15_7) AppleWebKit/605.1.15 (KHTML, like Gecko) Version/14.0.3 Safari/605.1.15
2024-11-11 19:40:48,822 - INFO - Found 20 headlines for 2022/aug/14
2024-11-11 19:40:49,389 - INFO - Using User-Agent: Mozilla/5.0 (Windows NT 10.0; Win64; x64) AppleWebKit/537.36 (KHTML, like Gecko) Chrome/91.0.4472.124 Safari/537.36
2024-11-11 19:40:50,221 - INFO - Found 38 headlines for 2022/aug/15
2024-11-11 19:40:51,012 - INFO - Using User-Agent: Mozilla/5.0 (Windows NT 10.0; Win64; x64) AppleWebKit/537.36 (KHTML, like Gecko) Firefox/89.0
2024-11-11 19:40:52,138 - INFO - Found 37 headlines for 2022/aug/16
2024-11-11 19:40:53,011 - INFO - Using User-Agent: Mozilla/5.0 (Macintosh; Intel Mac OS X 11_3) AppleWebKit/537.36 (KHTML, like Gecko) Chrome/109.0.5412.99 Safari/537.36
2024-11-11 19:40:53,969 - INFO - Found 36 headlines for 2022/aug/17
2024-11-11 19:40:54,416 - INFO - Using User-Agent: Mozilla/5.0 (Macintosh; Intel Mac OS X 10_10) AppleWebKit/537.36 (KHTML, like Gecko) Chrome/108.0.5361.172 Safari/537.36
2024-11-11 19:40:55,408 - INFO - Found 45 headlines for 2022/aug/18
2024-11-11 19:40:55,790 - INFO - Using User-Agent: Mozilla/5.0 (X11; Linux i686) AppleWebKit/537.36 (KHTML, like Gecko) Chrome/109.0.5388.177 Safari/537.36
2024-11-11 19:40:56,847 - INFO - Found 39 headlines for 2022/aug/19
2024-11-11 19:40:57,848 - INFO - Using User-Agent: Mozilla/5.0 (Windows NT 10.0; Win64; x64) AppleWebKit/537.36 (KHTML, like Gecko) Chrome/91.0.4472.124 Safari/537.36
2024-11-11 19:40:58,904 - INFO - Found 23 headlines for 2022/aug/20
2024-11-11 19:40:59,514 - INFO - Using User-Agent: Mozilla/5.0 (Windows NT 10.0; Win64; x64) AppleWebKit/537.36 (KHTML, like Gecko) Chrome/91.0.4472.124 Safari/537.36
2024-11-11 19:41:00,546 - INFO - Found 22 headlines for 2022/aug/21
2024-11-11 19:41:01,157 - INFO - Using User-Agent: Mozilla/5.0 (Macintosh; Intel Mac OS X 11_14) AppleWebKit/537.36 (KHTML, like Gecko) Chrome/109.0.5397.215 Safari/537.36
2024-11-11 19:41:02,163 - INFO - Found 38 headlines for 2022/aug/22
2024-11-11 19:41:02,367 - INFO - Using User-Agent: Mozilla/5.0 (Windows NT 10.0; Win64; x64) AppleWebKit/537.36 (KHTML, like Gecko) Firefox/89.0
2024-11-11 19:41:03,170 - INFO - Found 41 headlines for 2022/aug/23
2024-11-11 19:41:03,315 - INFO - Using User-Agent: Mozilla/5.0 (Macintosh; Intel Mac OS X 10_10) AppleWebKit/537.36 (KHTML, like Gecko) Chrome/108.0.5361.172 Safari/537.36
2024-11-11 19:41:04,320 - INFO - Found 43 headlines for 2022/aug/24
2024-11-11 19:41:05,277 - INFO - Using User-Agent: Mozilla/5.0 (Macintosh; Intel Mac OS X 10_10) AppleWebKit/537.36 (KHTML, like Gecko) Chrome/108.0.5361.172 Safari/537.36
2024-11-11 19:41:06,269 - INFO - Found 26 headlines for 2022/aug/25
2024-11-11 19:41:07,067 - INFO - Using User-Agent: Mozilla/5.0 (Macintosh; Intel Mac OS X 11_3) AppleWebKit/537.36 (KHTML, like Gecko) Chrome/109.0.5412.99 Safari/537.36
2024-11-11 19:41:08,137 - INFO - Found 39 headlines for 2022/aug/26
2024-11-11 19:41:09,050 - INFO - Using User-Agent: Mozilla/5.0 (Macintosh; Intel Mac OS X 10_10) AppleWebKit/537.36 (KHTML, like Gecko) Chrome/108.0.5361.172 Safari/537.36
2024-11-11 19:41:09,947 - INFO - Found 22 headlines for 2022/aug/27
2024-11-11 19:41:10,740 - INFO - Using User-Agent: Mozilla/5.0 (Macintosh; Intel Mac OS X 10_10) AppleWebKit/537.36 (KHTML, like Gecko) Chrome/108.0.5361.172 Safari/537.36
2024-11-11 19:41:11,588 - INFO - Found 24 headlines for 2022/aug/28
2024-11-11 19:41:11,956 - INFO - Using User-Agent: Mozilla/5.0 (Macintosh; Intel Mac OS X 10_15_7) AppleWebKit/605.1.15 (KHTML, like Gecko) Version/14.0.3 Safari/605.1.15
2024-11-11 19:41:12,840 - INFO - Found 23 headlines for 2022/aug/29
2024-11-11 19:41:13,645 - INFO - Using User-Agent: Mozilla/5.0 (X11; Linux i686) AppleWebKit/537.36 (KHTML, like Gecko) Chrome/109.0.5388.177 Safari/537.36
2024-11-11 19:41:14,702 - INFO - Found 46 headlines for 2022/aug/30
2024-11-11 19:41:15,023 - INFO - Using User-Agent: Mozilla/5.0 (Macintosh; Intel Mac OS X 11_14) AppleWebKit/537.36 (KHTML, like Gecko) Chrome/109.0.5397.215 Safari/537.36
2024-11-11 19:41:16,261 - INFO - Found 46 headlines for 2022/aug/31
2024-11-11 19:41:17,151 - INFO - Using User-Agent: Mozilla/5.0 (Windows NT 10.0; Win64; x64) AppleWebKit/537.36 (KHTML, like Gecko) Firefox/89.0
2024-11-11 19:41:18,196 - INFO - Found 41 headlines for 2022/sep/01
2024-11-11 19:41:19,118 - INFO - Using User-Agent: Mozilla/5.0 (X11; Linux i686) AppleWebKit/537.36 (KHTML, like Gecko) Chrome/109.0.5388.177 Safari/537.36
2024-11-11 19:41:20,079 - INFO - Found 37 headlines for 2022/sep/02
2024-11-11 19:41:20,312 - INFO - Using User-Agent: Mozilla/5.0 (Macintosh; Intel Mac OS X 11_3) AppleWebKit/537.36 (KHTML, like Gecko) Chrome/109.0.5412.99 Safari/537.36
2024-11-11 19:41:21,185 - INFO - Found 21 headlines for 2022/sep/03
2024-11-11 19:41:21,810 - INFO - Using User-Agent: Mozilla/5.0 (Windows NT 10.0; Win64; x64) AppleWebKit/537.36 (KHTML, like Gecko) Firefox/89.0
2024-11-11 19:41:22,662 - INFO - Found 27 headlines for 2022/sep/04
2024-11-11 19:41:23,474 - INFO - Using User-Agent: Mozilla/5.0 (Windows NT 10.0; Win64; x64) AppleWebKit/537.36 (KHTML, like Gecko) Chrome/91.0.4472.124 Safari/537.36
2024-11-11 19:41:24,308 - INFO - Found 41 headlines for 2022/sep/05
2024-11-11 19:41:25,240 - INFO - Using User-Agent: Mozilla/5.0 (Windows NT 10.0; Win64; x64) AppleWebKit/537.36 (KHTML, like Gecko) Chrome/91.0.4472.124 Safari/537.36
2024-11-11 19:41:26,142 - INFO - Found 33 headlines for 2022/sep/06
2024-11-11 19:41:26,304 - INFO - Using User-Agent: Mozilla/5.0 (Macintosh; Intel Mac OS X 10_15_7) AppleWebKit/537.36 (KHTML, like Gecko) Chrome/108.0.0.0 Safari/537.36
2024-11-11 19:41:27,144 - INFO - Found 31 headlines for 2022/sep/07
2024-11-11 19:41:27,927 - INFO - Using User-Agent: Mozilla/5.0 (Macintosh; Intel Mac OS X 10_15_7) AppleWebKit/537.36 (KHTML, like Gecko) Chrome/108.0.0.0 Safari/537.36
2024-11-11 19:41:28,763 - INFO - Found 26 headlines for 2022/sep/08
2024-11-11 19:41:29,256 - INFO - Using User-Agent: Mozilla/5.0 (Macintosh; Intel Mac OS X 10_15_7) AppleWebKit/605.1.15 (KHTML, like Gecko) Version/14.0.3 Safari/605.1.15
2024-11-11 19:41:30,047 - INFO - Found 25 headlines for 2022/sep/09
2024-11-11 19:41:30,496 - INFO - Using User-Agent: Mozilla/5.0 (Windows NT 10.0; Win64; x64) AppleWebKit/537.36 (KHTML, like Gecko) Firefox/89.0
2024-11-11 19:41:31,400 - INFO - Found 11 headlines for 2022/sep/10
2024-11-11 19:41:32,253 - INFO - Using User-Agent: Mozilla/5.0 (Macintosh; Intel Mac OS X 10_15_7) AppleWebKit/605.1.15 (KHTML, like Gecko) Version/14.0.3 Safari/605.1.15
2024-11-11 19:41:33,039 - INFO - Found 23 headlines for 2022/sep/11
2024-11-11 19:41:33,788 - INFO - Using User-Agent: Mozilla/5.0 (Windows NT 10.0; Win64; x64) AppleWebKit/537.36 (KHTML, like Gecko) Firefox/89.0
2024-11-11 19:41:34,706 - INFO - Found 32 headlines for 2022/sep/12
2024-11-11 19:41:35,198 - INFO - Using User-Agent: Mozilla/5.0 (Windows NT 10.0; Win64; x64) AppleWebKit/537.36 (KHTML, like Gecko) Chrome/91.0.4472.124 Safari/537.36
2024-11-11 19:41:36,162 - INFO - Found 35 headlines for 2022/sep/13
2024-11-11 19:41:37,027 - INFO - Using User-Agent: Mozilla/5.0 (Macintosh; Intel Mac OS X 10_15_7) AppleWebKit/537.36 (KHTML, like Gecko) Chrome/108.0.0.0 Safari/537.36
2024-11-11 19:41:37,982 - INFO - Found 34 headlines for 2022/sep/14
2024-11-11 19:41:38,427 - INFO - Using User-Agent: Mozilla/5.0 (Macintosh; Intel Mac OS X 10_10) AppleWebKit/537.36 (KHTML, like Gecko) Chrome/108.0.5361.172 Safari/537.36
2024-11-11 19:41:39,220 - INFO - Found 24 headlines for 2022/sep/15
2024-11-11 19:41:40,197 - INFO - Using User-Agent: Mozilla/5.0 (Macintosh; Intel Mac OS X 10_15_7) AppleWebKit/605.1.15 (KHTML, like Gecko) Version/14.0.3 Safari/605.1.15
2024-11-11 19:41:41,282 - INFO - Found 31 headlines for 2022/sep/16
2024-11-11 19:41:42,200 - INFO - Using User-Agent: Mozilla/5.0 (Macintosh; Intel Mac OS X 11_3) AppleWebKit/537.36 (KHTML, like Gecko) Chrome/109.0.5412.99 Safari/537.36
2024-11-11 19:41:43,119 - INFO - Found 16 headlines for 2022/sep/17
2024-11-11 19:41:43,884 - INFO - Using User-Agent: Mozilla/5.0 (Macintosh; Intel Mac OS X 10_15_7) AppleWebKit/537.36 (KHTML, like Gecko) Chrome/108.0.0.0 Safari/537.36
2024-11-11 19:41:44,958 - INFO - Found 27 headlines for 2022/sep/18
2024-11-11 19:41:45,310 - INFO - Using User-Agent: Mozilla/5.0 (Macintosh; Intel Mac OS X 10_15_7) AppleWebKit/537.36 (KHTML, like Gecko) Chrome/108.0.0.0 Safari/537.36
2024-11-11 19:41:46,174 - INFO - Found 29 headlines for 2022/sep/19
2024-11-11 19:41:47,173 - INFO - Using User-Agent: Mozilla/5.0 (Macintosh; Intel Mac OS X 11_14) AppleWebKit/537.36 (KHTML, like Gecko) Chrome/109.0.5397.215 Safari/537.36
2024-11-11 19:41:48,026 - INFO - Found 35 headlines for 2022/sep/20
2024-11-11 19:41:48,205 - INFO - Using User-Agent: Mozilla/5.0 (Macintosh; Intel Mac OS X 10_15_7) AppleWebKit/605.1.15 (KHTML, like Gecko) Version/14.0.3 Safari/605.1.15
2024-11-11 19:41:49,014 - INFO - Found 35 headlines for 2022/sep/21
2024-11-11 19:41:49,723 - INFO - Using User-Agent: Mozilla/5.0 (Windows NT 10.0; Win64; x64) AppleWebKit/537.36 (KHTML, like Gecko) Firefox/89.0
2024-11-11 19:41:50,753 - INFO - Found 45 headlines for 2022/sep/22
2024-11-11 19:41:51,013 - INFO - Using User-Agent: Mozilla/5.0 (X11; Linux i686) AppleWebKit/537.36 (KHTML, like Gecko) Chrome/109.0.5388.177 Safari/537.36
2024-11-11 19:41:52,135 - INFO - Found 39 headlines for 2022/sep/23
2024-11-11 19:41:52,914 - INFO - Using User-Agent: Mozilla/5.0 (X11; Linux i686) AppleWebKit/537.36 (KHTML, like Gecko) Chrome/109.0.5388.177 Safari/537.36
2024-11-11 19:41:53,743 - INFO - Found 27 headlines for 2022/sep/24
2024-11-11 19:41:54,452 - INFO - Using User-Agent: Mozilla/5.0 (X11; Linux i686) AppleWebKit/537.36 (KHTML, like Gecko) Chrome/109.0.5388.177 Safari/537.36
2024-11-11 19:41:55,387 - INFO - Found 25 headlines for 2022/sep/25
2024-11-11 19:41:56,367 - INFO - Using User-Agent: Mozilla/5.0 (X11; Linux i686) AppleWebKit/537.36 (KHTML, like Gecko) Chrome/109.0.5388.177 Safari/537.36
2024-11-11 19:41:57,541 - INFO - Found 37 headlines for 2022/sep/26
2024-11-11 19:41:57,754 - INFO - Using User-Agent: Mozilla/5.0 (Windows NT 10.0; Win64; x64) AppleWebKit/537.36 (KHTML, like Gecko) Firefox/89.0
2024-11-11 19:41:58,653 - INFO - Found 26 headlines for 2022/sep/27
2024-11-11 19:41:59,005 - INFO - Using User-Agent: Mozilla/5.0 (X11; Linux i686) AppleWebKit/537.36 (KHTML, like Gecko) Chrome/109.0.5388.177 Safari/537.36
2024-11-11 19:41:59,900 - INFO - Found 33 headlines for 2022/sep/28
2024-11-11 19:42:00,558 - INFO - Using User-Agent: Mozilla/5.0 (X11; Linux i686) AppleWebKit/537.36 (KHTML, like Gecko) Chrome/109.0.5388.177 Safari/537.36
2024-11-11 19:42:01,396 - INFO - Found 29 headlines for 2022/sep/29
2024-11-11 19:42:01,456 - INFO - Using User-Agent: Mozilla/5.0 (Windows NT 10.0; Win64; x64) AppleWebKit/537.36 (KHTML, like Gecko) Chrome/91.0.4472.124 Safari/537.36
2024-11-11 19:42:02,575 - INFO - Found 32 headlines for 2022/sep/30
2024-11-11 19:42:03,464 - INFO - Using User-Agent: Mozilla/5.0 (Macintosh; Intel Mac OS X 10_10) AppleWebKit/537.36 (KHTML, like Gecko) Chrome/108.0.5361.172 Safari/537.36
2024-11-11 19:42:04,426 - INFO - Found 23 headlines for 2022/oct/01
2024-11-11 19:42:04,704 - INFO - Using User-Agent: Mozilla/5.0 (X11; Linux i686) AppleWebKit/537.36 (KHTML, like Gecko) Chrome/109.0.5388.177 Safari/537.36
2024-11-11 19:42:05,880 - INFO - Found 28 headlines for 2022/oct/02
2024-11-11 19:42:06,256 - INFO - Using User-Agent: Mozilla/5.0 (Macintosh; Intel Mac OS X 10_10) AppleWebKit/537.36 (KHTML, like Gecko) Chrome/108.0.5361.172 Safari/537.36
2024-11-11 19:42:07,311 - INFO - Found 29 headlines for 2022/oct/03
2024-11-11 19:42:07,429 - INFO - Using User-Agent: Mozilla/5.0 (Macintosh; Intel Mac OS X 10_10) AppleWebKit/537.36 (KHTML, like Gecko) Chrome/108.0.5361.172 Safari/537.36
2024-11-11 19:42:08,289 - INFO - Found 34 headlines for 2022/oct/04
2024-11-11 19:42:09,174 - INFO - Using User-Agent: Mozilla/5.0 (Windows NT 10.0; Win64; x64) AppleWebKit/537.36 (KHTML, like Gecko) Chrome/91.0.4472.124 Safari/537.36
2024-11-11 19:42:09,949 - INFO - Found 34 headlines for 2022/oct/05
2024-11-11 19:42:10,021 - INFO - Using User-Agent: Mozilla/5.0 (Macintosh; Intel Mac OS X 10_15_7) AppleWebKit/537.36 (KHTML, like Gecko) Chrome/108.0.0.0 Safari/537.36
2024-11-11 19:42:11,016 - INFO - Found 40 headlines for 2022/oct/06
2024-11-11 19:42:11,743 - INFO - Using User-Agent: Mozilla/5.0 (Macintosh; Intel Mac OS X 10_15_7) AppleWebKit/537.36 (KHTML, like Gecko) Chrome/108.0.0.0 Safari/537.36
2024-11-11 19:42:12,643 - INFO - Found 40 headlines for 2022/oct/07
2024-11-11 19:42:13,272 - INFO - Using User-Agent: Mozilla/5.0 (Macintosh; Intel Mac OS X 10_15_7) AppleWebKit/537.36 (KHTML, like Gecko) Chrome/108.0.0.0 Safari/537.36
2024-11-11 19:42:14,248 - INFO - Found 26 headlines for 2022/oct/08
2024-11-11 19:42:14,520 - INFO - Using User-Agent: Mozilla/5.0 (Windows NT 10.0; Win64; x64) AppleWebKit/537.36 (KHTML, like Gecko) Chrome/91.0.4472.124 Safari/537.36
2024-11-11 19:42:15,665 - INFO - Found 25 headlines for 2022/oct/09
2024-11-11 19:42:16,007 - INFO - Using User-Agent: Mozilla/5.0 (Macintosh; Intel Mac OS X 11_3) AppleWebKit/537.36 (KHTML, like Gecko) Chrome/109.0.5412.99 Safari/537.36
2024-11-11 19:42:17,149 - INFO - Found 43 headlines for 2022/oct/10
2024-11-11 19:42:17,344 - INFO - Using User-Agent: Mozilla/5.0 (Macintosh; Intel Mac OS X 11_3) AppleWebKit/537.36 (KHTML, like Gecko) Chrome/109.0.5412.99 Safari/537.36
2024-11-11 19:42:18,274 - INFO - Found 27 headlines for 2022/oct/11
2024-11-11 19:42:18,736 - INFO - Using User-Agent: Mozilla/5.0 (X11; Linux i686) AppleWebKit/537.36 (KHTML, like Gecko) Chrome/109.0.5388.177 Safari/537.36
2024-11-11 19:42:19,792 - INFO - Found 29 headlines for 2022/oct/12
2024-11-11 19:42:20,691 - INFO - Using User-Agent: Mozilla/5.0 (X11; Linux i686) AppleWebKit/537.36 (KHTML, like Gecko) Chrome/109.0.5388.177 Safari/537.36
2024-11-11 19:42:21,608 - INFO - Found 32 headlines for 2022/oct/13
2024-11-11 19:42:22,170 - INFO - Using User-Agent: Mozilla/5.0 (Macintosh; Intel Mac OS X 11_14) AppleWebKit/537.36 (KHTML, like Gecko) Chrome/109.0.5397.215 Safari/537.36
2024-11-11 19:42:22,971 - INFO - Found 32 headlines for 2022/oct/14
2024-11-11 19:42:23,885 - INFO - Using User-Agent: Mozilla/5.0 (Macintosh; Intel Mac OS X 10_15_7) AppleWebKit/537.36 (KHTML, like Gecko) Chrome/108.0.0.0 Safari/537.36
2024-11-11 19:42:24,893 - INFO - Found 19 headlines for 2022/oct/15
2024-11-11 19:42:25,526 - INFO - Using User-Agent: Mozilla/5.0 (Windows NT 10.0; Win64; x64) AppleWebKit/537.36 (KHTML, like Gecko) Firefox/89.0
2024-11-11 19:42:26,520 - INFO - Found 19 headlines for 2022/oct/16
2024-11-11 19:42:26,674 - INFO - Using User-Agent: Mozilla/5.0 (X11; Linux i686) AppleWebKit/537.36 (KHTML, like Gecko) Chrome/109.0.5388.177 Safari/537.36
2024-11-11 19:42:27,535 - INFO - Found 32 headlines for 2022/oct/17
2024-11-11 19:42:28,170 - INFO - Using User-Agent: Mozilla/5.0 (Macintosh; Intel Mac OS X 11_14) AppleWebKit/537.36 (KHTML, like Gecko) Chrome/109.0.5397.215 Safari/537.36
2024-11-11 19:42:29,203 - INFO - Found 34 headlines for 2022/oct/18
2024-11-11 19:42:29,558 - INFO - Using User-Agent: Mozilla/5.0 (Macintosh; Intel Mac OS X 10_10) AppleWebKit/537.36 (KHTML, like Gecko) Chrome/108.0.5361.172 Safari/537.36
2024-11-11 19:42:30,643 - INFO - Found 37 headlines for 2022/oct/19
2024-11-11 19:42:31,097 - INFO - Using User-Agent: Mozilla/5.0 (Macintosh; Intel Mac OS X 10_15_7) AppleWebKit/605.1.15 (KHTML, like Gecko) Version/14.0.3 Safari/605.1.15
2024-11-11 19:42:32,117 - INFO - Found 27 headlines for 2022/oct/20
2024-11-11 19:42:32,741 - INFO - Using User-Agent: Mozilla/5.0 (Macintosh; Intel Mac OS X 11_14) AppleWebKit/537.36 (KHTML, like Gecko) Chrome/109.0.5397.215 Safari/537.36
2024-11-11 19:42:33,688 - INFO - Found 31 headlines for 2022/oct/21
2024-11-11 19:42:33,771 - INFO - Using User-Agent: Mozilla/5.0 (Macintosh; Intel Mac OS X 10_15_7) AppleWebKit/537.36 (KHTML, like Gecko) Chrome/108.0.0.0 Safari/537.36
2024-11-11 19:42:34,509 - INFO - Found 19 headlines for 2022/oct/22
2024-11-11 19:42:34,802 - INFO - Using User-Agent: Mozilla/5.0 (Macintosh; Intel Mac OS X 11_14) AppleWebKit/537.36 (KHTML, like Gecko) Chrome/109.0.5397.215 Safari/537.36
2024-11-11 19:42:35,736 - INFO - Found 26 headlines for 2022/oct/23
2024-11-11 19:42:36,743 - INFO - Using User-Agent: Mozilla/5.0 (Macintosh; Intel Mac OS X 11_3) AppleWebKit/537.36 (KHTML, like Gecko) Chrome/109.0.5412.99 Safari/537.36
2024-11-11 19:42:37,593 - INFO - Found 28 headlines for 2022/oct/24
2024-11-11 19:42:38,296 - INFO - Using User-Agent: Mozilla/5.0 (Macintosh; Intel Mac OS X 10_15_7) AppleWebKit/605.1.15 (KHTML, like Gecko) Version/14.0.3 Safari/605.1.15
2024-11-11 19:42:39,224 - INFO - Found 29 headlines for 2022/oct/25
2024-11-11 19:42:39,478 - INFO - Using User-Agent: Mozilla/5.0 (Windows NT 10.0; Win64; x64) AppleWebKit/537.36 (KHTML, like Gecko) Firefox/89.0
2024-11-11 19:42:40,468 - INFO - Found 30 headlines for 2022/oct/26
2024-11-11 19:42:40,469 - INFO - Using User-Agent: Mozilla/5.0 (Macintosh; Intel Mac OS X 10_15_7) AppleWebKit/605.1.15 (KHTML, like Gecko) Version/14.0.3 Safari/605.1.15
2024-11-11 19:42:41,273 - INFO - Found 35 headlines for 2022/oct/27
2024-11-11 19:42:41,945 - INFO - Using User-Agent: Mozilla/5.0 (Macintosh; Intel Mac OS X 10_10) AppleWebKit/537.36 (KHTML, like Gecko) Chrome/108.0.5361.172 Safari/537.36
2024-11-11 19:42:42,942 - INFO - Found 35 headlines for 2022/oct/28
2024-11-11 19:42:43,137 - INFO - Using User-Agent: Mozilla/5.0 (Macintosh; Intel Mac OS X 10_15_7) AppleWebKit/537.36 (KHTML, like Gecko) Chrome/108.0.0.0 Safari/537.36
2024-11-11 19:42:44,141 - INFO - Found 22 headlines for 2022/oct/29
2024-11-11 19:42:44,847 - INFO - Using User-Agent: Mozilla/5.0 (Macintosh; Intel Mac OS X 10_15_7) AppleWebKit/605.1.15 (KHTML, like Gecko) Version/14.0.3 Safari/605.1.15
2024-11-11 19:42:45,778 - INFO - Found 32 headlines for 2022/oct/30
2024-11-11 19:42:45,993 - INFO - Using User-Agent: Mozilla/5.0 (Macintosh; Intel Mac OS X 11_14) AppleWebKit/537.36 (KHTML, like Gecko) Chrome/109.0.5397.215 Safari/537.36
2024-11-11 19:42:46,873 - INFO - Found 44 headlines for 2022/oct/31
2024-11-11 19:42:47,345 - INFO - Using User-Agent: Mozilla/5.0 (Windows NT 10.0; Win64; x64) AppleWebKit/537.36 (KHTML, like Gecko) Chrome/91.0.4472.124 Safari/537.36
2024-11-11 19:42:48,233 - INFO - Found 38 headlines for 2022/nov/01
2024-11-11 19:42:48,352 - INFO - Using User-Agent: Mozilla/5.0 (Macintosh; Intel Mac OS X 11_14) AppleWebKit/537.36 (KHTML, like Gecko) Chrome/109.0.5397.215 Safari/537.36
2024-11-11 19:42:49,316 - INFO - Found 38 headlines for 2022/nov/02
2024-11-11 19:42:49,696 - INFO - Using User-Agent: Mozilla/5.0 (Macintosh; Intel Mac OS X 11_14) AppleWebKit/537.36 (KHTML, like Gecko) Chrome/109.0.5397.215 Safari/537.36
2024-11-11 19:42:50,711 - INFO - Found 31 headlines for 2022/nov/03
2024-11-11 19:42:51,379 - INFO - Using User-Agent: Mozilla/5.0 (Macintosh; Intel Mac OS X 11_14) AppleWebKit/537.36 (KHTML, like Gecko) Chrome/109.0.5397.215 Safari/537.36
2024-11-11 19:42:52,332 - INFO - Found 39 headlines for 2022/nov/04
2024-11-11 19:42:52,655 - INFO - Using User-Agent: Mozilla/5.0 (Macintosh; Intel Mac OS X 10_10) AppleWebKit/537.36 (KHTML, like Gecko) Chrome/108.0.5361.172 Safari/537.36
2024-11-11 19:42:53,562 - INFO - Found 23 headlines for 2022/nov/05
2024-11-11 19:42:54,539 - INFO - Using User-Agent: Mozilla/5.0 (Macintosh; Intel Mac OS X 10_10) AppleWebKit/537.36 (KHTML, like Gecko) Chrome/108.0.5361.172 Safari/537.36
2024-11-11 19:42:55,371 - INFO - Found 18 headlines for 2022/nov/06
2024-11-11 19:42:56,081 - INFO - Using User-Agent: Mozilla/5.0 (Macintosh; Intel Mac OS X 10_15_7) AppleWebKit/605.1.15 (KHTML, like Gecko) Version/14.0.3 Safari/605.1.15
2024-11-11 19:42:57,097 - INFO - Found 33 headlines for 2022/nov/07
2024-11-11 19:42:57,800 - INFO - Using User-Agent: Mozilla/5.0 (Macintosh; Intel Mac OS X 11_14) AppleWebKit/537.36 (KHTML, like Gecko) Chrome/109.0.5397.215 Safari/537.36
2024-11-11 19:42:58,687 - INFO - Found 36 headlines for 2022/nov/08
2024-11-11 19:42:59,347 - INFO - Using User-Agent: Mozilla/5.0 (Windows NT 10.0; Win64; x64) AppleWebKit/537.36 (KHTML, like Gecko) Firefox/89.0
2024-11-11 19:43:00,167 - INFO - Found 28 headlines for 2022/nov/09
2024-11-11 19:43:00,909 - INFO - Using User-Agent: Mozilla/5.0 (Macintosh; Intel Mac OS X 10_10) AppleWebKit/537.36 (KHTML, like Gecko) Chrome/108.0.5361.172 Safari/537.36
2024-11-11 19:43:01,991 - INFO - Found 34 headlines for 2022/nov/10
2024-11-11 19:43:02,004 - INFO - Using User-Agent: Mozilla/5.0 (Macintosh; Intel Mac OS X 10_15_7) AppleWebKit/537.36 (KHTML, like Gecko) Chrome/108.0.0.0 Safari/537.36
2024-11-11 19:43:02,976 - INFO - Found 29 headlines for 2022/nov/11
2024-11-11 19:43:03,572 - INFO - Using User-Agent: Mozilla/5.0 (Macintosh; Intel Mac OS X 11_3) AppleWebKit/537.36 (KHTML, like Gecko) Chrome/109.0.5412.99 Safari/537.36
2024-11-11 19:43:04,672 - INFO - Found 23 headlines for 2022/nov/12
2024-11-11 19:43:05,110 - INFO - Using User-Agent: Mozilla/5.0 (Macintosh; Intel Mac OS X 10_10) AppleWebKit/537.36 (KHTML, like Gecko) Chrome/108.0.5361.172 Safari/537.36
2024-11-11 19:43:06,061 - INFO - Found 20 headlines for 2022/nov/13
2024-11-11 19:43:06,380 - INFO - Using User-Agent: Mozilla/5.0 (Macintosh; Intel Mac OS X 10_15_7) AppleWebKit/605.1.15 (KHTML, like Gecko) Version/14.0.3 Safari/605.1.15
2024-11-11 19:43:07,266 - INFO - Found 37 headlines for 2022/nov/14
2024-11-11 19:43:07,418 - INFO - Using User-Agent: Mozilla/5.0 (Macintosh; Intel Mac OS X 11_3) AppleWebKit/537.36 (KHTML, like Gecko) Chrome/109.0.5412.99 Safari/537.36
2024-11-11 19:43:08,267 - INFO - Found 36 headlines for 2022/nov/15
2024-11-11 19:43:08,309 - INFO - Using User-Agent: Mozilla/5.0 (Macintosh; Intel Mac OS X 10_10) AppleWebKit/537.36 (KHTML, like Gecko) Chrome/108.0.5361.172 Safari/537.36
2024-11-11 19:43:09,365 - INFO - Found 30 headlines for 2022/nov/16
2024-11-11 19:43:09,476 - INFO - Using User-Agent: Mozilla/5.0 (Windows NT 10.0; Win64; x64) AppleWebKit/537.36 (KHTML, like Gecko) Chrome/91.0.4472.124 Safari/537.36
2024-11-11 19:43:10,385 - INFO - Found 42 headlines for 2022/nov/17
2024-11-11 19:43:10,939 - INFO - Using User-Agent: Mozilla/5.0 (Macintosh; Intel Mac OS X 11_14) AppleWebKit/537.36 (KHTML, like Gecko) Chrome/109.0.5397.215 Safari/537.36
2024-11-11 19:43:11,780 - INFO - Found 33 headlines for 2022/nov/18
2024-11-11 19:43:12,047 - INFO - Using User-Agent: Mozilla/5.0 (Windows NT 10.0; Win64; x64) AppleWebKit/537.36 (KHTML, like Gecko) Firefox/89.0
2024-11-11 19:43:13,010 - INFO - Found 16 headlines for 2022/nov/19
2024-11-11 19:43:13,493 - INFO - Using User-Agent: Mozilla/5.0 (Windows NT 10.0; Win64; x64) AppleWebKit/537.36 (KHTML, like Gecko) Firefox/89.0
2024-11-11 19:43:14,318 - INFO - Found 17 headlines for 2022/nov/20
2024-11-11 19:43:14,618 - INFO - Using User-Agent: Mozilla/5.0 (Macintosh; Intel Mac OS X 10_15_7) AppleWebKit/537.36 (KHTML, like Gecko) Chrome/108.0.0.0 Safari/537.36
2024-11-11 19:43:15,719 - INFO - Found 28 headlines for 2022/nov/21
2024-11-11 19:43:16,272 - INFO - Using User-Agent: Mozilla/5.0 (Macintosh; Intel Mac OS X 11_14) AppleWebKit/537.36 (KHTML, like Gecko) Chrome/109.0.5397.215 Safari/537.36
2024-11-11 19:43:17,130 - INFO - Found 31 headlines for 2022/nov/22
2024-11-11 19:43:17,415 - INFO - Using User-Agent: Mozilla/5.0 (X11; Linux i686) AppleWebKit/537.36 (KHTML, like Gecko) Chrome/109.0.5388.177 Safari/537.36
2024-11-11 19:43:18,357 - INFO - Found 33 headlines for 2022/nov/23
2024-11-11 19:43:19,186 - INFO - Using User-Agent: Mozilla/5.0 (Macintosh; Intel Mac OS X 11_14) AppleWebKit/537.36 (KHTML, like Gecko) Chrome/109.0.5397.215 Safari/537.36
2024-11-11 19:43:20,200 - INFO - Found 37 headlines for 2022/nov/24
2024-11-11 19:43:20,543 - INFO - Using User-Agent: Mozilla/5.0 (Macintosh; Intel Mac OS X 10_10) AppleWebKit/537.36 (KHTML, like Gecko) Chrome/108.0.5361.172 Safari/537.36
2024-11-11 19:43:21,648 - INFO - Found 23 headlines for 2022/nov/25
2024-11-11 19:43:22,015 - INFO - Using User-Agent: Mozilla/5.0 (Macintosh; Intel Mac OS X 11_14) AppleWebKit/537.36 (KHTML, like Gecko) Chrome/109.0.5397.215 Safari/537.36
2024-11-11 19:43:22,812 - INFO - Found 19 headlines for 2022/nov/26
2024-11-11 19:43:23,328 - INFO - Using User-Agent: Mozilla/5.0 (Macintosh; Intel Mac OS X 11_3) AppleWebKit/537.36 (KHTML, like Gecko) Chrome/109.0.5412.99 Safari/537.36
2024-11-11 19:43:24,322 - INFO - Found 18 headlines for 2022/nov/27
2024-11-11 19:43:24,503 - INFO - Using User-Agent: Mozilla/5.0 (Macintosh; Intel Mac OS X 10_10) AppleWebKit/537.36 (KHTML, like Gecko) Chrome/108.0.5361.172 Safari/537.36
2024-11-11 19:43:25,515 - INFO - Found 34 headlines for 2022/nov/28
2024-11-11 19:43:26,471 - INFO - Using User-Agent: Mozilla/5.0 (Macintosh; Intel Mac OS X 10_10) AppleWebKit/537.36 (KHTML, like Gecko) Chrome/108.0.5361.172 Safari/537.36
2024-11-11 19:43:27,579 - INFO - Found 42 headlines for 2022/nov/29
2024-11-11 19:43:27,846 - INFO - Using User-Agent: Mozilla/5.0 (Macintosh; Intel Mac OS X 10_15_7) AppleWebKit/605.1.15 (KHTML, like Gecko) Version/14.0.3 Safari/605.1.15
2024-11-11 19:43:28,790 - INFO - Found 40 headlines for 2022/nov/30
2024-11-11 19:43:29,398 - INFO - Using User-Agent: Mozilla/5.0 (Windows NT 10.0; Win64; x64) AppleWebKit/537.36 (KHTML, like Gecko) Firefox/89.0
2024-11-11 19:43:30,250 - INFO - Found 29 headlines for 2022/dec/01
2024-11-11 19:43:30,638 - INFO - Using User-Agent: Mozilla/5.0 (Macintosh; Intel Mac OS X 11_14) AppleWebKit/537.36 (KHTML, like Gecko) Chrome/109.0.5397.215 Safari/537.36
2024-11-11 19:43:31,672 - INFO - Found 37 headlines for 2022/dec/02
2024-11-11 19:43:31,922 - INFO - Using User-Agent: Mozilla/5.0 (Macintosh; Intel Mac OS X 10_10) AppleWebKit/537.36 (KHTML, like Gecko) Chrome/108.0.5361.172 Safari/537.36
2024-11-11 19:43:32,873 - INFO - Found 13 headlines for 2022/dec/03
2024-11-11 19:43:33,217 - INFO - Using User-Agent: Mozilla/5.0 (Macintosh; Intel Mac OS X 11_3) AppleWebKit/537.36 (KHTML, like Gecko) Chrome/109.0.5412.99 Safari/537.36
2024-11-11 19:43:34,109 - INFO - Found 25 headlines for 2022/dec/04
2024-11-11 19:43:34,686 - INFO - Using User-Agent: Mozilla/5.0 (Macintosh; Intel Mac OS X 10_10) AppleWebKit/537.36 (KHTML, like Gecko) Chrome/108.0.5361.172 Safari/537.36
2024-11-11 19:43:35,528 - INFO - Found 32 headlines for 2022/dec/05
2024-11-11 19:43:35,763 - INFO - Using User-Agent: Mozilla/5.0 (Macintosh; Intel Mac OS X 10_15_7) AppleWebKit/605.1.15 (KHTML, like Gecko) Version/14.0.3 Safari/605.1.15
2024-11-11 19:43:36,769 - INFO - Found 31 headlines for 2022/dec/06
2024-11-11 19:43:37,301 - INFO - Using User-Agent: Mozilla/5.0 (Windows NT 10.0; Win64; x64) AppleWebKit/537.36 (KHTML, like Gecko) Firefox/89.0
2024-11-11 19:43:38,196 - INFO - Found 35 headlines for 2022/dec/07
2024-11-11 19:43:38,899 - INFO - Using User-Agent: Mozilla/5.0 (X11; Linux i686) AppleWebKit/537.36 (KHTML, like Gecko) Chrome/109.0.5388.177 Safari/537.36
2024-11-11 19:43:39,739 - INFO - Found 40 headlines for 2022/dec/08
2024-11-11 19:43:40,119 - INFO - Using User-Agent: Mozilla/5.0 (X11; Linux i686) AppleWebKit/537.36 (KHTML, like Gecko) Chrome/109.0.5388.177 Safari/537.36
2024-11-11 19:43:41,075 - INFO - Found 34 headlines for 2022/dec/09
2024-11-11 19:43:42,024 - INFO - Using User-Agent: Mozilla/5.0 (Macintosh; Intel Mac OS X 10_10) AppleWebKit/537.36 (KHTML, like Gecko) Chrome/108.0.5361.172 Safari/537.36
2024-11-11 19:43:42,926 - INFO - Found 20 headlines for 2022/dec/10
2024-11-11 19:43:43,868 - INFO - Using User-Agent: Mozilla/5.0 (Windows NT 10.0; Win64; x64) AppleWebKit/537.36 (KHTML, like Gecko) Chrome/91.0.4472.124 Safari/537.36
2024-11-11 19:43:44,753 - INFO - Found 20 headlines for 2022/dec/11
2024-11-11 19:43:45,487 - INFO - Using User-Agent: Mozilla/5.0 (Windows NT 10.0; Win64; x64) AppleWebKit/537.36 (KHTML, like Gecko) Chrome/91.0.4472.124 Safari/537.36
2024-11-11 19:43:46,382 - INFO - Found 28 headlines for 2022/dec/12
2024-11-11 19:43:46,813 - INFO - Using User-Agent: Mozilla/5.0 (Macintosh; Intel Mac OS X 10_10) AppleWebKit/537.36 (KHTML, like Gecko) Chrome/108.0.5361.172 Safari/537.36
2024-11-11 19:43:47,617 - INFO - Found 33 headlines for 2022/dec/13
2024-11-11 19:43:48,161 - INFO - Using User-Agent: Mozilla/5.0 (Macintosh; Intel Mac OS X 10_15_7) AppleWebKit/537.36 (KHTML, like Gecko) Chrome/108.0.0.0 Safari/537.36
2024-11-11 19:43:49,047 - INFO - Found 26 headlines for 2022/dec/14
2024-11-11 19:43:49,435 - INFO - Using User-Agent: Mozilla/5.0 (X11; Linux i686) AppleWebKit/537.36 (KHTML, like Gecko) Chrome/109.0.5388.177 Safari/537.36
2024-11-11 19:43:50,376 - INFO - Found 30 headlines for 2022/dec/15
2024-11-11 19:43:51,243 - INFO - Using User-Agent: Mozilla/5.0 (Windows NT 10.0; Win64; x64) AppleWebKit/537.36 (KHTML, like Gecko) Firefox/89.0
2024-11-11 19:43:52,116 - INFO - Found 30 headlines for 2022/dec/16
2024-11-11 19:43:52,438 - INFO - Using User-Agent: Mozilla/5.0 (Windows NT 10.0; Win64; x64) AppleWebKit/537.36 (KHTML, like Gecko) Firefox/89.0
2024-11-11 19:43:53,343 - INFO - Found 17 headlines for 2022/dec/17
2024-11-11 19:43:54,073 - INFO - Using User-Agent: Mozilla/5.0 (Macintosh; Intel Mac OS X 10_15_7) AppleWebKit/605.1.15 (KHTML, like Gecko) Version/14.0.3 Safari/605.1.15
2024-11-11 19:43:54,989 - INFO - Found 28 headlines for 2022/dec/18
2024-11-11 19:43:55,838 - INFO - Using User-Agent: Mozilla/5.0 (Macintosh; Intel Mac OS X 11_3) AppleWebKit/537.36 (KHTML, like Gecko) Chrome/109.0.5412.99 Safari/537.36
2024-11-11 19:43:56,872 - INFO - Found 31 headlines for 2022/dec/19
2024-11-11 19:43:57,574 - INFO - Using User-Agent: Mozilla/5.0 (Macintosh; Intel Mac OS X 10_10) AppleWebKit/537.36 (KHTML, like Gecko) Chrome/108.0.5361.172 Safari/537.36
2024-11-11 19:43:58,507 - INFO - Found 32 headlines for 2022/dec/20
2024-11-11 19:43:59,004 - INFO - Using User-Agent: Mozilla/5.0 (Macintosh; Intel Mac OS X 10_15_7) AppleWebKit/537.36 (KHTML, like Gecko) Chrome/108.0.0.0 Safari/537.36
2024-11-11 19:43:59,937 - INFO - Found 29 headlines for 2022/dec/21
2024-11-11 19:44:00,097 - INFO - Using User-Agent: Mozilla/5.0 (Macintosh; Intel Mac OS X 11_14) AppleWebKit/537.36 (KHTML, like Gecko) Chrome/109.0.5397.215 Safari/537.36
2024-11-11 19:44:01,183 - INFO - Found 36 headlines for 2022/dec/22
2024-11-11 19:44:01,793 - INFO - Using User-Agent: Mozilla/5.0 (Macintosh; Intel Mac OS X 10_10) AppleWebKit/537.36 (KHTML, like Gecko) Chrome/108.0.5361.172 Safari/537.36
2024-11-11 19:44:02,781 - INFO - Found 23 headlines for 2022/dec/23
2024-11-11 19:44:03,626 - INFO - Using User-Agent: Mozilla/5.0 (Macintosh; Intel Mac OS X 10_15_7) AppleWebKit/537.36 (KHTML, like Gecko) Chrome/108.0.0.0 Safari/537.36
2024-11-11 19:44:04,384 - INFO - Found 15 headlines for 2022/dec/24
2024-11-11 19:44:04,648 - INFO - Using User-Agent: Mozilla/5.0 (Macintosh; Intel Mac OS X 11_14) AppleWebKit/537.36 (KHTML, like Gecko) Chrome/109.0.5397.215 Safari/537.36
2024-11-11 19:44:05,426 - INFO - Found 16 headlines for 2022/dec/25
2024-11-11 19:44:05,530 - INFO - Using User-Agent: Mozilla/5.0 (Windows NT 10.0; Win64; x64) AppleWebKit/537.36 (KHTML, like Gecko) Firefox/89.0
2024-11-11 19:44:06,477 - INFO - Found 22 headlines for 2022/dec/26
2024-11-11 19:44:06,899 - INFO - Using User-Agent: Mozilla/5.0 (X11; Linux i686) AppleWebKit/537.36 (KHTML, like Gecko) Chrome/109.0.5388.177 Safari/537.36
2024-11-11 19:44:07,905 - INFO - Found 23 headlines for 2022/dec/27
2024-11-11 19:44:08,065 - INFO - Using User-Agent: Mozilla/5.0 (Windows NT 10.0; Win64; x64) AppleWebKit/537.36 (KHTML, like Gecko) Chrome/91.0.4472.124 Safari/537.36
2024-11-11 19:44:09,168 - INFO - Found 28 headlines for 2022/dec/28
2024-11-11 19:44:09,931 - INFO - Using User-Agent: Mozilla/5.0 (X11; Linux i686) AppleWebKit/537.36 (KHTML, like Gecko) Chrome/109.0.5388.177 Safari/537.36
2024-11-11 19:44:10,972 - INFO - Found 31 headlines for 2022/dec/29
2024-11-11 19:44:11,895 - INFO - Using User-Agent: Mozilla/5.0 (Windows NT 10.0; Win64; x64) AppleWebKit/537.36 (KHTML, like Gecko) Firefox/89.0
2024-11-11 19:44:12,778 - INFO - Found 34 headlines for 2022/dec/30
2024-11-11 19:44:13,242 - INFO - Using User-Agent: Mozilla/5.0 (Macintosh; Intel Mac OS X 11_3) AppleWebKit/537.36 (KHTML, like Gecko) Chrome/109.0.5412.99 Safari/537.36
2024-11-11 19:44:14,240 - INFO - Found 25 headlines for 2022/dec/31
2024-11-11 19:44:14,343 - INFO - Using User-Agent: Mozilla/5.0 (Macintosh; Intel Mac OS X 11_3) AppleWebKit/537.36 (KHTML, like Gecko) Chrome/109.0.5412.99 Safari/537.36
2024-11-11 19:44:15,512 - INFO - Found 23 headlines for 2023/jan/01
2024-11-11 19:44:16,249 - INFO - Using User-Agent: Mozilla/5.0 (X11; Linux i686) AppleWebKit/537.36 (KHTML, like Gecko) Chrome/109.0.5388.177 Safari/537.36
2024-11-11 19:44:17,106 - INFO - Found 26 headlines for 2023/jan/02
2024-11-11 19:44:17,383 - INFO - Using User-Agent: Mozilla/5.0 (Macintosh; Intel Mac OS X 10_15_7) AppleWebKit/605.1.15 (KHTML, like Gecko) Version/14.0.3 Safari/605.1.15
2024-11-11 19:44:18,364 - INFO - Found 28 headlines for 2023/jan/03
2024-11-11 19:44:18,406 - INFO - Using User-Agent: Mozilla/5.0 (Macintosh; Intel Mac OS X 11_14) AppleWebKit/537.36 (KHTML, like Gecko) Chrome/109.0.5397.215 Safari/537.36
2024-11-11 19:44:19,401 - INFO - Found 28 headlines for 2023/jan/04
2024-11-11 19:44:20,068 - INFO - Using User-Agent: Mozilla/5.0 (Macintosh; Intel Mac OS X 10_15_7) AppleWebKit/537.36 (KHTML, like Gecko) Chrome/108.0.0.0 Safari/537.36
2024-11-11 19:44:21,037 - INFO - Found 27 headlines for 2023/jan/05
2024-11-11 19:44:21,303 - INFO - Using User-Agent: Mozilla/5.0 (Windows NT 10.0; Win64; x64) AppleWebKit/537.36 (KHTML, like Gecko) Chrome/91.0.4472.124 Safari/537.36
2024-11-11 19:44:22,069 - INFO - Found 26 headlines for 2023/jan/06
2024-11-11 19:44:22,751 - INFO - Using User-Agent: Mozilla/5.0 (Macintosh; Intel Mac OS X 11_14) AppleWebKit/537.36 (KHTML, like Gecko) Chrome/109.0.5397.215 Safari/537.36
2024-11-11 19:44:23,528 - INFO - Found 16 headlines for 2023/jan/07
2024-11-11 19:44:23,809 - INFO - Using User-Agent: Mozilla/5.0 (X11; Linux i686) AppleWebKit/537.36 (KHTML, like Gecko) Chrome/109.0.5388.177 Safari/537.36
2024-11-11 19:44:24,703 - INFO - Found 19 headlines for 2023/jan/08
2024-11-11 19:44:24,997 - INFO - Using User-Agent: Mozilla/5.0 (Macintosh; Intel Mac OS X 10_15_7) AppleWebKit/605.1.15 (KHTML, like Gecko) Version/14.0.3 Safari/605.1.15
2024-11-11 19:44:25,962 - INFO - Found 35 headlines for 2023/jan/09
2024-11-11 19:44:26,186 - INFO - Using User-Agent: Mozilla/5.0 (Windows NT 10.0; Win64; x64) AppleWebKit/537.36 (KHTML, like Gecko) Chrome/91.0.4472.124 Safari/537.36
2024-11-11 19:44:27,165 - INFO - Found 41 headlines for 2023/jan/10
2024-11-11 19:44:28,013 - INFO - Using User-Agent: Mozilla/5.0 (Macintosh; Intel Mac OS X 11_14) AppleWebKit/537.36 (KHTML, like Gecko) Chrome/109.0.5397.215 Safari/537.36
2024-11-11 19:44:29,014 - INFO - Found 29 headlines for 2023/jan/11
2024-11-11 19:44:29,185 - INFO - Using User-Agent: Mozilla/5.0 (Macintosh; Intel Mac OS X 11_3) AppleWebKit/537.36 (KHTML, like Gecko) Chrome/109.0.5412.99 Safari/537.36
2024-11-11 19:44:30,019 - INFO - Found 31 headlines for 2023/jan/12
2024-11-11 19:44:30,374 - INFO - Using User-Agent: Mozilla/5.0 (Macintosh; Intel Mac OS X 11_14) AppleWebKit/537.36 (KHTML, like Gecko) Chrome/109.0.5397.215 Safari/537.36
2024-11-11 19:44:31,176 - INFO - Found 25 headlines for 2023/jan/13
2024-11-11 19:44:31,563 - INFO - Using User-Agent: Mozilla/5.0 (X11; Linux i686) AppleWebKit/537.36 (KHTML, like Gecko) Chrome/109.0.5388.177 Safari/537.36
2024-11-11 19:44:32,460 - INFO - Found 25 headlines for 2023/jan/14
2024-11-11 19:44:33,167 - INFO - Using User-Agent: Mozilla/5.0 (Macintosh; Intel Mac OS X 10_15_7) AppleWebKit/537.36 (KHTML, like Gecko) Chrome/108.0.0.0 Safari/537.36
2024-11-11 19:44:34,156 - INFO - Found 27 headlines for 2023/jan/15
2024-11-11 19:44:35,119 - INFO - Using User-Agent: Mozilla/5.0 (X11; Linux i686) AppleWebKit/537.36 (KHTML, like Gecko) Chrome/109.0.5388.177 Safari/537.36
2024-11-11 19:44:36,175 - INFO - Found 35 headlines for 2023/jan/16
2024-11-11 19:44:36,611 - INFO - Using User-Agent: Mozilla/5.0 (Macintosh; Intel Mac OS X 11_14) AppleWebKit/537.36 (KHTML, like Gecko) Chrome/109.0.5397.215 Safari/537.36
2024-11-11 19:44:37,422 - INFO - Found 35 headlines for 2023/jan/17
2024-11-11 19:44:37,701 - INFO - Using User-Agent: Mozilla/5.0 (Macintosh; Intel Mac OS X 10_15_7) AppleWebKit/537.36 (KHTML, like Gecko) Chrome/108.0.0.0 Safari/537.36
2024-11-11 19:44:38,559 - INFO - Found 37 headlines for 2023/jan/18
2024-11-11 19:44:39,074 - INFO - Using User-Agent: Mozilla/5.0 (Macintosh; Intel Mac OS X 11_14) AppleWebKit/537.36 (KHTML, like Gecko) Chrome/109.0.5397.215 Safari/537.36
2024-11-11 19:44:40,134 - INFO - Found 37 headlines for 2023/jan/19
2024-11-11 19:44:41,141 - INFO - Using User-Agent: Mozilla/5.0 (Windows NT 10.0; Win64; x64) AppleWebKit/537.36 (KHTML, like Gecko) Firefox/89.0
2024-11-11 19:44:42,125 - INFO - Found 35 headlines for 2023/jan/20
2024-11-11 19:44:42,540 - INFO - Using User-Agent: Mozilla/5.0 (Windows NT 10.0; Win64; x64) AppleWebKit/537.36 (KHTML, like Gecko) Chrome/91.0.4472.124 Safari/537.36
2024-11-11 19:44:43,400 - INFO - Found 20 headlines for 2023/jan/21
2024-11-11 19:44:43,694 - INFO - Using User-Agent: Mozilla/5.0 (Macintosh; Intel Mac OS X 10_15_7) AppleWebKit/537.36 (KHTML, like Gecko) Chrome/108.0.0.0 Safari/537.36
2024-11-11 19:44:44,549 - INFO - Found 27 headlines for 2023/jan/22
2024-11-11 19:44:45,179 - INFO - Using User-Agent: Mozilla/5.0 (Macintosh; Intel Mac OS X 10_15_7) AppleWebKit/537.36 (KHTML, like Gecko) Chrome/108.0.0.0 Safari/537.36
2024-11-11 19:44:46,264 - INFO - Found 26 headlines for 2023/jan/23
2024-11-11 19:44:46,779 - INFO - Using User-Agent: Mozilla/5.0 (Macintosh; Intel Mac OS X 10_15_7) AppleWebKit/605.1.15 (KHTML, like Gecko) Version/14.0.3 Safari/605.1.15
2024-11-11 19:44:47,868 - INFO - Found 29 headlines for 2023/jan/24
2024-11-11 19:44:47,912 - INFO - Using User-Agent: Mozilla/5.0 (Macintosh; Intel Mac OS X 11_3) AppleWebKit/537.36 (KHTML, like Gecko) Chrome/109.0.5412.99 Safari/537.36
2024-11-11 19:44:49,090 - INFO - Found 38 headlines for 2023/jan/25
2024-11-11 19:44:49,939 - INFO - Using User-Agent: Mozilla/5.0 (Macintosh; Intel Mac OS X 10_10) AppleWebKit/537.36 (KHTML, like Gecko) Chrome/108.0.5361.172 Safari/537.36
2024-11-11 19:44:50,923 - INFO - Found 32 headlines for 2023/jan/26
2024-11-11 19:44:51,861 - INFO - Using User-Agent: Mozilla/5.0 (Windows NT 10.0; Win64; x64) AppleWebKit/537.36 (KHTML, like Gecko) Firefox/89.0
2024-11-11 19:44:52,653 - INFO - Found 34 headlines for 2023/jan/27
2024-11-11 19:44:52,965 - INFO - Using User-Agent: Mozilla/5.0 (Windows NT 10.0; Win64; x64) AppleWebKit/537.36 (KHTML, like Gecko) Chrome/91.0.4472.124 Safari/537.36
2024-11-11 19:44:53,787 - INFO - Found 13 headlines for 2023/jan/28
2024-11-11 19:44:54,554 - INFO - Using User-Agent: Mozilla/5.0 (Macintosh; Intel Mac OS X 10_15_7) AppleWebKit/605.1.15 (KHTML, like Gecko) Version/14.0.3 Safari/605.1.15
2024-11-11 19:44:55,389 - INFO - Found 19 headlines for 2023/jan/29
2024-11-11 19:44:56,275 - INFO - Using User-Agent: Mozilla/5.0 (X11; Linux i686) AppleWebKit/537.36 (KHTML, like Gecko) Chrome/109.0.5388.177 Safari/537.36
2024-11-11 19:44:57,318 - INFO - Found 32 headlines for 2023/jan/30
2024-11-11 19:44:58,063 - INFO - Using User-Agent: Mozilla/5.0 (Windows NT 10.0; Win64; x64) AppleWebKit/537.36 (KHTML, like Gecko) Chrome/91.0.4472.124 Safari/537.36
2024-11-11 19:44:58,921 - INFO - Found 30 headlines for 2023/jan/31
2024-11-11 19:44:59,808 - INFO - Using User-Agent: Mozilla/5.0 (Macintosh; Intel Mac OS X 10_10) AppleWebKit/537.36 (KHTML, like Gecko) Chrome/108.0.5361.172 Safari/537.36
2024-11-11 19:45:00,727 - INFO - Found 24 headlines for 2023/feb/01
2024-11-11 19:45:01,158 - INFO - Using User-Agent: Mozilla/5.0 (Macintosh; Intel Mac OS X 10_15_7) AppleWebKit/605.1.15 (KHTML, like Gecko) Version/14.0.3 Safari/605.1.15
2024-11-11 19:45:02,197 - INFO - Found 34 headlines for 2023/feb/02
2024-11-11 19:45:02,730 - INFO - Using User-Agent: Mozilla/5.0 (X11; Linux i686) AppleWebKit/537.36 (KHTML, like Gecko) Chrome/109.0.5388.177 Safari/537.36
2024-11-11 19:45:03,847 - INFO - Found 25 headlines for 2023/feb/03
2024-11-11 19:45:03,988 - INFO - Using User-Agent: Mozilla/5.0 (Macintosh; Intel Mac OS X 10_15_7) AppleWebKit/605.1.15 (KHTML, like Gecko) Version/14.0.3 Safari/605.1.15
2024-11-11 19:45:04,868 - INFO - Found 19 headlines for 2023/feb/04
2024-11-11 19:45:05,133 - INFO - Using User-Agent: Mozilla/5.0 (Macintosh; Intel Mac OS X 10_15_7) AppleWebKit/605.1.15 (KHTML, like Gecko) Version/14.0.3 Safari/605.1.15
2024-11-11 19:45:06,076 - INFO - Found 27 headlines for 2023/feb/05
2024-11-11 19:45:07,032 - INFO - Using User-Agent: Mozilla/5.0 (Macintosh; Intel Mac OS X 11_3) AppleWebKit/537.36 (KHTML, like Gecko) Chrome/109.0.5412.99 Safari/537.36
2024-11-11 19:45:07,905 - INFO - Found 43 headlines for 2023/feb/06
2024-11-11 19:45:08,555 - INFO - Using User-Agent: Mozilla/5.0 (Windows NT 10.0; Win64; x64) AppleWebKit/537.36 (KHTML, like Gecko) Chrome/91.0.4472.124 Safari/537.36
2024-11-11 19:45:09,595 - INFO - Found 46 headlines for 2023/feb/07
2024-11-11 19:45:10,242 - INFO - Using User-Agent: Mozilla/5.0 (Macintosh; Intel Mac OS X 11_3) AppleWebKit/537.36 (KHTML, like Gecko) Chrome/109.0.5412.99 Safari/537.36
2024-11-11 19:45:11,139 - INFO - Found 46 headlines for 2023/feb/08
2024-11-11 19:45:11,813 - INFO - Using User-Agent: Mozilla/5.0 (Macintosh; Intel Mac OS X 10_15_7) AppleWebKit/537.36 (KHTML, like Gecko) Chrome/108.0.0.0 Safari/537.36
2024-11-11 19:45:12,829 - INFO - Found 37 headlines for 2023/feb/09
2024-11-11 19:45:13,713 - INFO - Using User-Agent: Mozilla/5.0 (Macintosh; Intel Mac OS X 11_14) AppleWebKit/537.36 (KHTML, like Gecko) Chrome/109.0.5397.215 Safari/537.36
2024-11-11 19:45:14,719 - INFO - Found 40 headlines for 2023/feb/10
2024-11-11 19:45:14,921 - INFO - Using User-Agent: Mozilla/5.0 (Macintosh; Intel Mac OS X 10_15_7) AppleWebKit/537.36 (KHTML, like Gecko) Chrome/108.0.0.0 Safari/537.36
2024-11-11 19:45:15,894 - INFO - Found 22 headlines for 2023/feb/11
2024-11-11 19:45:16,793 - INFO - Using User-Agent: Mozilla/5.0 (Macintosh; Intel Mac OS X 10_10) AppleWebKit/537.36 (KHTML, like Gecko) Chrome/108.0.5361.172 Safari/537.36
2024-11-11 19:45:17,738 - INFO - Found 20 headlines for 2023/feb/12
2024-11-11 19:45:18,269 - INFO - Using User-Agent: Mozilla/5.0 (Windows NT 10.0; Win64; x64) AppleWebKit/537.36 (KHTML, like Gecko) Chrome/91.0.4472.124 Safari/537.36
2024-11-11 19:45:19,364 - INFO - Found 36 headlines for 2023/feb/13
2024-11-11 19:45:19,367 - INFO - Using User-Agent: Mozilla/5.0 (Macintosh; Intel Mac OS X 10_15_7) AppleWebKit/537.36 (KHTML, like Gecko) Chrome/108.0.0.0 Safari/537.36
2024-11-11 19:45:20,766 - INFO - Found 36 headlines for 2023/feb/14
2024-11-11 19:45:21,209 - INFO - Using User-Agent: Mozilla/5.0 (Macintosh; Intel Mac OS X 11_14) AppleWebKit/537.36 (KHTML, like Gecko) Chrome/109.0.5397.215 Safari/537.36
2024-11-11 19:45:22,510 - INFO - Found 38 headlines for 2023/feb/15
2024-11-11 19:45:23,471 - INFO - Using User-Agent: Mozilla/5.0 (Windows NT 10.0; Win64; x64) AppleWebKit/537.36 (KHTML, like Gecko) Firefox/89.0
2024-11-11 19:45:25,631 - INFO - Found 25 headlines for 2023/feb/16
2024-11-11 19:45:25,707 - INFO - Using User-Agent: Mozilla/5.0 (Windows NT 10.0; Win64; x64) AppleWebKit/537.36 (KHTML, like Gecko) Firefox/89.0
2024-11-11 19:45:26,510 - INFO - Found 44 headlines for 2023/feb/17
2024-11-11 19:45:27,169 - INFO - Using User-Agent: Mozilla/5.0 (Windows NT 10.0; Win64; x64) AppleWebKit/537.36 (KHTML, like Gecko) Firefox/89.0
2024-11-11 19:45:28,199 - INFO - Found 26 headlines for 2023/feb/18
2024-11-11 19:45:29,172 - INFO - Using User-Agent: Mozilla/5.0 (X11; Linux i686) AppleWebKit/537.36 (KHTML, like Gecko) Chrome/109.0.5388.177 Safari/537.36
2024-11-11 19:45:29,998 - INFO - Found 20 headlines for 2023/feb/19
2024-11-11 19:45:30,145 - INFO - Using User-Agent: Mozilla/5.0 (Macintosh; Intel Mac OS X 11_3) AppleWebKit/537.36 (KHTML, like Gecko) Chrome/109.0.5412.99 Safari/537.36
2024-11-11 19:45:31,342 - INFO - Found 32 headlines for 2023/feb/20
2024-11-11 19:45:31,954 - INFO - Using User-Agent: Mozilla/5.0 (Windows NT 10.0; Win64; x64) AppleWebKit/537.36 (KHTML, like Gecko) Chrome/91.0.4472.124 Safari/537.36
2024-11-11 19:45:32,831 - INFO - Found 38 headlines for 2023/feb/21
2024-11-11 19:45:33,323 - INFO - Using User-Agent: Mozilla/5.0 (Macintosh; Intel Mac OS X 11_3) AppleWebKit/537.36 (KHTML, like Gecko) Chrome/109.0.5412.99 Safari/537.36
2024-11-11 19:45:34,343 - INFO - Found 34 headlines for 2023/feb/22
2024-11-11 19:45:35,244 - INFO - Using User-Agent: Mozilla/5.0 (Windows NT 10.0; Win64; x64) AppleWebKit/537.36 (KHTML, like Gecko) Firefox/89.0
2024-11-11 19:45:36,057 - INFO - Found 35 headlines for 2023/feb/23
2024-11-11 19:45:36,233 - INFO - Using User-Agent: Mozilla/5.0 (Macintosh; Intel Mac OS X 10_10) AppleWebKit/537.36 (KHTML, like Gecko) Chrome/108.0.5361.172 Safari/537.36
2024-11-11 19:45:37,266 - INFO - Found 40 headlines for 2023/feb/24
2024-11-11 19:45:38,181 - INFO - Using User-Agent: Mozilla/5.0 (X11; Linux i686) AppleWebKit/537.36 (KHTML, like Gecko) Chrome/109.0.5388.177 Safari/537.36
2024-11-11 19:45:39,049 - INFO - Found 19 headlines for 2023/feb/25
2024-11-11 19:45:39,478 - INFO - Using User-Agent: Mozilla/5.0 (Macintosh; Intel Mac OS X 11_3) AppleWebKit/537.36 (KHTML, like Gecko) Chrome/109.0.5412.99 Safari/537.36
2024-11-11 19:45:40,352 - INFO - Found 20 headlines for 2023/feb/26
2024-11-11 19:45:40,899 - INFO - Using User-Agent: Mozilla/5.0 (Macintosh; Intel Mac OS X 10_15_7) AppleWebKit/605.1.15 (KHTML, like Gecko) Version/14.0.3 Safari/605.1.15
2024-11-11 19:45:41,829 - INFO - Found 34 headlines for 2023/feb/27
2024-11-11 19:45:42,096 - INFO - Using User-Agent: Mozilla/5.0 (Macintosh; Intel Mac OS X 10_15_7) AppleWebKit/537.36 (KHTML, like Gecko) Chrome/108.0.0.0 Safari/537.36
2024-11-11 19:45:43,193 - INFO - Found 21 headlines for 2023/feb/28
2024-11-11 19:45:43,876 - INFO - Using User-Agent: Mozilla/5.0 (X11; Linux i686) AppleWebKit/537.36 (KHTML, like Gecko) Chrome/109.0.5388.177 Safari/537.36
2024-11-11 19:45:44,791 - INFO - Found 30 headlines for 2023/mar/01
2024-11-11 19:45:44,930 - INFO - Using User-Agent: Mozilla/5.0 (X11; Linux i686) AppleWebKit/537.36 (KHTML, like Gecko) Chrome/109.0.5388.177 Safari/537.36
2024-11-11 19:45:45,805 - INFO - Found 34 headlines for 2023/mar/02
2024-11-11 19:45:46,365 - INFO - Using User-Agent: Mozilla/5.0 (Windows NT 10.0; Win64; x64) AppleWebKit/537.36 (KHTML, like Gecko) Chrome/91.0.4472.124 Safari/537.36
2024-11-11 19:45:47,205 - INFO - Found 25 headlines for 2023/mar/03
2024-11-11 19:45:47,314 - INFO - Using User-Agent: Mozilla/5.0 (Macintosh; Intel Mac OS X 10_10) AppleWebKit/537.36 (KHTML, like Gecko) Chrome/108.0.5361.172 Safari/537.36
2024-11-11 19:45:48,269 - INFO - Found 21 headlines for 2023/mar/04
2024-11-11 19:45:49,052 - INFO - Using User-Agent: Mozilla/5.0 (Macintosh; Intel Mac OS X 11_14) AppleWebKit/537.36 (KHTML, like Gecko) Chrome/109.0.5397.215 Safari/537.36
2024-11-11 19:45:49,902 - INFO - Found 22 headlines for 2023/mar/05
2024-11-11 19:45:50,173 - INFO - Using User-Agent: Mozilla/5.0 (Macintosh; Intel Mac OS X 10_10) AppleWebKit/537.36 (KHTML, like Gecko) Chrome/108.0.5361.172 Safari/537.36
2024-11-11 19:45:51,187 - INFO - Found 36 headlines for 2023/mar/06
2024-11-11 19:45:51,849 - INFO - Using User-Agent: Mozilla/5.0 (Macintosh; Intel Mac OS X 11_14) AppleWebKit/537.36 (KHTML, like Gecko) Chrome/109.0.5397.215 Safari/537.36
2024-11-11 19:45:52,878 - INFO - Found 37 headlines for 2023/mar/07
2024-11-11 19:45:52,882 - INFO - Using User-Agent: Mozilla/5.0 (Macintosh; Intel Mac OS X 11_14) AppleWebKit/537.36 (KHTML, like Gecko) Chrome/109.0.5397.215 Safari/537.36
2024-11-11 19:45:53,795 - INFO - Found 38 headlines for 2023/mar/08
2024-11-11 19:45:54,372 - INFO - Using User-Agent: Mozilla/5.0 (Macintosh; Intel Mac OS X 10_15_7) AppleWebKit/537.36 (KHTML, like Gecko) Chrome/108.0.0.0 Safari/537.36
2024-11-11 19:45:55,247 - INFO - Found 42 headlines for 2023/mar/09
2024-11-11 19:45:55,786 - INFO - Using User-Agent: Mozilla/5.0 (Macintosh; Intel Mac OS X 10_15_7) AppleWebKit/605.1.15 (KHTML, like Gecko) Version/14.0.3 Safari/605.1.15
2024-11-11 19:45:56,637 - INFO - Found 29 headlines for 2023/mar/10
2024-11-11 19:45:56,754 - INFO - Using User-Agent: Mozilla/5.0 (Macintosh; Intel Mac OS X 10_15_7) AppleWebKit/537.36 (KHTML, like Gecko) Chrome/108.0.0.0 Safari/537.36
2024-11-11 19:45:57,514 - INFO - Found 13 headlines for 2023/mar/11
2024-11-11 19:45:58,171 - INFO - Using User-Agent: Mozilla/5.0 (Macintosh; Intel Mac OS X 11_3) AppleWebKit/537.36 (KHTML, like Gecko) Chrome/109.0.5412.99 Safari/537.36
2024-11-11 19:45:59,114 - INFO - Found 16 headlines for 2023/mar/12
2024-11-11 19:45:59,840 - INFO - Using User-Agent: Mozilla/5.0 (Macintosh; Intel Mac OS X 10_10) AppleWebKit/537.36 (KHTML, like Gecko) Chrome/108.0.5361.172 Safari/537.36
2024-11-11 19:46:00,671 - INFO - Found 30 headlines for 2023/mar/13
2024-11-11 19:46:00,728 - INFO - Using User-Agent: Mozilla/5.0 (X11; Linux i686) AppleWebKit/537.36 (KHTML, like Gecko) Chrome/109.0.5388.177 Safari/537.36
2024-11-11 19:46:01,817 - INFO - Found 36 headlines for 2023/mar/14
2024-11-11 19:46:02,458 - INFO - Using User-Agent: Mozilla/5.0 (Windows NT 10.0; Win64; x64) AppleWebKit/537.36 (KHTML, like Gecko) Chrome/91.0.4472.124 Safari/537.36
2024-11-11 19:46:03,420 - INFO - Found 29 headlines for 2023/mar/15
2024-11-11 19:46:04,258 - INFO - Using User-Agent: Mozilla/5.0 (Macintosh; Intel Mac OS X 11_14) AppleWebKit/537.36 (KHTML, like Gecko) Chrome/109.0.5397.215 Safari/537.36
2024-11-11 19:46:05,424 - INFO - Found 33 headlines for 2023/mar/16
2024-11-11 19:46:05,805 - INFO - Using User-Agent: Mozilla/5.0 (Windows NT 10.0; Win64; x64) AppleWebKit/537.36 (KHTML, like Gecko) Chrome/91.0.4472.124 Safari/537.36
2024-11-11 19:46:06,719 - INFO - Found 43 headlines for 2023/mar/17
2024-11-11 19:46:07,479 - INFO - Using User-Agent: Mozilla/5.0 (Macintosh; Intel Mac OS X 10_15_7) AppleWebKit/537.36 (KHTML, like Gecko) Chrome/108.0.0.0 Safari/537.36
2024-11-11 19:46:08,523 - INFO - Found 18 headlines for 2023/mar/18
2024-11-11 19:46:09,289 - INFO - Using User-Agent: Mozilla/5.0 (Macintosh; Intel Mac OS X 10_15_7) AppleWebKit/537.36 (KHTML, like Gecko) Chrome/108.0.0.0 Safari/537.36
2024-11-11 19:46:10,367 - INFO - Found 18 headlines for 2023/mar/19
2024-11-11 19:46:10,868 - INFO - Using User-Agent: Mozilla/5.0 (Macintosh; Intel Mac OS X 10_15_7) AppleWebKit/605.1.15 (KHTML, like Gecko) Version/14.0.3 Safari/605.1.15
2024-11-11 19:46:11,805 - INFO - Found 37 headlines for 2023/mar/20
2024-11-11 19:46:12,257 - INFO - Using User-Agent: Mozilla/5.0 (Macintosh; Intel Mac OS X 10_15_7) AppleWebKit/605.1.15 (KHTML, like Gecko) Version/14.0.3 Safari/605.1.15
2024-11-11 19:46:13,238 - INFO - Found 39 headlines for 2023/mar/21
2024-11-11 19:46:13,947 - INFO - Using User-Agent: Mozilla/5.0 (Macintosh; Intel Mac OS X 10_15_7) AppleWebKit/537.36 (KHTML, like Gecko) Chrome/108.0.0.0 Safari/537.36
2024-11-11 19:46:14,808 - INFO - Found 39 headlines for 2023/mar/22
2024-11-11 19:46:15,285 - INFO - Using User-Agent: Mozilla/5.0 (Windows NT 10.0; Win64; x64) AppleWebKit/537.36 (KHTML, like Gecko) Firefox/89.0
2024-11-11 19:46:16,126 - INFO - Found 38 headlines for 2023/mar/23
2024-11-11 19:46:16,553 - INFO - Using User-Agent: Mozilla/5.0 (Macintosh; Intel Mac OS X 11_14) AppleWebKit/537.36 (KHTML, like Gecko) Chrome/109.0.5397.215 Safari/537.36
2024-11-11 19:46:17,572 - INFO - Found 29 headlines for 2023/mar/24
2024-11-11 19:46:18,581 - INFO - Using User-Agent: Mozilla/5.0 (Macintosh; Intel Mac OS X 11_3) AppleWebKit/537.36 (KHTML, like Gecko) Chrome/109.0.5412.99 Safari/537.36
2024-11-11 19:46:19,614 - INFO - Found 21 headlines for 2023/mar/25
2024-11-11 19:46:19,769 - INFO - Using User-Agent: Mozilla/5.0 (Macintosh; Intel Mac OS X 10_15_7) AppleWebKit/605.1.15 (KHTML, like Gecko) Version/14.0.3 Safari/605.1.15
2024-11-11 19:46:20,535 - INFO - Found 22 headlines for 2023/mar/26
2024-11-11 19:46:21,415 - INFO - Using User-Agent: Mozilla/5.0 (Macintosh; Intel Mac OS X 11_14) AppleWebKit/537.36 (KHTML, like Gecko) Chrome/109.0.5397.215 Safari/537.36
2024-11-11 19:46:22,504 - INFO - Found 29 headlines for 2023/mar/27
2024-11-11 19:46:22,764 - INFO - Using User-Agent: Mozilla/5.0 (Windows NT 10.0; Win64; x64) AppleWebKit/537.36 (KHTML, like Gecko) Firefox/89.0
2024-11-11 19:46:23,688 - INFO - Found 35 headlines for 2023/mar/28
2024-11-11 19:46:23,840 - INFO - Using User-Agent: Mozilla/5.0 (Macintosh; Intel Mac OS X 10_15_7) AppleWebKit/605.1.15 (KHTML, like Gecko) Version/14.0.3 Safari/605.1.15
2024-11-11 19:46:24,654 - INFO - Found 28 headlines for 2023/mar/29
2024-11-11 19:46:25,274 - INFO - Using User-Agent: Mozilla/5.0 (Windows NT 10.0; Win64; x64) AppleWebKit/537.36 (KHTML, like Gecko) Firefox/89.0
2024-11-11 19:46:26,142 - INFO - Found 31 headlines for 2023/mar/30
2024-11-11 19:46:26,323 - INFO - Using User-Agent: Mozilla/5.0 (Macintosh; Intel Mac OS X 11_3) AppleWebKit/537.36 (KHTML, like Gecko) Chrome/109.0.5412.99 Safari/537.36
2024-11-11 19:46:27,386 - INFO - Found 22 headlines for 2023/mar/31
2024-11-11 19:46:27,637 - INFO - Using User-Agent: Mozilla/5.0 (X11; Linux i686) AppleWebKit/537.36 (KHTML, like Gecko) Chrome/109.0.5388.177 Safari/537.36
2024-11-11 19:46:28,422 - INFO - Found 18 headlines for 2023/apr/01
2024-11-11 19:46:29,228 - INFO - Using User-Agent: Mozilla/5.0 (Windows NT 10.0; Win64; x64) AppleWebKit/537.36 (KHTML, like Gecko) Firefox/89.0
2024-11-11 19:46:29,973 - INFO - Found 28 headlines for 2023/apr/02
2024-11-11 19:46:30,584 - INFO - Using User-Agent: Mozilla/5.0 (Macintosh; Intel Mac OS X 11_14) AppleWebKit/537.36 (KHTML, like Gecko) Chrome/109.0.5397.215 Safari/537.36
2024-11-11 19:46:31,419 - INFO - Found 35 headlines for 2023/apr/03
2024-11-11 19:46:31,889 - INFO - Using User-Agent: Mozilla/5.0 (Windows NT 10.0; Win64; x64) AppleWebKit/537.36 (KHTML, like Gecko) Chrome/91.0.4472.124 Safari/537.36
2024-11-11 19:46:32,955 - INFO - Found 28 headlines for 2023/apr/04
2024-11-11 19:46:33,953 - INFO - Using User-Agent: Mozilla/5.0 (Macintosh; Intel Mac OS X 10_10) AppleWebKit/537.36 (KHTML, like Gecko) Chrome/108.0.5361.172 Safari/537.36
2024-11-11 19:46:34,771 - INFO - Found 40 headlines for 2023/apr/05
2024-11-11 19:46:35,379 - INFO - Using User-Agent: Mozilla/5.0 (Macintosh; Intel Mac OS X 11_3) AppleWebKit/537.36 (KHTML, like Gecko) Chrome/109.0.5412.99 Safari/537.36
2024-11-11 19:46:36,216 - INFO - Found 30 headlines for 2023/apr/06
2024-11-11 19:46:36,336 - INFO - Using User-Agent: Mozilla/5.0 (X11; Linux i686) AppleWebKit/537.36 (KHTML, like Gecko) Chrome/109.0.5388.177 Safari/537.36
2024-11-11 19:46:37,387 - INFO - Found 30 headlines for 2023/apr/07
2024-11-11 19:46:38,140 - INFO - Using User-Agent: Mozilla/5.0 (X11; Linux i686) AppleWebKit/537.36 (KHTML, like Gecko) Chrome/109.0.5388.177 Safari/537.36
2024-11-11 19:46:38,910 - INFO - Found 23 headlines for 2023/apr/08
2024-11-11 19:46:38,974 - INFO - Using User-Agent: Mozilla/5.0 (Macintosh; Intel Mac OS X 10_15_7) AppleWebKit/537.36 (KHTML, like Gecko) Chrome/108.0.0.0 Safari/537.36
2024-11-11 19:46:39,869 - INFO - Found 21 headlines for 2023/apr/09
2024-11-11 19:46:40,109 - INFO - Using User-Agent: Mozilla/5.0 (X11; Linux i686) AppleWebKit/537.36 (KHTML, like Gecko) Chrome/109.0.5388.177 Safari/537.36
2024-11-11 19:46:40,906 - INFO - Found 33 headlines for 2023/apr/10
2024-11-11 19:46:41,387 - INFO - Using User-Agent: Mozilla/5.0 (Windows NT 10.0; Win64; x64) AppleWebKit/537.36 (KHTML, like Gecko) Firefox/89.0
2024-11-11 19:46:42,333 - INFO - Found 31 headlines for 2023/apr/11
2024-11-11 19:46:42,670 - INFO - Using User-Agent: Mozilla/5.0 (Macintosh; Intel Mac OS X 11_3) AppleWebKit/537.36 (KHTML, like Gecko) Chrome/109.0.5412.99 Safari/537.36
2024-11-11 19:46:43,509 - INFO - Found 32 headlines for 2023/apr/12
2024-11-11 19:46:43,743 - INFO - Using User-Agent: Mozilla/5.0 (X11; Linux i686) AppleWebKit/537.36 (KHTML, like Gecko) Chrome/109.0.5388.177 Safari/537.36
2024-11-11 19:46:44,599 - INFO - Found 22 headlines for 2023/apr/13
2024-11-11 19:46:45,263 - INFO - Using User-Agent: Mozilla/5.0 (Macintosh; Intel Mac OS X 11_14) AppleWebKit/537.36 (KHTML, like Gecko) Chrome/109.0.5397.215 Safari/537.36
2024-11-11 19:46:46,277 - INFO - Found 35 headlines for 2023/apr/14
2024-11-11 19:46:46,611 - INFO - Using User-Agent: Mozilla/5.0 (Windows NT 10.0; Win64; x64) AppleWebKit/537.36 (KHTML, like Gecko) Firefox/89.0
2024-11-11 19:46:47,642 - INFO - Found 18 headlines for 2023/apr/15
2024-11-11 19:46:48,421 - INFO - Using User-Agent: Mozilla/5.0 (X11; Linux i686) AppleWebKit/537.36 (KHTML, like Gecko) Chrome/109.0.5388.177 Safari/537.36
2024-11-11 19:46:49,275 - INFO - Found 24 headlines for 2023/apr/16
2024-11-11 19:46:50,129 - INFO - Using User-Agent: Mozilla/5.0 (Macintosh; Intel Mac OS X 10_10) AppleWebKit/537.36 (KHTML, like Gecko) Chrome/108.0.5361.172 Safari/537.36
2024-11-11 19:46:51,150 - INFO - Found 36 headlines for 2023/apr/17
2024-11-11 19:46:51,331 - INFO - Using User-Agent: Mozilla/5.0 (Macintosh; Intel Mac OS X 11_14) AppleWebKit/537.36 (KHTML, like Gecko) Chrome/109.0.5397.215 Safari/537.36
2024-11-11 19:46:52,599 - INFO - Found 38 headlines for 2023/apr/18
2024-11-11 19:46:52,781 - INFO - Using User-Agent: Mozilla/5.0 (Macintosh; Intel Mac OS X 10_15_7) AppleWebKit/537.36 (KHTML, like Gecko) Chrome/108.0.0.0 Safari/537.36
2024-11-11 19:46:53,570 - INFO - Found 36 headlines for 2023/apr/19
2024-11-11 19:46:54,544 - INFO - Using User-Agent: Mozilla/5.0 (Macintosh; Intel Mac OS X 10_15_7) AppleWebKit/537.36 (KHTML, like Gecko) Chrome/108.0.0.0 Safari/537.36
2024-11-11 19:46:55,468 - INFO - Found 27 headlines for 2023/apr/20
2024-11-11 19:46:55,745 - INFO - Using User-Agent: Mozilla/5.0 (Macintosh; Intel Mac OS X 10_15_7) AppleWebKit/537.36 (KHTML, like Gecko) Chrome/108.0.0.0 Safari/537.36
2024-11-11 19:46:56,665 - INFO - Found 29 headlines for 2023/apr/21
2024-11-11 19:46:57,284 - INFO - Using User-Agent: Mozilla/5.0 (Windows NT 10.0; Win64; x64) AppleWebKit/537.36 (KHTML, like Gecko) Chrome/91.0.4472.124 Safari/537.36
2024-11-11 19:46:58,329 - INFO - Found 16 headlines for 2023/apr/22
2024-11-11 19:46:59,131 - INFO - Using User-Agent: Mozilla/5.0 (X11; Linux i686) AppleWebKit/537.36 (KHTML, like Gecko) Chrome/109.0.5388.177 Safari/537.36
2024-11-11 19:47:00,203 - INFO - Found 25 headlines for 2023/apr/23
2024-11-11 19:47:00,349 - INFO - Using User-Agent: Mozilla/5.0 (Windows NT 10.0; Win64; x64) AppleWebKit/537.36 (KHTML, like Gecko) Firefox/89.0
2024-11-11 19:47:01,253 - INFO - Found 42 headlines for 2023/apr/24
2024-11-11 19:47:01,745 - INFO - Using User-Agent: Mozilla/5.0 (Windows NT 10.0; Win64; x64) AppleWebKit/537.36 (KHTML, like Gecko) Firefox/89.0
2024-11-11 19:47:02,861 - INFO - Found 45 headlines for 2023/apr/25
2024-11-11 19:47:03,588 - INFO - Using User-Agent: Mozilla/5.0 (Macintosh; Intel Mac OS X 11_14) AppleWebKit/537.36 (KHTML, like Gecko) Chrome/109.0.5397.215 Safari/537.36
2024-11-11 19:47:04,669 - INFO - Found 35 headlines for 2023/apr/26
2024-11-11 19:47:05,024 - INFO - Using User-Agent: Mozilla/5.0 (Macintosh; Intel Mac OS X 11_14) AppleWebKit/537.36 (KHTML, like Gecko) Chrome/109.0.5397.215 Safari/537.36
2024-11-11 19:47:06,178 - INFO - Found 35 headlines for 2023/apr/27
2024-11-11 19:47:07,048 - INFO - Using User-Agent: Mozilla/5.0 (Macintosh; Intel Mac OS X 11_14) AppleWebKit/537.36 (KHTML, like Gecko) Chrome/109.0.5397.215 Safari/537.36
2024-11-11 19:47:08,184 - INFO - Found 36 headlines for 2023/apr/28
2024-11-11 19:47:08,677 - INFO - Using User-Agent: Mozilla/5.0 (Macintosh; Intel Mac OS X 11_14) AppleWebKit/537.36 (KHTML, like Gecko) Chrome/109.0.5397.215 Safari/537.36
2024-11-11 19:47:09,780 - INFO - Found 19 headlines for 2023/apr/29
2024-11-11 19:47:10,426 - INFO - Using User-Agent: Mozilla/5.0 (Macintosh; Intel Mac OS X 10_15_7) AppleWebKit/605.1.15 (KHTML, like Gecko) Version/14.0.3 Safari/605.1.15
2024-11-11 19:47:11,281 - INFO - Found 22 headlines for 2023/apr/30
2024-11-11 19:47:12,090 - INFO - Using User-Agent: Mozilla/5.0 (Windows NT 10.0; Win64; x64) AppleWebKit/537.36 (KHTML, like Gecko) Firefox/89.0
2024-11-11 19:47:13,104 - INFO - Found 30 headlines for 2023/may/01
2024-11-11 19:47:13,721 - INFO - Using User-Agent: Mozilla/5.0 (Macintosh; Intel Mac OS X 10_10) AppleWebKit/537.36 (KHTML, like Gecko) Chrome/108.0.5361.172 Safari/537.36
2024-11-11 19:47:14,747 - INFO - Found 25 headlines for 2023/may/02
2024-11-11 19:47:15,744 - INFO - Using User-Agent: Mozilla/5.0 (Macintosh; Intel Mac OS X 11_14) AppleWebKit/537.36 (KHTML, like Gecko) Chrome/109.0.5397.215 Safari/537.36
2024-11-11 19:47:16,735 - INFO - Found 34 headlines for 2023/may/03
2024-11-11 19:47:17,367 - INFO - Using User-Agent: Mozilla/5.0 (Macintosh; Intel Mac OS X 10_15_7) AppleWebKit/605.1.15 (KHTML, like Gecko) Version/14.0.3 Safari/605.1.15
2024-11-11 19:47:18,622 - INFO - Found 43 headlines for 2023/may/04
2024-11-11 19:47:18,993 - INFO - Using User-Agent: Mozilla/5.0 (Windows NT 10.0; Win64; x64) AppleWebKit/537.36 (KHTML, like Gecko) Firefox/89.0
2024-11-11 19:47:19,972 - INFO - Found 32 headlines for 2023/may/05
2024-11-11 19:47:20,444 - INFO - Using User-Agent: Mozilla/5.0 (Windows NT 10.0; Win64; x64) AppleWebKit/537.36 (KHTML, like Gecko) Firefox/89.0
2024-11-11 19:47:21,356 - INFO - Found 14 headlines for 2023/may/06
2024-11-11 19:47:22,021 - INFO - Using User-Agent: Mozilla/5.0 (Macintosh; Intel Mac OS X 11_14) AppleWebKit/537.36 (KHTML, like Gecko) Chrome/109.0.5397.215 Safari/537.36
2024-11-11 19:47:22,871 - INFO - Found 25 headlines for 2023/may/07
2024-11-11 19:47:23,135 - INFO - Using User-Agent: Mozilla/5.0 (Macintosh; Intel Mac OS X 11_14) AppleWebKit/537.36 (KHTML, like Gecko) Chrome/109.0.5397.215 Safari/537.36
2024-11-11 19:47:24,131 - INFO - Found 30 headlines for 2023/may/08
2024-11-11 19:47:24,220 - INFO - Using User-Agent: Mozilla/5.0 (X11; Linux i686) AppleWebKit/537.36 (KHTML, like Gecko) Chrome/109.0.5388.177 Safari/537.36
2024-11-11 19:47:25,020 - INFO - Found 36 headlines for 2023/may/09
2024-11-11 19:47:25,089 - INFO - Using User-Agent: Mozilla/5.0 (X11; Linux i686) AppleWebKit/537.36 (KHTML, like Gecko) Chrome/109.0.5388.177 Safari/537.36
2024-11-11 19:47:25,953 - INFO - Found 34 headlines for 2023/may/10
2024-11-11 19:47:26,643 - INFO - Using User-Agent: Mozilla/5.0 (Macintosh; Intel Mac OS X 11_3) AppleWebKit/537.36 (KHTML, like Gecko) Chrome/109.0.5412.99 Safari/537.36
2024-11-11 19:47:27,634 - INFO - Found 32 headlines for 2023/may/11
2024-11-11 19:47:27,751 - INFO - Using User-Agent: Mozilla/5.0 (Macintosh; Intel Mac OS X 11_3) AppleWebKit/537.36 (KHTML, like Gecko) Chrome/109.0.5412.99 Safari/537.36
2024-11-11 19:47:28,627 - INFO - Found 39 headlines for 2023/may/12
2024-11-11 19:47:29,514 - INFO - Using User-Agent: Mozilla/5.0 (Windows NT 10.0; Win64; x64) AppleWebKit/537.36 (KHTML, like Gecko) Firefox/89.0
2024-11-11 19:47:30,475 - INFO - Found 16 headlines for 2023/may/13
2024-11-11 19:47:31,250 - INFO - Using User-Agent: Mozilla/5.0 (Windows NT 10.0; Win64; x64) AppleWebKit/537.36 (KHTML, like Gecko) Chrome/91.0.4472.124 Safari/537.36
2024-11-11 19:47:32,337 - INFO - Found 18 headlines for 2023/may/14
2024-11-11 19:47:32,959 - INFO - Using User-Agent: Mozilla/5.0 (Macintosh; Intel Mac OS X 11_14) AppleWebKit/537.36 (KHTML, like Gecko) Chrome/109.0.5397.215 Safari/537.36
2024-11-11 19:47:33,974 - INFO - Found 39 headlines for 2023/may/15
2024-11-11 19:47:34,160 - INFO - Using User-Agent: Mozilla/5.0 (Macintosh; Intel Mac OS X 10_15_7) AppleWebKit/537.36 (KHTML, like Gecko) Chrome/108.0.0.0 Safari/537.36
2024-11-11 19:47:35,177 - INFO - Found 39 headlines for 2023/may/16
2024-11-11 19:47:35,939 - INFO - Using User-Agent: Mozilla/5.0 (Macintosh; Intel Mac OS X 10_10) AppleWebKit/537.36 (KHTML, like Gecko) Chrome/108.0.5361.172 Safari/537.36
2024-11-11 19:47:36,817 - INFO - Found 40 headlines for 2023/may/17
2024-11-11 19:47:37,042 - INFO - Using User-Agent: Mozilla/5.0 (Macintosh; Intel Mac OS X 10_10) AppleWebKit/537.36 (KHTML, like Gecko) Chrome/108.0.5361.172 Safari/537.36
2024-11-11 19:47:37,857 - INFO - Found 35 headlines for 2023/may/18
2024-11-11 19:47:38,840 - INFO - Using User-Agent: Mozilla/5.0 (Macintosh; Intel Mac OS X 10_15_7) AppleWebKit/537.36 (KHTML, like Gecko) Chrome/108.0.0.0 Safari/537.36
2024-11-11 19:47:39,951 - INFO - Found 36 headlines for 2023/may/19
2024-11-11 19:47:40,480 - INFO - Using User-Agent: Mozilla/5.0 (X11; Linux i686) AppleWebKit/537.36 (KHTML, like Gecko) Chrome/109.0.5388.177 Safari/537.36
2024-11-11 19:47:41,559 - INFO - Found 16 headlines for 2023/may/20
2024-11-11 19:47:42,202 - INFO - Using User-Agent: Mozilla/5.0 (Macintosh; Intel Mac OS X 11_14) AppleWebKit/537.36 (KHTML, like Gecko) Chrome/109.0.5397.215 Safari/537.36
2024-11-11 19:47:43,225 - INFO - Found 31 headlines for 2023/may/21
2024-11-11 19:47:43,907 - INFO - Using User-Agent: Mozilla/5.0 (Macintosh; Intel Mac OS X 10_10) AppleWebKit/537.36 (KHTML, like Gecko) Chrome/108.0.5361.172 Safari/537.36
2024-11-11 19:47:45,014 - INFO - Found 33 headlines for 2023/may/22
2024-11-11 19:47:45,362 - INFO - Using User-Agent: Mozilla/5.0 (X11; Linux i686) AppleWebKit/537.36 (KHTML, like Gecko) Chrome/109.0.5388.177 Safari/537.36
2024-11-11 19:47:46,655 - INFO - Found 33 headlines for 2023/may/23
2024-11-11 19:47:47,375 - INFO - Using User-Agent: Mozilla/5.0 (Windows NT 10.0; Win64; x64) AppleWebKit/537.36 (KHTML, like Gecko) Chrome/91.0.4472.124 Safari/537.36
2024-11-11 19:47:48,184 - INFO - Found 27 headlines for 2023/may/24
2024-11-11 19:47:48,936 - INFO - Using User-Agent: Mozilla/5.0 (Macintosh; Intel Mac OS X 11_3) AppleWebKit/537.36 (KHTML, like Gecko) Chrome/109.0.5412.99 Safari/537.36
2024-11-11 19:47:49,865 - INFO - Found 34 headlines for 2023/may/25
2024-11-11 19:47:50,315 - INFO - Using User-Agent: Mozilla/5.0 (Macintosh; Intel Mac OS X 11_3) AppleWebKit/537.36 (KHTML, like Gecko) Chrome/109.0.5412.99 Safari/537.36
2024-11-11 19:47:51,149 - INFO - Found 33 headlines for 2023/may/26
2024-11-11 19:47:51,471 - INFO - Using User-Agent: Mozilla/5.0 (Macintosh; Intel Mac OS X 11_3) AppleWebKit/537.36 (KHTML, like Gecko) Chrome/109.0.5412.99 Safari/537.36
2024-11-11 19:47:52,375 - INFO - Found 16 headlines for 2023/may/27
2024-11-11 19:47:52,585 - INFO - Using User-Agent: Mozilla/5.0 (Macintosh; Intel Mac OS X 10_15_7) AppleWebKit/605.1.15 (KHTML, like Gecko) Version/14.0.3 Safari/605.1.15
2024-11-11 19:47:53,618 - INFO - Found 27 headlines for 2023/may/28
2024-11-11 19:47:54,617 - INFO - Using User-Agent: Mozilla/5.0 (Windows NT 10.0; Win64; x64) AppleWebKit/537.36 (KHTML, like Gecko) Firefox/89.0
2024-11-11 19:47:55,469 - INFO - Found 28 headlines for 2023/may/29
2024-11-11 19:47:55,505 - INFO - Using User-Agent: Mozilla/5.0 (Macintosh; Intel Mac OS X 11_3) AppleWebKit/537.36 (KHTML, like Gecko) Chrome/109.0.5412.99 Safari/537.36
2024-11-11 19:47:56,546 - INFO - Found 32 headlines for 2023/may/30
2024-11-11 19:47:57,387 - INFO - Using User-Agent: Mozilla/5.0 (Windows NT 10.0; Win64; x64) AppleWebKit/537.36 (KHTML, like Gecko) Chrome/91.0.4472.124 Safari/537.36
2024-11-11 19:47:58,580 - INFO - Found 37 headlines for 2023/may/31
2024-11-11 19:47:59,121 - INFO - Using User-Agent: Mozilla/5.0 (Macintosh; Intel Mac OS X 10_10) AppleWebKit/537.36 (KHTML, like Gecko) Chrome/108.0.5361.172 Safari/537.36
2024-11-11 19:48:00,370 - INFO - Found 32 headlines for 2023/jun/01
2024-11-11 19:48:01,136 - INFO - Using User-Agent: Mozilla/5.0 (Macintosh; Intel Mac OS X 11_14) AppleWebKit/537.36 (KHTML, like Gecko) Chrome/109.0.5397.215 Safari/537.36
2024-11-11 19:48:01,983 - INFO - Found 24 headlines for 2023/jun/02
2024-11-11 19:48:02,594 - INFO - Using User-Agent: Mozilla/5.0 (Macintosh; Intel Mac OS X 10_10) AppleWebKit/537.36 (KHTML, like Gecko) Chrome/108.0.5361.172 Safari/537.36
2024-11-11 19:48:03,416 - INFO - Found 22 headlines for 2023/jun/03
2024-11-11 19:48:03,825 - INFO - Using User-Agent: Mozilla/5.0 (Macintosh; Intel Mac OS X 10_15_7) AppleWebKit/605.1.15 (KHTML, like Gecko) Version/14.0.3 Safari/605.1.15
2024-11-11 19:48:04,659 - INFO - Found 30 headlines for 2023/jun/04
2024-11-11 19:48:04,878 - INFO - Using User-Agent: Mozilla/5.0 (Macintosh; Intel Mac OS X 10_15_7) AppleWebKit/605.1.15 (KHTML, like Gecko) Version/14.0.3 Safari/605.1.15
2024-11-11 19:48:05,916 - INFO - Found 31 headlines for 2023/jun/05
2024-11-11 19:48:05,968 - INFO - Using User-Agent: Mozilla/5.0 (Windows NT 10.0; Win64; x64) AppleWebKit/537.36 (KHTML, like Gecko) Firefox/89.0
2024-11-11 19:48:06,910 - INFO - Found 33 headlines for 2023/jun/06
2024-11-11 19:48:07,207 - INFO - Using User-Agent: Mozilla/5.0 (Macintosh; Intel Mac OS X 11_14) AppleWebKit/537.36 (KHTML, like Gecko) Chrome/109.0.5397.215 Safari/537.36
2024-11-11 19:48:08,182 - INFO - Found 42 headlines for 2023/jun/07
2024-11-11 19:48:08,916 - INFO - Using User-Agent: Mozilla/5.0 (X11; Linux i686) AppleWebKit/537.36 (KHTML, like Gecko) Chrome/109.0.5388.177 Safari/537.36
2024-11-11 19:48:09,803 - INFO - Found 46 headlines for 2023/jun/08
2024-11-11 19:48:10,137 - INFO - Using User-Agent: Mozilla/5.0 (Windows NT 10.0; Win64; x64) AppleWebKit/537.36 (KHTML, like Gecko) Firefox/89.0
2024-11-11 19:48:11,018 - INFO - Found 33 headlines for 2023/jun/09
2024-11-11 19:48:11,648 - INFO - Using User-Agent: Mozilla/5.0 (Macintosh; Intel Mac OS X 11_14) AppleWebKit/537.36 (KHTML, like Gecko) Chrome/109.0.5397.215 Safari/537.36
2024-11-11 19:48:12,648 - INFO - Found 20 headlines for 2023/jun/10
2024-11-11 19:48:13,213 - INFO - Using User-Agent: Mozilla/5.0 (Macintosh; Intel Mac OS X 10_10) AppleWebKit/537.36 (KHTML, like Gecko) Chrome/108.0.5361.172 Safari/537.36
2024-11-11 19:48:14,089 - INFO - Found 26 headlines for 2023/jun/11
2024-11-11 19:48:14,502 - INFO - Using User-Agent: Mozilla/5.0 (Macintosh; Intel Mac OS X 10_10) AppleWebKit/537.36 (KHTML, like Gecko) Chrome/108.0.5361.172 Safari/537.36
2024-11-11 19:48:15,361 - INFO - Found 41 headlines for 2023/jun/12
2024-11-11 19:48:15,953 - INFO - Using User-Agent: Mozilla/5.0 (Windows NT 10.0; Win64; x64) AppleWebKit/537.36 (KHTML, like Gecko) Firefox/89.0
2024-11-11 19:48:16,989 - INFO - Found 36 headlines for 2023/jun/13
2024-11-11 19:48:17,215 - INFO - Using User-Agent: Mozilla/5.0 (Windows NT 10.0; Win64; x64) AppleWebKit/537.36 (KHTML, like Gecko) Firefox/89.0
2024-11-11 19:48:18,183 - INFO - Found 27 headlines for 2023/jun/14
2024-11-11 19:48:18,466 - INFO - Using User-Agent: Mozilla/5.0 (Macintosh; Intel Mac OS X 10_10) AppleWebKit/537.36 (KHTML, like Gecko) Chrome/108.0.5361.172 Safari/537.36
2024-11-11 19:48:19,543 - INFO - Found 34 headlines for 2023/jun/15
2024-11-11 19:48:19,826 - INFO - Using User-Agent: Mozilla/5.0 (X11; Linux i686) AppleWebKit/537.36 (KHTML, like Gecko) Chrome/109.0.5388.177 Safari/537.36
2024-11-11 19:48:20,632 - INFO - Found 39 headlines for 2023/jun/16
2024-11-11 19:48:20,889 - INFO - Using User-Agent: Mozilla/5.0 (Windows NT 10.0; Win64; x64) AppleWebKit/537.36 (KHTML, like Gecko) Firefox/89.0
2024-11-11 19:48:21,666 - INFO - Found 12 headlines for 2023/jun/17
2024-11-11 19:48:22,023 - INFO - Using User-Agent: Mozilla/5.0 (Windows NT 10.0; Win64; x64) AppleWebKit/537.36 (KHTML, like Gecko) Firefox/89.0
2024-11-11 19:48:22,907 - INFO - Found 17 headlines for 2023/jun/18
2024-11-11 19:48:23,575 - INFO - Using User-Agent: Mozilla/5.0 (Macintosh; Intel Mac OS X 10_10) AppleWebKit/537.36 (KHTML, like Gecko) Chrome/108.0.5361.172 Safari/537.36
2024-11-11 19:48:24,525 - INFO - Found 32 headlines for 2023/jun/19
2024-11-11 19:48:24,845 - INFO - Using User-Agent: Mozilla/5.0 (Windows NT 10.0; Win64; x64) AppleWebKit/537.36 (KHTML, like Gecko) Chrome/91.0.4472.124 Safari/537.36
2024-11-11 19:48:25,758 - INFO - Found 31 headlines for 2023/jun/20
2024-11-11 19:48:26,309 - INFO - Using User-Agent: Mozilla/5.0 (Macintosh; Intel Mac OS X 10_10) AppleWebKit/537.36 (KHTML, like Gecko) Chrome/108.0.5361.172 Safari/537.36
2024-11-11 19:48:27,205 - INFO - Found 32 headlines for 2023/jun/21
2024-11-11 19:48:27,684 - INFO - Using User-Agent: Mozilla/5.0 (Macintosh; Intel Mac OS X 10_15_7) AppleWebKit/537.36 (KHTML, like Gecko) Chrome/108.0.0.0 Safari/537.36
2024-11-11 19:48:28,633 - INFO - Found 36 headlines for 2023/jun/22
2024-11-11 19:48:29,112 - INFO - Using User-Agent: Mozilla/5.0 (Macintosh; Intel Mac OS X 11_3) AppleWebKit/537.36 (KHTML, like Gecko) Chrome/109.0.5412.99 Safari/537.36
2024-11-11 19:48:30,130 - INFO - Found 37 headlines for 2023/jun/23
2024-11-11 19:48:30,593 - INFO - Using User-Agent: Mozilla/5.0 (Windows NT 10.0; Win64; x64) AppleWebKit/537.36 (KHTML, like Gecko) Firefox/89.0
2024-11-11 19:48:31,373 - INFO - Found 25 headlines for 2023/jun/24
2024-11-11 19:48:31,903 - INFO - Using User-Agent: Mozilla/5.0 (Macintosh; Intel Mac OS X 10_15_7) AppleWebKit/605.1.15 (KHTML, like Gecko) Version/14.0.3 Safari/605.1.15
2024-11-11 19:48:33,004 - INFO - Found 29 headlines for 2023/jun/25
2024-11-11 19:48:33,312 - INFO - Using User-Agent: Mozilla/5.0 (Macintosh; Intel Mac OS X 10_10) AppleWebKit/537.36 (KHTML, like Gecko) Chrome/108.0.5361.172 Safari/537.36
2024-11-11 19:48:34,185 - INFO - Found 34 headlines for 2023/jun/26
2024-11-11 19:48:34,881 - INFO - Using User-Agent: Mozilla/5.0 (Macintosh; Intel Mac OS X 10_15_7) AppleWebKit/537.36 (KHTML, like Gecko) Chrome/108.0.0.0 Safari/537.36
2024-11-11 19:48:35,852 - INFO - Found 33 headlines for 2023/jun/27
2024-11-11 19:48:36,458 - INFO - Using User-Agent: Mozilla/5.0 (Macintosh; Intel Mac OS X 11_14) AppleWebKit/537.36 (KHTML, like Gecko) Chrome/109.0.5397.215 Safari/537.36
2024-11-11 19:48:37,244 - INFO - Found 24 headlines for 2023/jun/28
2024-11-11 19:48:37,962 - INFO - Using User-Agent: Mozilla/5.0 (X11; Linux i686) AppleWebKit/537.36 (KHTML, like Gecko) Chrome/109.0.5388.177 Safari/537.36
2024-11-11 19:48:39,115 - INFO - Found 45 headlines for 2023/jun/29
2024-11-11 19:48:39,213 - INFO - Using User-Agent: Mozilla/5.0 (Windows NT 10.0; Win64; x64) AppleWebKit/537.36 (KHTML, like Gecko) Chrome/91.0.4472.124 Safari/537.36
2024-11-11 19:48:40,269 - INFO - Found 35 headlines for 2023/jun/30
2024-11-11 19:48:40,705 - INFO - Using User-Agent: Mozilla/5.0 (X11; Linux i686) AppleWebKit/537.36 (KHTML, like Gecko) Chrome/109.0.5388.177 Safari/537.36
2024-11-11 19:48:41,743 - INFO - Found 29 headlines for 2023/jul/01
2024-11-11 19:48:41,856 - INFO - Using User-Agent: Mozilla/5.0 (Macintosh; Intel Mac OS X 11_3) AppleWebKit/537.36 (KHTML, like Gecko) Chrome/109.0.5412.99 Safari/537.36
2024-11-11 19:48:42,967 - INFO - Found 18 headlines for 2023/jul/02
2024-11-11 19:48:42,987 - INFO - Using User-Agent: Mozilla/5.0 (Macintosh; Intel Mac OS X 10_15_7) AppleWebKit/605.1.15 (KHTML, like Gecko) Version/14.0.3 Safari/605.1.15
2024-11-11 19:48:43,978 - INFO - Found 30 headlines for 2023/jul/03
2024-11-11 19:48:44,097 - INFO - Using User-Agent: Mozilla/5.0 (Windows NT 10.0; Win64; x64) AppleWebKit/537.36 (KHTML, like Gecko) Chrome/91.0.4472.124 Safari/537.36
2024-11-11 19:48:45,042 - INFO - Found 34 headlines for 2023/jul/04
2024-11-11 19:48:45,896 - INFO - Using User-Agent: Mozilla/5.0 (Windows NT 10.0; Win64; x64) AppleWebKit/537.36 (KHTML, like Gecko) Firefox/89.0
2024-11-11 19:48:46,852 - INFO - Found 24 headlines for 2023/jul/05
2024-11-11 19:48:47,750 - INFO - Using User-Agent: Mozilla/5.0 (Macintosh; Intel Mac OS X 10_15_7) AppleWebKit/537.36 (KHTML, like Gecko) Chrome/108.0.0.0 Safari/537.36
2024-11-11 19:48:48,717 - INFO - Found 31 headlines for 2023/jul/06
2024-11-11 19:48:49,435 - INFO - Using User-Agent: Mozilla/5.0 (X11; Linux i686) AppleWebKit/537.36 (KHTML, like Gecko) Chrome/109.0.5388.177 Safari/537.36
2024-11-11 19:48:50,359 - INFO - Found 29 headlines for 2023/jul/07
2024-11-11 19:48:50,425 - INFO - Using User-Agent: Mozilla/5.0 (Macintosh; Intel Mac OS X 11_3) AppleWebKit/537.36 (KHTML, like Gecko) Chrome/109.0.5412.99 Safari/537.36
2024-11-11 19:48:51,343 - INFO - Found 19 headlines for 2023/jul/08
2024-11-11 19:48:52,268 - INFO - Using User-Agent: Mozilla/5.0 (Macintosh; Intel Mac OS X 11_14) AppleWebKit/537.36 (KHTML, like Gecko) Chrome/109.0.5397.215 Safari/537.36
2024-11-11 19:48:53,200 - INFO - Found 26 headlines for 2023/jul/09
2024-11-11 19:48:54,206 - INFO - Using User-Agent: Mozilla/5.0 (Macintosh; Intel Mac OS X 11_14) AppleWebKit/537.36 (KHTML, like Gecko) Chrome/109.0.5397.215 Safari/537.36
2024-11-11 19:48:55,289 - INFO - Found 33 headlines for 2023/jul/10
2024-11-11 19:48:56,213 - INFO - Using User-Agent: Mozilla/5.0 (Macintosh; Intel Mac OS X 10_15_7) AppleWebKit/537.36 (KHTML, like Gecko) Chrome/108.0.0.0 Safari/537.36
2024-11-11 19:48:57,314 - INFO - Found 36 headlines for 2023/jul/11
2024-11-11 19:48:58,305 - INFO - Using User-Agent: Mozilla/5.0 (X11; Linux i686) AppleWebKit/537.36 (KHTML, like Gecko) Chrome/109.0.5388.177 Safari/537.36
2024-11-11 19:48:59,377 - INFO - Found 34 headlines for 2023/jul/12
2024-11-11 19:48:59,919 - INFO - Using User-Agent: Mozilla/5.0 (Macintosh; Intel Mac OS X 10_15_7) AppleWebKit/605.1.15 (KHTML, like Gecko) Version/14.0.3 Safari/605.1.15
2024-11-11 19:49:01,074 - INFO - Found 28 headlines for 2023/jul/13
2024-11-11 19:49:01,308 - INFO - Using User-Agent: Mozilla/5.0 (X11; Linux i686) AppleWebKit/537.36 (KHTML, like Gecko) Chrome/109.0.5388.177 Safari/537.36
2024-11-11 19:49:02,429 - INFO - Found 34 headlines for 2023/jul/14
2024-11-11 19:49:02,748 - INFO - Using User-Agent: Mozilla/5.0 (Windows NT 10.0; Win64; x64) AppleWebKit/537.36 (KHTML, like Gecko) Chrome/91.0.4472.124 Safari/537.36
2024-11-11 19:49:03,701 - INFO - Found 20 headlines for 2023/jul/15
2024-11-11 19:49:04,446 - INFO - Using User-Agent: Mozilla/5.0 (Macintosh; Intel Mac OS X 10_10) AppleWebKit/537.36 (KHTML, like Gecko) Chrome/108.0.5361.172 Safari/537.36
2024-11-11 19:49:05,552 - INFO - Found 24 headlines for 2023/jul/16
2024-11-11 19:49:06,316 - INFO - Using User-Agent: Mozilla/5.0 (Windows NT 10.0; Win64; x64) AppleWebKit/537.36 (KHTML, like Gecko) Chrome/91.0.4472.124 Safari/537.36
2024-11-11 19:49:07,436 - INFO - Found 34 headlines for 2023/jul/17
2024-11-11 19:49:07,878 - INFO - Using User-Agent: Mozilla/5.0 (Macintosh; Intel Mac OS X 10_10) AppleWebKit/537.36 (KHTML, like Gecko) Chrome/108.0.5361.172 Safari/537.36
2024-11-11 19:49:08,748 - INFO - Found 31 headlines for 2023/jul/18
2024-11-11 19:49:09,503 - INFO - Using User-Agent: Mozilla/5.0 (Macintosh; Intel Mac OS X 11_3) AppleWebKit/537.36 (KHTML, like Gecko) Chrome/109.0.5412.99 Safari/537.36
2024-11-11 19:49:10,439 - INFO - Found 34 headlines for 2023/jul/19
2024-11-11 19:49:10,801 - INFO - Using User-Agent: Mozilla/5.0 (Macintosh; Intel Mac OS X 10_15_7) AppleWebKit/605.1.15 (KHTML, like Gecko) Version/14.0.3 Safari/605.1.15
2024-11-11 19:49:11,916 - INFO - Found 41 headlines for 2023/jul/20
2024-11-11 19:49:12,754 - INFO - Using User-Agent: Mozilla/5.0 (Macintosh; Intel Mac OS X 11_14) AppleWebKit/537.36 (KHTML, like Gecko) Chrome/109.0.5397.215 Safari/537.36
2024-11-11 19:49:13,737 - INFO - Found 40 headlines for 2023/jul/21
2024-11-11 19:49:14,337 - INFO - Using User-Agent: Mozilla/5.0 (X11; Linux i686) AppleWebKit/537.36 (KHTML, like Gecko) Chrome/109.0.5388.177 Safari/537.36
2024-11-11 19:49:15,313 - INFO - Found 29 headlines for 2023/jul/22
2024-11-11 19:49:15,787 - INFO - Using User-Agent: Mozilla/5.0 (Windows NT 10.0; Win64; x64) AppleWebKit/537.36 (KHTML, like Gecko) Chrome/91.0.4472.124 Safari/537.36
2024-11-11 19:49:16,660 - INFO - Found 30 headlines for 2023/jul/23
2024-11-11 19:49:16,713 - INFO - Using User-Agent: Mozilla/5.0 (Windows NT 10.0; Win64; x64) AppleWebKit/537.36 (KHTML, like Gecko) Firefox/89.0
2024-11-11 19:49:17,567 - INFO - Found 41 headlines for 2023/jul/24
2024-11-11 19:49:18,248 - INFO - Using User-Agent: Mozilla/5.0 (Macintosh; Intel Mac OS X 10_10) AppleWebKit/537.36 (KHTML, like Gecko) Chrome/108.0.5361.172 Safari/537.36
2024-11-11 19:49:19,542 - INFO - Found 36 headlines for 2023/jul/25
2024-11-11 19:49:20,280 - INFO - Using User-Agent: Mozilla/5.0 (Macintosh; Intel Mac OS X 10_15_7) AppleWebKit/537.36 (KHTML, like Gecko) Chrome/108.0.0.0 Safari/537.36
2024-11-11 19:49:21,296 - INFO - Found 34 headlines for 2023/jul/26
2024-11-11 19:49:21,619 - INFO - Using User-Agent: Mozilla/5.0 (Macintosh; Intel Mac OS X 11_14) AppleWebKit/537.36 (KHTML, like Gecko) Chrome/109.0.5397.215 Safari/537.36
2024-11-11 19:49:22,482 - INFO - Found 33 headlines for 2023/jul/27
2024-11-11 19:49:22,904 - INFO - Using User-Agent: Mozilla/5.0 (Macintosh; Intel Mac OS X 10_10) AppleWebKit/537.36 (KHTML, like Gecko) Chrome/108.0.5361.172 Safari/537.36
2024-11-11 19:49:23,694 - INFO - Found 28 headlines for 2023/jul/28
2024-11-11 19:49:23,821 - INFO - Using User-Agent: Mozilla/5.0 (Macintosh; Intel Mac OS X 10_15_7) AppleWebKit/537.36 (KHTML, like Gecko) Chrome/108.0.0.0 Safari/537.36
2024-11-11 19:49:24,734 - INFO - Found 28 headlines for 2023/jul/29
2024-11-11 19:49:25,637 - INFO - Using User-Agent: Mozilla/5.0 (Windows NT 10.0; Win64; x64) AppleWebKit/537.36 (KHTML, like Gecko) Firefox/89.0
2024-11-11 19:49:26,584 - INFO - Found 15 headlines for 2023/jul/30
2024-11-11 19:49:27,200 - INFO - Using User-Agent: Mozilla/5.0 (Macintosh; Intel Mac OS X 10_15_7) AppleWebKit/537.36 (KHTML, like Gecko) Chrome/108.0.0.0 Safari/537.36
2024-11-11 19:49:27,998 - INFO - Found 34 headlines for 2023/jul/31
2024-11-11 19:49:28,815 - INFO - Using User-Agent: Mozilla/5.0 (X11; Linux i686) AppleWebKit/537.36 (KHTML, like Gecko) Chrome/109.0.5388.177 Safari/537.36
2024-11-11 19:49:29,678 - INFO - Found 30 headlines for 2023/aug/01
2024-11-11 19:49:30,042 - INFO - Using User-Agent: Mozilla/5.0 (Macintosh; Intel Mac OS X 10_10) AppleWebKit/537.36 (KHTML, like Gecko) Chrome/108.0.5361.172 Safari/537.36
2024-11-11 19:49:30,870 - INFO - Found 26 headlines for 2023/aug/02
2024-11-11 19:49:31,453 - INFO - Using User-Agent: Mozilla/5.0 (Macintosh; Intel Mac OS X 11_14) AppleWebKit/537.36 (KHTML, like Gecko) Chrome/109.0.5397.215 Safari/537.36
2024-11-11 19:49:32,388 - INFO - Found 33 headlines for 2023/aug/03
2024-11-11 19:49:33,303 - INFO - Using User-Agent: Mozilla/5.0 (Macintosh; Intel Mac OS X 11_3) AppleWebKit/537.36 (KHTML, like Gecko) Chrome/109.0.5412.99 Safari/537.36
2024-11-11 19:49:34,436 - INFO - Found 39 headlines for 2023/aug/04
2024-11-11 19:49:34,687 - INFO - Using User-Agent: Mozilla/5.0 (Macintosh; Intel Mac OS X 11_14) AppleWebKit/537.36 (KHTML, like Gecko) Chrome/109.0.5397.215 Safari/537.36
2024-11-11 19:49:35,465 - INFO - Found 19 headlines for 2023/aug/05
2024-11-11 19:49:36,307 - INFO - Using User-Agent: Mozilla/5.0 (Macintosh; Intel Mac OS X 10_10) AppleWebKit/537.36 (KHTML, like Gecko) Chrome/108.0.5361.172 Safari/537.36
2024-11-11 19:49:37,244 - INFO - Found 21 headlines for 2023/aug/06
2024-11-11 19:49:37,537 - INFO - Using User-Agent: Mozilla/5.0 (Macintosh; Intel Mac OS X 11_3) AppleWebKit/537.36 (KHTML, like Gecko) Chrome/109.0.5412.99 Safari/537.36
2024-11-11 19:49:38,485 - INFO - Found 28 headlines for 2023/aug/07
2024-11-11 19:49:39,238 - INFO - Using User-Agent: Mozilla/5.0 (Windows NT 10.0; Win64; x64) AppleWebKit/537.36 (KHTML, like Gecko) Chrome/91.0.4472.124 Safari/537.36
2024-11-11 19:49:40,107 - INFO - Found 41 headlines for 2023/aug/08
2024-11-11 19:49:40,309 - INFO - Using User-Agent: Mozilla/5.0 (Macintosh; Intel Mac OS X 10_10) AppleWebKit/537.36 (KHTML, like Gecko) Chrome/108.0.5361.172 Safari/537.36
2024-11-11 19:49:41,351 - INFO - Found 36 headlines for 2023/aug/09
2024-11-11 19:49:41,651 - INFO - Using User-Agent: Mozilla/5.0 (Windows NT 10.0; Win64; x64) AppleWebKit/537.36 (KHTML, like Gecko) Firefox/89.0
2024-11-11 19:49:42,604 - INFO - Found 36 headlines for 2023/aug/10
2024-11-11 19:49:42,666 - INFO - Using User-Agent: Mozilla/5.0 (X11; Linux i686) AppleWebKit/537.36 (KHTML, like Gecko) Chrome/109.0.5388.177 Safari/537.36
2024-11-11 19:49:43,548 - INFO - Found 21 headlines for 2023/aug/11
2024-11-11 19:49:43,930 - INFO - Using User-Agent: Mozilla/5.0 (Macintosh; Intel Mac OS X 10_10) AppleWebKit/537.36 (KHTML, like Gecko) Chrome/108.0.5361.172 Safari/537.36
2024-11-11 19:49:44,776 - INFO - Found 16 headlines for 2023/aug/12
2024-11-11 19:49:45,471 - INFO - Using User-Agent: Mozilla/5.0 (Windows NT 10.0; Win64; x64) AppleWebKit/537.36 (KHTML, like Gecko) Chrome/91.0.4472.124 Safari/537.36
2024-11-11 19:49:46,488 - INFO - Found 19 headlines for 2023/aug/13
2024-11-11 19:49:47,337 - INFO - Using User-Agent: Mozilla/5.0 (Windows NT 10.0; Win64; x64) AppleWebKit/537.36 (KHTML, like Gecko) Firefox/89.0
2024-11-11 19:49:48,303 - INFO - Found 23 headlines for 2023/aug/14
2024-11-11 19:49:48,522 - INFO - Using User-Agent: Mozilla/5.0 (Windows NT 10.0; Win64; x64) AppleWebKit/537.36 (KHTML, like Gecko) Chrome/91.0.4472.124 Safari/537.36
2024-11-11 19:49:49,531 - INFO - Found 35 headlines for 2023/aug/15
2024-11-11 19:49:50,315 - INFO - Using User-Agent: Mozilla/5.0 (Macintosh; Intel Mac OS X 11_3) AppleWebKit/537.36 (KHTML, like Gecko) Chrome/109.0.5412.99 Safari/537.36
2024-11-11 19:49:51,142 - INFO - Found 23 headlines for 2023/aug/16
2024-11-11 19:49:51,287 - INFO - Using User-Agent: Mozilla/5.0 (Windows NT 10.0; Win64; x64) AppleWebKit/537.36 (KHTML, like Gecko) Chrome/91.0.4472.124 Safari/537.36
2024-11-11 19:49:52,332 - INFO - Found 42 headlines for 2023/aug/17
2024-11-11 19:49:52,896 - INFO - Using User-Agent: Mozilla/5.0 (Macintosh; Intel Mac OS X 11_3) AppleWebKit/537.36 (KHTML, like Gecko) Chrome/109.0.5412.99 Safari/537.36
2024-11-11 19:49:53,831 - INFO - Found 28 headlines for 2023/aug/18
2024-11-11 19:49:54,241 - INFO - Using User-Agent: Mozilla/5.0 (Macintosh; Intel Mac OS X 10_15_7) AppleWebKit/537.36 (KHTML, like Gecko) Chrome/108.0.0.0 Safari/537.36
2024-11-11 19:49:55,258 - INFO - Found 26 headlines for 2023/aug/19
2024-11-11 19:49:55,623 - INFO - Using User-Agent: Mozilla/5.0 (Macintosh; Intel Mac OS X 11_14) AppleWebKit/537.36 (KHTML, like Gecko) Chrome/109.0.5397.215 Safari/537.36
2024-11-11 19:49:56,469 - INFO - Found 20 headlines for 2023/aug/20
2024-11-11 19:49:56,898 - INFO - Using User-Agent: Mozilla/5.0 (Macintosh; Intel Mac OS X 11_14) AppleWebKit/537.36 (KHTML, like Gecko) Chrome/109.0.5397.215 Safari/537.36
2024-11-11 19:49:57,941 - INFO - Found 22 headlines for 2023/aug/21
2024-11-11 19:49:58,777 - INFO - Using User-Agent: Mozilla/5.0 (Macintosh; Intel Mac OS X 11_14) AppleWebKit/537.36 (KHTML, like Gecko) Chrome/109.0.5397.215 Safari/537.36
2024-11-11 19:49:59,763 - INFO - Found 36 headlines for 2023/aug/22
2024-11-11 19:50:00,623 - INFO - Using User-Agent: Mozilla/5.0 (Macintosh; Intel Mac OS X 10_10) AppleWebKit/537.36 (KHTML, like Gecko) Chrome/108.0.5361.172 Safari/537.36
2024-11-11 19:50:01,639 - INFO - Found 35 headlines for 2023/aug/23
2024-11-11 19:50:01,993 - INFO - Using User-Agent: Mozilla/5.0 (Windows NT 10.0; Win64; x64) AppleWebKit/537.36 (KHTML, like Gecko) Firefox/89.0
2024-11-11 19:50:03,005 - INFO - Found 37 headlines for 2023/aug/24
2024-11-11 19:50:04,003 - INFO - Using User-Agent: Mozilla/5.0 (Macintosh; Intel Mac OS X 10_15_7) AppleWebKit/537.36 (KHTML, like Gecko) Chrome/108.0.0.0 Safari/537.36
2024-11-11 19:50:04,874 - INFO - Found 24 headlines for 2023/aug/25
2024-11-11 19:50:05,717 - INFO - Using User-Agent: Mozilla/5.0 (Macintosh; Intel Mac OS X 10_10) AppleWebKit/537.36 (KHTML, like Gecko) Chrome/108.0.5361.172 Safari/537.36
2024-11-11 19:50:06,719 - INFO - Found 11 headlines for 2023/aug/26
2024-11-11 19:50:07,309 - INFO - Using User-Agent: Mozilla/5.0 (Macintosh; Intel Mac OS X 11_14) AppleWebKit/537.36 (KHTML, like Gecko) Chrome/109.0.5397.215 Safari/537.36
2024-11-11 19:50:08,165 - INFO - Found 21 headlines for 2023/aug/27
2024-11-11 19:50:08,905 - INFO - Using User-Agent: Mozilla/5.0 (Macintosh; Intel Mac OS X 10_15_7) AppleWebKit/605.1.15 (KHTML, like Gecko) Version/14.0.3 Safari/605.1.15
2024-11-11 19:50:09,787 - INFO - Found 30 headlines for 2023/aug/28
2024-11-11 19:50:09,965 - INFO - Using User-Agent: Mozilla/5.0 (Windows NT 10.0; Win64; x64) AppleWebKit/537.36 (KHTML, like Gecko) Firefox/89.0
2024-11-11 19:50:10,794 - INFO - Found 27 headlines for 2023/aug/29
2024-11-11 19:50:11,549 - INFO - Using User-Agent: Mozilla/5.0 (Macintosh; Intel Mac OS X 10_15_7) AppleWebKit/605.1.15 (KHTML, like Gecko) Version/14.0.3 Safari/605.1.15
2024-11-11 19:50:12,437 - INFO - Found 35 headlines for 2023/aug/30
2024-11-11 19:50:12,731 - INFO - Using User-Agent: Mozilla/5.0 (Macintosh; Intel Mac OS X 10_15_7) AppleWebKit/537.36 (KHTML, like Gecko) Chrome/108.0.0.0 Safari/537.36
2024-11-11 19:50:13,885 - INFO - Found 33 headlines for 2023/aug/31
2024-11-11 19:50:14,137 - INFO - Using User-Agent: Mozilla/5.0 (X11; Linux i686) AppleWebKit/537.36 (KHTML, like Gecko) Chrome/109.0.5388.177 Safari/537.36
2024-11-11 19:50:15,090 - INFO - Found 25 headlines for 2023/sep/01
2024-11-11 19:50:15,221 - INFO - Using User-Agent: Mozilla/5.0 (Windows NT 10.0; Win64; x64) AppleWebKit/537.36 (KHTML, like Gecko) Firefox/89.0
2024-11-11 19:50:16,183 - INFO - Found 26 headlines for 2023/sep/02
2024-11-11 19:50:16,387 - INFO - Using User-Agent: Mozilla/5.0 (Windows NT 10.0; Win64; x64) AppleWebKit/537.36 (KHTML, like Gecko) Chrome/91.0.4472.124 Safari/537.36
2024-11-11 19:50:17,362 - INFO - Found 19 headlines for 2023/sep/03
2024-11-11 19:50:18,261 - INFO - Using User-Agent: Mozilla/5.0 (Macintosh; Intel Mac OS X 10_15_7) AppleWebKit/537.36 (KHTML, like Gecko) Chrome/108.0.0.0 Safari/537.36
2024-11-11 19:50:19,217 - INFO - Found 29 headlines for 2023/sep/04
2024-11-11 19:50:19,896 - INFO - Using User-Agent: Mozilla/5.0 (Macintosh; Intel Mac OS X 10_15_7) AppleWebKit/537.36 (KHTML, like Gecko) Chrome/108.0.0.0 Safari/537.36
2024-11-11 19:50:20,726 - INFO - Found 39 headlines for 2023/sep/05
2024-11-11 19:50:21,280 - INFO - Using User-Agent: Mozilla/5.0 (Macintosh; Intel Mac OS X 11_3) AppleWebKit/537.36 (KHTML, like Gecko) Chrome/109.0.5412.99 Safari/537.36
2024-11-11 19:50:22,173 - INFO - Found 36 headlines for 2023/sep/06
2024-11-11 19:50:22,388 - INFO - Using User-Agent: Mozilla/5.0 (X11; Linux i686) AppleWebKit/537.36 (KHTML, like Gecko) Chrome/109.0.5388.177 Safari/537.36
2024-11-11 19:50:23,325 - INFO - Found 38 headlines for 2023/sep/07
2024-11-11 19:50:24,313 - INFO - Using User-Agent: Mozilla/5.0 (Macintosh; Intel Mac OS X 11_14) AppleWebKit/537.36 (KHTML, like Gecko) Chrome/109.0.5397.215 Safari/537.36
2024-11-11 19:50:25,395 - INFO - Found 33 headlines for 2023/sep/08
2024-11-11 19:50:25,503 - INFO - Using User-Agent: Mozilla/5.0 (Windows NT 10.0; Win64; x64) AppleWebKit/537.36 (KHTML, like Gecko) Firefox/89.0
2024-11-11 19:50:26,379 - INFO - Found 22 headlines for 2023/sep/09
2024-11-11 19:50:27,253 - INFO - Using User-Agent: Mozilla/5.0 (Macintosh; Intel Mac OS X 10_15_7) AppleWebKit/605.1.15 (KHTML, like Gecko) Version/14.0.3 Safari/605.1.15
2024-11-11 19:50:28,192 - INFO - Found 21 headlines for 2023/sep/10
2024-11-11 19:50:28,459 - INFO - Using User-Agent: Mozilla/5.0 (Macintosh; Intel Mac OS X 10_10) AppleWebKit/537.36 (KHTML, like Gecko) Chrome/108.0.5361.172 Safari/537.36
2024-11-11 19:50:29,505 - INFO - Found 43 headlines for 2023/sep/11
2024-11-11 19:50:30,065 - INFO - Using User-Agent: Mozilla/5.0 (Macintosh; Intel Mac OS X 10_15_7) AppleWebKit/605.1.15 (KHTML, like Gecko) Version/14.0.3 Safari/605.1.15
2024-11-11 19:50:30,898 - INFO - Found 46 headlines for 2023/sep/12
2024-11-11 19:50:31,760 - INFO - Using User-Agent: Mozilla/5.0 (Macintosh; Intel Mac OS X 10_10) AppleWebKit/537.36 (KHTML, like Gecko) Chrome/108.0.5361.172 Safari/537.36
2024-11-11 19:50:32,770 - INFO - Found 44 headlines for 2023/sep/13
2024-11-11 19:50:33,350 - INFO - Using User-Agent: Mozilla/5.0 (Macintosh; Intel Mac OS X 11_3) AppleWebKit/537.36 (KHTML, like Gecko) Chrome/109.0.5412.99 Safari/537.36
2024-11-11 19:50:34,371 - INFO - Found 33 headlines for 2023/sep/14
2024-11-11 19:50:34,934 - INFO - Using User-Agent: Mozilla/5.0 (Macintosh; Intel Mac OS X 10_15_7) AppleWebKit/605.1.15 (KHTML, like Gecko) Version/14.0.3 Safari/605.1.15
2024-11-11 19:50:35,791 - INFO - Found 32 headlines for 2023/sep/15
2024-11-11 19:50:36,207 - INFO - Using User-Agent: Mozilla/5.0 (Windows NT 10.0; Win64; x64) AppleWebKit/537.36 (KHTML, like Gecko) Firefox/89.0
2024-11-11 19:50:37,181 - INFO - Found 21 headlines for 2023/sep/16
2024-11-11 19:50:38,106 - INFO - Using User-Agent: Mozilla/5.0 (Macintosh; Intel Mac OS X 10_15_7) AppleWebKit/537.36 (KHTML, like Gecko) Chrome/108.0.0.0 Safari/537.36
2024-11-11 19:50:39,081 - INFO - Found 13 headlines for 2023/sep/17
2024-11-11 19:50:39,251 - INFO - Using User-Agent: Mozilla/5.0 (Windows NT 10.0; Win64; x64) AppleWebKit/537.36 (KHTML, like Gecko) Chrome/91.0.4472.124 Safari/537.36
2024-11-11 19:50:40,347 - INFO - Found 25 headlines for 2023/sep/18
2024-11-11 19:50:40,652 - INFO - Using User-Agent: Mozilla/5.0 (X11; Linux i686) AppleWebKit/537.36 (KHTML, like Gecko) Chrome/109.0.5388.177 Safari/537.36
2024-11-11 19:50:41,842 - INFO - Found 39 headlines for 2023/sep/19
2024-11-11 19:50:42,119 - INFO - Using User-Agent: Mozilla/5.0 (Macintosh; Intel Mac OS X 10_15_7) AppleWebKit/605.1.15 (KHTML, like Gecko) Version/14.0.3 Safari/605.1.15
2024-11-11 19:50:43,028 - INFO - Found 46 headlines for 2023/sep/20
2024-11-11 19:50:43,389 - INFO - Using User-Agent: Mozilla/5.0 (X11; Linux i686) AppleWebKit/537.36 (KHTML, like Gecko) Chrome/109.0.5388.177 Safari/537.36
2024-11-11 19:50:44,458 - INFO - Found 45 headlines for 2023/sep/21
2024-11-11 19:50:44,687 - INFO - Using User-Agent: Mozilla/5.0 (Macintosh; Intel Mac OS X 10_15_7) AppleWebKit/537.36 (KHTML, like Gecko) Chrome/108.0.0.0 Safari/537.36
2024-11-11 19:50:45,641 - INFO - Found 42 headlines for 2023/sep/22
2024-11-11 19:50:45,912 - INFO - Using User-Agent: Mozilla/5.0 (Macintosh; Intel Mac OS X 11_3) AppleWebKit/537.36 (KHTML, like Gecko) Chrome/109.0.5412.99 Safari/537.36
2024-11-11 19:50:46,852 - INFO - Found 17 headlines for 2023/sep/23
2024-11-11 19:50:47,460 - INFO - Using User-Agent: Mozilla/5.0 (Macintosh; Intel Mac OS X 11_3) AppleWebKit/537.36 (KHTML, like Gecko) Chrome/109.0.5412.99 Safari/537.36
2024-11-11 19:50:48,314 - INFO - Found 28 headlines for 2023/sep/24
2024-11-11 19:50:48,582 - INFO - Using User-Agent: Mozilla/5.0 (Windows NT 10.0; Win64; x64) AppleWebKit/537.36 (KHTML, like Gecko) Chrome/91.0.4472.124 Safari/537.36
2024-11-11 19:50:49,534 - INFO - Found 36 headlines for 2023/sep/25
2024-11-11 19:50:50,521 - INFO - Using User-Agent: Mozilla/5.0 (X11; Linux i686) AppleWebKit/537.36 (KHTML, like Gecko) Chrome/109.0.5388.177 Safari/537.36
2024-11-11 19:50:51,598 - INFO - Found 32 headlines for 2023/sep/26
2024-11-11 19:50:52,109 - INFO - Using User-Agent: Mozilla/5.0 (Macintosh; Intel Mac OS X 10_10) AppleWebKit/537.36 (KHTML, like Gecko) Chrome/108.0.5361.172 Safari/537.36
2024-11-11 19:50:53,000 - INFO - Found 34 headlines for 2023/sep/27
2024-11-11 19:50:53,239 - INFO - Using User-Agent: Mozilla/5.0 (X11; Linux i686) AppleWebKit/537.36 (KHTML, like Gecko) Chrome/109.0.5388.177 Safari/537.36
2024-11-11 19:50:54,252 - INFO - Found 31 headlines for 2023/sep/28
2024-11-11 19:50:54,371 - INFO - Using User-Agent: Mozilla/5.0 (Macintosh; Intel Mac OS X 11_3) AppleWebKit/537.36 (KHTML, like Gecko) Chrome/109.0.5412.99 Safari/537.36
2024-11-11 19:50:55,278 - INFO - Found 28 headlines for 2023/sep/29
2024-11-11 19:50:55,885 - INFO - Using User-Agent: Mozilla/5.0 (Macintosh; Intel Mac OS X 10_10) AppleWebKit/537.36 (KHTML, like Gecko) Chrome/108.0.5361.172 Safari/537.36
2024-11-11 19:50:56,678 - INFO - Found 16 headlines for 2023/sep/30
2024-11-11 19:50:57,092 - INFO - Using User-Agent: Mozilla/5.0 (Windows NT 10.0; Win64; x64) AppleWebKit/537.36 (KHTML, like Gecko) Chrome/91.0.4472.124 Safari/537.36
2024-11-11 19:50:58,140 - INFO - Found 28 headlines for 2023/oct/01
2024-11-11 19:50:58,358 - INFO - Using User-Agent: Mozilla/5.0 (Macintosh; Intel Mac OS X 10_15_7) AppleWebKit/605.1.15 (KHTML, like Gecko) Version/14.0.3 Safari/605.1.15
2024-11-11 19:50:59,387 - INFO - Found 30 headlines for 2023/oct/02
2024-11-11 19:50:59,434 - INFO - Using User-Agent: Mozilla/5.0 (Macintosh; Intel Mac OS X 10_10) AppleWebKit/537.36 (KHTML, like Gecko) Chrome/108.0.5361.172 Safari/537.36
2024-11-11 19:51:00,405 - INFO - Found 31 headlines for 2023/oct/03
2024-11-11 19:51:01,032 - INFO - Using User-Agent: Mozilla/5.0 (Windows NT 10.0; Win64; x64) AppleWebKit/537.36 (KHTML, like Gecko) Chrome/91.0.4472.124 Safari/537.36
2024-11-11 19:51:02,048 - INFO - Found 34 headlines for 2023/oct/04
2024-11-11 19:51:02,438 - INFO - Using User-Agent: Mozilla/5.0 (X11; Linux i686) AppleWebKit/537.36 (KHTML, like Gecko) Chrome/109.0.5388.177 Safari/537.36
2024-11-11 19:51:03,528 - INFO - Found 46 headlines for 2023/oct/05
2024-11-11 19:51:03,806 - INFO - Using User-Agent: Mozilla/5.0 (Macintosh; Intel Mac OS X 11_3) AppleWebKit/537.36 (KHTML, like Gecko) Chrome/109.0.5412.99 Safari/537.36
2024-11-11 19:51:04,885 - INFO - Found 34 headlines for 2023/oct/06
2024-11-11 19:51:05,755 - INFO - Using User-Agent: Mozilla/5.0 (Macintosh; Intel Mac OS X 11_14) AppleWebKit/537.36 (KHTML, like Gecko) Chrome/109.0.5397.215 Safari/537.36
2024-11-11 19:51:06,758 - INFO - Found 27 headlines for 2023/oct/07
2024-11-11 19:51:07,740 - INFO - Using User-Agent: Mozilla/5.0 (Macintosh; Intel Mac OS X 10_15_7) AppleWebKit/537.36 (KHTML, like Gecko) Chrome/108.0.0.0 Safari/537.36
2024-11-11 19:51:08,824 - INFO - Found 35 headlines for 2023/oct/08
2024-11-11 19:51:09,204 - INFO - Using User-Agent: Mozilla/5.0 (Macintosh; Intel Mac OS X 11_14) AppleWebKit/537.36 (KHTML, like Gecko) Chrome/109.0.5397.215 Safari/537.36
2024-11-11 19:51:10,107 - INFO - Found 36 headlines for 2023/oct/09
2024-11-11 19:51:11,046 - INFO - Using User-Agent: Mozilla/5.0 (Windows NT 10.0; Win64; x64) AppleWebKit/537.36 (KHTML, like Gecko) Chrome/91.0.4472.124 Safari/537.36
2024-11-11 19:51:12,089 - INFO - Found 46 headlines for 2023/oct/10
2024-11-11 19:51:12,518 - INFO - Using User-Agent: Mozilla/5.0 (Windows NT 10.0; Win64; x64) AppleWebKit/537.36 (KHTML, like Gecko) Chrome/91.0.4472.124 Safari/537.36
2024-11-11 19:51:13,513 - INFO - Found 46 headlines for 2023/oct/11
2024-11-11 19:51:13,932 - INFO - Using User-Agent: Mozilla/5.0 (Windows NT 10.0; Win64; x64) AppleWebKit/537.36 (KHTML, like Gecko) Firefox/89.0
2024-11-11 19:51:14,920 - INFO - Found 37 headlines for 2023/oct/12
2024-11-11 19:51:15,734 - INFO - Using User-Agent: Mozilla/5.0 (Macintosh; Intel Mac OS X 10_15_7) AppleWebKit/537.36 (KHTML, like Gecko) Chrome/108.0.0.0 Safari/537.36
2024-11-11 19:51:16,785 - INFO - Found 40 headlines for 2023/oct/13
2024-11-11 19:51:17,279 - INFO - Using User-Agent: Mozilla/5.0 (Macintosh; Intel Mac OS X 10_15_7) AppleWebKit/537.36 (KHTML, like Gecko) Chrome/108.0.0.0 Safari/537.36
2024-11-11 19:51:18,425 - INFO - Found 36 headlines for 2023/oct/14
2024-11-11 19:51:18,488 - INFO - Using User-Agent: Mozilla/5.0 (Macintosh; Intel Mac OS X 10_15_7) AppleWebKit/605.1.15 (KHTML, like Gecko) Version/14.0.3 Safari/605.1.15
2024-11-11 19:51:19,439 - INFO - Found 32 headlines for 2023/oct/15
2024-11-11 19:51:19,984 - INFO - Using User-Agent: Mozilla/5.0 (Windows NT 10.0; Win64; x64) AppleWebKit/537.36 (KHTML, like Gecko) Firefox/89.0
2024-11-11 19:51:21,091 - INFO - Found 40 headlines for 2023/oct/16
2024-11-11 19:51:22,025 - INFO - Using User-Agent: Mozilla/5.0 (Macintosh; Intel Mac OS X 10_15_7) AppleWebKit/537.36 (KHTML, like Gecko) Chrome/108.0.0.0 Safari/537.36
2024-11-11 19:51:23,061 - INFO - Found 46 headlines for 2023/oct/17
2024-11-11 19:51:23,513 - INFO - Using User-Agent: Mozilla/5.0 (X11; Linux i686) AppleWebKit/537.36 (KHTML, like Gecko) Chrome/109.0.5388.177 Safari/537.36
2024-11-11 19:51:24,557 - INFO - Found 40 headlines for 2023/oct/18
2024-11-11 19:51:25,112 - INFO - Using User-Agent: Mozilla/5.0 (Macintosh; Intel Mac OS X 10_15_7) AppleWebKit/605.1.15 (KHTML, like Gecko) Version/14.0.3 Safari/605.1.15
2024-11-11 19:51:26,074 - INFO - Found 46 headlines for 2023/oct/19
2024-11-11 19:51:26,195 - INFO - Using User-Agent: Mozilla/5.0 (Windows NT 10.0; Win64; x64) AppleWebKit/537.36 (KHTML, like Gecko) Firefox/89.0
2024-11-11 19:51:27,226 - INFO - Found 43 headlines for 2023/oct/20
2024-11-11 19:51:27,824 - INFO - Using User-Agent: Mozilla/5.0 (Macintosh; Intel Mac OS X 11_14) AppleWebKit/537.36 (KHTML, like Gecko) Chrome/109.0.5397.215 Safari/537.36
2024-11-11 19:51:28,863 - INFO - Found 30 headlines for 2023/oct/21
2024-11-11 19:51:29,730 - INFO - Using User-Agent: Mozilla/5.0 (Macintosh; Intel Mac OS X 11_3) AppleWebKit/537.36 (KHTML, like Gecko) Chrome/109.0.5412.99 Safari/537.36
2024-11-11 19:51:30,681 - INFO - Found 26 headlines for 2023/oct/22
2024-11-11 19:51:31,108 - INFO - Using User-Agent: Mozilla/5.0 (Macintosh; Intel Mac OS X 10_10) AppleWebKit/537.36 (KHTML, like Gecko) Chrome/108.0.5361.172 Safari/537.36
2024-11-11 19:51:32,210 - INFO - Found 35 headlines for 2023/oct/23
2024-11-11 19:51:32,460 - INFO - Using User-Agent: Mozilla/5.0 (Macintosh; Intel Mac OS X 10_10) AppleWebKit/537.36 (KHTML, like Gecko) Chrome/108.0.5361.172 Safari/537.36
2024-11-11 19:51:33,294 - INFO - Found 40 headlines for 2023/oct/24
2024-11-11 19:51:34,103 - INFO - Using User-Agent: Mozilla/5.0 (Macintosh; Intel Mac OS X 10_10) AppleWebKit/537.36 (KHTML, like Gecko) Chrome/108.0.5361.172 Safari/537.36
2024-11-11 19:51:35,050 - INFO - Found 46 headlines for 2023/oct/25
2024-11-11 19:51:35,423 - INFO - Using User-Agent: Mozilla/5.0 (Windows NT 10.0; Win64; x64) AppleWebKit/537.36 (KHTML, like Gecko) Chrome/91.0.4472.124 Safari/537.36
2024-11-11 19:51:36,451 - INFO - Found 42 headlines for 2023/oct/26
2024-11-11 19:51:36,916 - INFO - Using User-Agent: Mozilla/5.0 (Windows NT 10.0; Win64; x64) AppleWebKit/537.36 (KHTML, like Gecko) Firefox/89.0
2024-11-11 19:51:37,864 - INFO - Found 45 headlines for 2023/oct/27
2024-11-11 19:51:38,734 - INFO - Using User-Agent: Mozilla/5.0 (Macintosh; Intel Mac OS X 11_14) AppleWebKit/537.36 (KHTML, like Gecko) Chrome/109.0.5397.215 Safari/537.36
2024-11-11 19:51:39,683 - INFO - Found 24 headlines for 2023/oct/28
2024-11-11 19:51:39,865 - INFO - Using User-Agent: Mozilla/5.0 (Macintosh; Intel Mac OS X 10_15_7) AppleWebKit/605.1.15 (KHTML, like Gecko) Version/14.0.3 Safari/605.1.15
2024-11-11 19:51:40,964 - INFO - Found 30 headlines for 2023/oct/29
2024-11-11 19:51:41,864 - INFO - Using User-Agent: Mozilla/5.0 (Windows NT 10.0; Win64; x64) AppleWebKit/537.36 (KHTML, like Gecko) Firefox/89.0
2024-11-11 19:51:42,788 - INFO - Found 43 headlines for 2023/oct/30
2024-11-11 19:51:43,008 - INFO - Using User-Agent: Mozilla/5.0 (Windows NT 10.0; Win64; x64) AppleWebKit/537.36 (KHTML, like Gecko) Chrome/91.0.4472.124 Safari/537.36
2024-11-11 19:51:43,863 - INFO - Found 46 headlines for 2023/oct/31
2024-11-11 19:51:43,909 - INFO - Using User-Agent: Mozilla/5.0 (Macintosh; Intel Mac OS X 10_15_7) AppleWebKit/537.36 (KHTML, like Gecko) Chrome/108.0.0.0 Safari/537.36
2024-11-11 19:51:44,841 - INFO - Found 37 headlines for 2023/nov/01
2024-11-11 19:51:45,344 - INFO - Using User-Agent: Mozilla/5.0 (Macintosh; Intel Mac OS X 10_15_7) AppleWebKit/537.36 (KHTML, like Gecko) Chrome/108.0.0.0 Safari/537.36
2024-11-11 19:51:46,483 - INFO - Found 31 headlines for 2023/nov/02
2024-11-11 19:51:46,957 - INFO - Using User-Agent: Mozilla/5.0 (Windows NT 10.0; Win64; x64) AppleWebKit/537.36 (KHTML, like Gecko) Firefox/89.0
2024-11-11 19:51:47,939 - INFO - Found 34 headlines for 2023/nov/03
2024-11-11 19:51:48,844 - INFO - Using User-Agent: Mozilla/5.0 (Macintosh; Intel Mac OS X 11_14) AppleWebKit/537.36 (KHTML, like Gecko) Chrome/109.0.5397.215 Safari/537.36
2024-11-11 19:51:49,949 - INFO - Found 29 headlines for 2023/nov/04
2024-11-11 19:51:50,736 - INFO - Using User-Agent: Mozilla/5.0 (Macintosh; Intel Mac OS X 10_15_7) AppleWebKit/537.36 (KHTML, like Gecko) Chrome/108.0.0.0 Safari/537.36
2024-11-11 19:51:51,817 - INFO - Found 31 headlines for 2023/nov/05
2024-11-11 19:51:51,949 - INFO - Using User-Agent: Mozilla/5.0 (Macintosh; Intel Mac OS X 10_15_7) AppleWebKit/537.36 (KHTML, like Gecko) Chrome/108.0.0.0 Safari/537.36
2024-11-11 19:51:53,032 - INFO - Found 33 headlines for 2023/nov/06
2024-11-11 19:51:53,235 - INFO - Using User-Agent: Mozilla/5.0 (Macintosh; Intel Mac OS X 10_15_7) AppleWebKit/537.36 (KHTML, like Gecko) Chrome/108.0.0.0 Safari/537.36
2024-11-11 19:51:54,472 - INFO - Found 46 headlines for 2023/nov/07
2024-11-11 19:51:55,095 - INFO - Using User-Agent: Mozilla/5.0 (Windows NT 10.0; Win64; x64) AppleWebKit/537.36 (KHTML, like Gecko) Firefox/89.0
2024-11-11 19:51:56,090 - INFO - Found 29 headlines for 2023/nov/08
2024-11-11 19:51:56,414 - INFO - Using User-Agent: Mozilla/5.0 (Macintosh; Intel Mac OS X 11_3) AppleWebKit/537.36 (KHTML, like Gecko) Chrome/109.0.5412.99 Safari/537.36
2024-11-11 19:51:57,330 - INFO - Found 44 headlines for 2023/nov/09
2024-11-11 19:51:58,194 - INFO - Using User-Agent: Mozilla/5.0 (Macintosh; Intel Mac OS X 10_15_7) AppleWebKit/537.36 (KHTML, like Gecko) Chrome/108.0.0.0 Safari/537.36
2024-11-11 19:51:59,246 - INFO - Found 40 headlines for 2023/nov/10
2024-11-11 19:51:59,807 - INFO - Using User-Agent: Mozilla/5.0 (Macintosh; Intel Mac OS X 11_14) AppleWebKit/537.36 (KHTML, like Gecko) Chrome/109.0.5397.215 Safari/537.36
2024-11-11 19:52:00,797 - INFO - Found 29 headlines for 2023/nov/11
2024-11-11 19:52:01,807 - INFO - Using User-Agent: Mozilla/5.0 (Macintosh; Intel Mac OS X 10_10) AppleWebKit/537.36 (KHTML, like Gecko) Chrome/108.0.5361.172 Safari/537.36
2024-11-11 19:52:02,777 - INFO - Found 33 headlines for 2023/nov/12
2024-11-11 19:52:03,265 - INFO - Using User-Agent: Mozilla/5.0 (Windows NT 10.0; Win64; x64) AppleWebKit/537.36 (KHTML, like Gecko) Firefox/89.0
2024-11-11 19:52:04,510 - INFO - Found 33 headlines for 2023/nov/13
2024-11-11 19:52:05,076 - INFO - Using User-Agent: Mozilla/5.0 (Windows NT 10.0; Win64; x64) AppleWebKit/537.36 (KHTML, like Gecko) Firefox/89.0
2024-11-11 19:52:05,926 - INFO - Found 36 headlines for 2023/nov/14
2024-11-11 19:52:05,996 - INFO - Using User-Agent: Mozilla/5.0 (Windows NT 10.0; Win64; x64) AppleWebKit/537.36 (KHTML, like Gecko) Chrome/91.0.4472.124 Safari/537.36
2024-11-11 19:52:07,144 - INFO - Found 33 headlines for 2023/nov/15
2024-11-11 19:52:07,155 - INFO - Using User-Agent: Mozilla/5.0 (Windows NT 10.0; Win64; x64) AppleWebKit/537.36 (KHTML, like Gecko) Firefox/89.0
2024-11-11 19:52:08,167 - INFO - Found 40 headlines for 2023/nov/16
2024-11-11 19:52:08,225 - INFO - Using User-Agent: Mozilla/5.0 (Windows NT 10.0; Win64; x64) AppleWebKit/537.36 (KHTML, like Gecko) Firefox/89.0
2024-11-11 19:52:09,194 - INFO - Found 38 headlines for 2023/nov/17
2024-11-11 19:52:10,175 - INFO - Using User-Agent: Mozilla/5.0 (Macintosh; Intel Mac OS X 10_15_7) AppleWebKit/537.36 (KHTML, like Gecko) Chrome/108.0.0.0 Safari/537.36
2024-11-11 19:52:11,270 - INFO - Found 29 headlines for 2023/nov/18
2024-11-11 19:52:11,836 - INFO - Using User-Agent: Mozilla/5.0 (X11; Linux i686) AppleWebKit/537.36 (KHTML, like Gecko) Chrome/109.0.5388.177 Safari/537.36
2024-11-11 19:52:12,958 - INFO - Found 20 headlines for 2023/nov/19
2024-11-11 19:52:13,221 - INFO - Using User-Agent: Mozilla/5.0 (Macintosh; Intel Mac OS X 11_14) AppleWebKit/537.36 (KHTML, like Gecko) Chrome/109.0.5397.215 Safari/537.36
2024-11-11 19:52:14,134 - INFO - Found 33 headlines for 2023/nov/20
2024-11-11 19:52:15,030 - INFO - Using User-Agent: Mozilla/5.0 (X11; Linux i686) AppleWebKit/537.36 (KHTML, like Gecko) Chrome/109.0.5388.177 Safari/537.36
2024-11-11 19:52:16,015 - INFO - Found 35 headlines for 2023/nov/21
2024-11-11 19:52:16,225 - INFO - Using User-Agent: Mozilla/5.0 (Macintosh; Intel Mac OS X 11_3) AppleWebKit/537.36 (KHTML, like Gecko) Chrome/109.0.5412.99 Safari/537.36
2024-11-11 19:52:17,230 - INFO - Found 42 headlines for 2023/nov/22
2024-11-11 19:52:17,265 - INFO - Using User-Agent: Mozilla/5.0 (Macintosh; Intel Mac OS X 11_3) AppleWebKit/537.36 (KHTML, like Gecko) Chrome/109.0.5412.99 Safari/537.36
2024-11-11 19:52:18,233 - INFO - Found 37 headlines for 2023/nov/23
2024-11-11 19:52:19,221 - INFO - Using User-Agent: Mozilla/5.0 (X11; Linux i686) AppleWebKit/537.36 (KHTML, like Gecko) Chrome/109.0.5388.177 Safari/537.36
2024-11-11 19:52:20,287 - INFO - Found 37 headlines for 2023/nov/24
2024-11-11 19:52:20,963 - INFO - Using User-Agent: Mozilla/5.0 (Macintosh; Intel Mac OS X 11_14) AppleWebKit/537.36 (KHTML, like Gecko) Chrome/109.0.5397.215 Safari/537.36
2024-11-11 19:52:21,829 - INFO - Found 32 headlines for 2023/nov/25
2024-11-11 19:52:22,378 - INFO - Using User-Agent: Mozilla/5.0 (Macintosh; Intel Mac OS X 10_15_7) AppleWebKit/605.1.15 (KHTML, like Gecko) Version/14.0.3 Safari/605.1.15
2024-11-11 19:52:23,336 - INFO - Found 26 headlines for 2023/nov/26
2024-11-11 19:52:24,209 - INFO - Using User-Agent: Mozilla/5.0 (Macintosh; Intel Mac OS X 11_14) AppleWebKit/537.36 (KHTML, like Gecko) Chrome/109.0.5397.215 Safari/537.36
2024-11-11 19:52:25,205 - INFO - Found 37 headlines for 2023/nov/27
2024-11-11 19:52:25,393 - INFO - Using User-Agent: Mozilla/5.0 (X11; Linux i686) AppleWebKit/537.36 (KHTML, like Gecko) Chrome/109.0.5388.177 Safari/537.36
2024-11-11 19:52:26,435 - INFO - Found 42 headlines for 2023/nov/28
2024-11-11 19:52:26,994 - INFO - Using User-Agent: Mozilla/5.0 (X11; Linux i686) AppleWebKit/537.36 (KHTML, like Gecko) Chrome/109.0.5388.177 Safari/537.36
2024-11-11 19:52:27,961 - INFO - Found 36 headlines for 2023/nov/29
2024-11-11 19:52:27,989 - INFO - Using User-Agent: Mozilla/5.0 (Macintosh; Intel Mac OS X 11_14) AppleWebKit/537.36 (KHTML, like Gecko) Chrome/109.0.5397.215 Safari/537.36
2024-11-11 19:52:28,860 - INFO - Found 32 headlines for 2023/nov/30
2024-11-11 19:52:29,403 - INFO - Using User-Agent: Mozilla/5.0 (X11; Linux i686) AppleWebKit/537.36 (KHTML, like Gecko) Chrome/109.0.5388.177 Safari/537.36
2024-11-11 19:52:30,296 - INFO - Found 38 headlines for 2023/dec/01
2024-11-11 19:52:30,788 - INFO - Using User-Agent: Mozilla/5.0 (X11; Linux i686) AppleWebKit/537.36 (KHTML, like Gecko) Chrome/109.0.5388.177 Safari/537.36
2024-11-11 19:52:31,758 - INFO - Found 24 headlines for 2023/dec/02
2024-11-11 19:52:31,803 - INFO - Using User-Agent: Mozilla/5.0 (Windows NT 10.0; Win64; x64) AppleWebKit/537.36 (KHTML, like Gecko) Firefox/89.0
2024-11-11 19:52:32,762 - INFO - Found 20 headlines for 2023/dec/03
2024-11-11 19:52:33,087 - INFO - Using User-Agent: Mozilla/5.0 (Macintosh; Intel Mac OS X 10_10) AppleWebKit/537.36 (KHTML, like Gecko) Chrome/108.0.5361.172 Safari/537.36
2024-11-11 19:52:34,039 - INFO - Found 31 headlines for 2023/dec/04
2024-11-11 19:52:34,813 - INFO - Using User-Agent: Mozilla/5.0 (Windows NT 10.0; Win64; x64) AppleWebKit/537.36 (KHTML, like Gecko) Chrome/91.0.4472.124 Safari/537.36
2024-11-11 19:52:35,868 - INFO - Found 46 headlines for 2023/dec/05
2024-11-11 19:52:36,616 - INFO - Using User-Agent: Mozilla/5.0 (X11; Linux i686) AppleWebKit/537.36 (KHTML, like Gecko) Chrome/109.0.5388.177 Safari/537.36
2024-11-11 19:52:37,644 - INFO - Found 38 headlines for 2023/dec/06
2024-11-11 19:52:38,596 - INFO - Using User-Agent: Mozilla/5.0 (Macintosh; Intel Mac OS X 11_14) AppleWebKit/537.36 (KHTML, like Gecko) Chrome/109.0.5397.215 Safari/537.36
2024-11-11 19:52:39,493 - INFO - Found 31 headlines for 2023/dec/07
2024-11-11 19:52:40,203 - INFO - Using User-Agent: Mozilla/5.0 (Windows NT 10.0; Win64; x64) AppleWebKit/537.36 (KHTML, like Gecko) Firefox/89.0
2024-11-11 19:52:41,166 - INFO - Found 33 headlines for 2023/dec/08
2024-11-11 19:52:41,209 - INFO - Using User-Agent: Mozilla/5.0 (Windows NT 10.0; Win64; x64) AppleWebKit/537.36 (KHTML, like Gecko) Chrome/91.0.4472.124 Safari/537.36
2024-11-11 19:52:42,188 - INFO - Found 14 headlines for 2023/dec/09
2024-11-11 19:52:42,667 - INFO - Using User-Agent: Mozilla/5.0 (Windows NT 10.0; Win64; x64) AppleWebKit/537.36 (KHTML, like Gecko) Chrome/91.0.4472.124 Safari/537.36
2024-11-11 19:52:43,713 - INFO - Found 22 headlines for 2023/dec/10
2024-11-11 19:52:43,744 - INFO - Using User-Agent: Mozilla/5.0 (Macintosh; Intel Mac OS X 11_14) AppleWebKit/537.36 (KHTML, like Gecko) Chrome/109.0.5397.215 Safari/537.36
2024-11-11 19:52:44,659 - INFO - Found 32 headlines for 2023/dec/11
2024-11-11 19:52:45,639 - INFO - Using User-Agent: Mozilla/5.0 (Macintosh; Intel Mac OS X 11_3) AppleWebKit/537.36 (KHTML, like Gecko) Chrome/109.0.5412.99 Safari/537.36
2024-11-11 19:52:46,736 - INFO - Found 39 headlines for 2023/dec/12
2024-11-11 19:52:47,498 - INFO - Using User-Agent: Mozilla/5.0 (X11; Linux i686) AppleWebKit/537.36 (KHTML, like Gecko) Chrome/109.0.5388.177 Safari/537.36
2024-11-11 19:52:48,540 - INFO - Found 32 headlines for 2023/dec/13
2024-11-11 19:52:48,594 - INFO - Using User-Agent: Mozilla/5.0 (Macintosh; Intel Mac OS X 10_15_7) AppleWebKit/605.1.15 (KHTML, like Gecko) Version/14.0.3 Safari/605.1.15
2024-11-11 19:52:49,786 - INFO - Found 34 headlines for 2023/dec/14
2024-11-11 19:52:50,666 - INFO - Using User-Agent: Mozilla/5.0 (Macintosh; Intel Mac OS X 10_15_7) AppleWebKit/537.36 (KHTML, like Gecko) Chrome/108.0.0.0 Safari/537.36
2024-11-11 19:52:51,600 - INFO - Found 37 headlines for 2023/dec/15
2024-11-11 19:52:51,796 - INFO - Using User-Agent: Mozilla/5.0 (X11; Linux i686) AppleWebKit/537.36 (KHTML, like Gecko) Chrome/109.0.5388.177 Safari/537.36
2024-11-11 19:52:52,665 - INFO - Found 27 headlines for 2023/dec/16
2024-11-11 19:52:53,283 - INFO - Using User-Agent: Mozilla/5.0 (Macintosh; Intel Mac OS X 10_10) AppleWebKit/537.36 (KHTML, like Gecko) Chrome/108.0.5361.172 Safari/537.36
2024-11-11 19:52:54,238 - INFO - Found 22 headlines for 2023/dec/17
2024-11-11 19:52:54,513 - INFO - Using User-Agent: Mozilla/5.0 (X11; Linux i686) AppleWebKit/537.36 (KHTML, like Gecko) Chrome/109.0.5388.177 Safari/537.36
2024-11-11 19:52:55,550 - INFO - Found 32 headlines for 2023/dec/18
2024-11-11 19:52:56,451 - INFO - Using User-Agent: Mozilla/5.0 (Macintosh; Intel Mac OS X 11_3) AppleWebKit/537.36 (KHTML, like Gecko) Chrome/109.0.5412.99 Safari/537.36
2024-11-11 19:52:57,336 - INFO - Found 37 headlines for 2023/dec/19
2024-11-11 19:52:57,814 - INFO - Using User-Agent: Mozilla/5.0 (Macintosh; Intel Mac OS X 10_15_7) AppleWebKit/537.36 (KHTML, like Gecko) Chrome/108.0.0.0 Safari/537.36
2024-11-11 19:52:58,762 - INFO - Found 29 headlines for 2023/dec/20
2024-11-11 19:52:59,390 - INFO - Using User-Agent: Mozilla/5.0 (Macintosh; Intel Mac OS X 11_3) AppleWebKit/537.36 (KHTML, like Gecko) Chrome/109.0.5412.99 Safari/537.36
2024-11-11 19:53:00,411 - INFO - Found 36 headlines for 2023/dec/21
2024-11-11 19:53:01,241 - INFO - Using User-Agent: Mozilla/5.0 (Macintosh; Intel Mac OS X 10_15_7) AppleWebKit/537.36 (KHTML, like Gecko) Chrome/108.0.0.0 Safari/537.36
2024-11-11 19:53:02,328 - INFO - Found 32 headlines for 2023/dec/22
2024-11-11 19:53:02,465 - INFO - Using User-Agent: Mozilla/5.0 (Windows NT 10.0; Win64; x64) AppleWebKit/537.36 (KHTML, like Gecko) Chrome/91.0.4472.124 Safari/537.36
2024-11-11 19:53:03,483 - INFO - Found 17 headlines for 2023/dec/23
2024-11-11 19:53:04,275 - INFO - Using User-Agent: Mozilla/5.0 (Windows NT 10.0; Win64; x64) AppleWebKit/537.36 (KHTML, like Gecko) Firefox/89.0
2024-11-11 19:53:05,365 - INFO - Found 28 headlines for 2023/dec/24
2024-11-11 19:53:05,398 - INFO - Using User-Agent: Mozilla/5.0 (Macintosh; Intel Mac OS X 10_10) AppleWebKit/537.36 (KHTML, like Gecko) Chrome/108.0.5361.172 Safari/537.36
2024-11-11 19:53:06,356 - INFO - Found 21 headlines for 2023/dec/25
2024-11-11 19:53:07,067 - INFO - Using User-Agent: Mozilla/5.0 (Windows NT 10.0; Win64; x64) AppleWebKit/537.36 (KHTML, like Gecko) Chrome/91.0.4472.124 Safari/537.36
2024-11-11 19:53:07,856 - INFO - Found 16 headlines for 2023/dec/26
2024-11-11 19:53:08,655 - INFO - Using User-Agent: Mozilla/5.0 (Macintosh; Intel Mac OS X 10_10) AppleWebKit/537.36 (KHTML, like Gecko) Chrome/108.0.5361.172 Safari/537.36
2024-11-11 19:53:09,497 - INFO - Found 29 headlines for 2023/dec/27
2024-11-11 19:53:09,963 - INFO - Using User-Agent: Mozilla/5.0 (Windows NT 10.0; Win64; x64) AppleWebKit/537.36 (KHTML, like Gecko) Chrome/91.0.4472.124 Safari/537.36
2024-11-11 19:53:10,868 - INFO - Found 21 headlines for 2023/dec/28
2024-11-11 19:53:11,131 - INFO - Using User-Agent: Mozilla/5.0 (Macintosh; Intel Mac OS X 11_14) AppleWebKit/537.36 (KHTML, like Gecko) Chrome/109.0.5397.215 Safari/537.36
2024-11-11 19:53:12,132 - INFO - Found 27 headlines for 2023/dec/29
2024-11-11 19:53:12,301 - INFO - Using User-Agent: Mozilla/5.0 (Windows NT 10.0; Win64; x64) AppleWebKit/537.36 (KHTML, like Gecko) Chrome/91.0.4472.124 Safari/537.36
2024-11-11 19:53:13,297 - INFO - Found 17 headlines for 2023/dec/30
2024-11-11 19:53:14,266 - INFO - Using User-Agent: Mozilla/5.0 (Windows NT 10.0; Win64; x64) AppleWebKit/537.36 (KHTML, like Gecko) Chrome/91.0.4472.124 Safari/537.36
2024-11-11 19:53:15,378 - INFO - Found 29 headlines for 2023/dec/31
2024-11-11 19:53:16,223 - INFO - Using User-Agent: Mozilla/5.0 (Macintosh; Intel Mac OS X 10_10) AppleWebKit/537.36 (KHTML, like Gecko) Chrome/108.0.5361.172 Safari/537.36
2024-11-11 19:53:17,192 - INFO - Found 30 headlines for 2024/jan/01
2024-11-11 19:53:18,136 - INFO - Using User-Agent: Mozilla/5.0 (Macintosh; Intel Mac OS X 10_15_7) AppleWebKit/605.1.15 (KHTML, like Gecko) Version/14.0.3 Safari/605.1.15
2024-11-11 19:53:19,040 - INFO - Found 36 headlines for 2024/jan/02
2024-11-11 19:53:19,404 - INFO - Using User-Agent: Mozilla/5.0 (Macintosh; Intel Mac OS X 11_3) AppleWebKit/537.36 (KHTML, like Gecko) Chrome/109.0.5412.99 Safari/537.36
2024-11-11 19:53:20,253 - INFO - Found 37 headlines for 2024/jan/03
2024-11-11 19:53:21,053 - INFO - Using User-Agent: Mozilla/5.0 (Macintosh; Intel Mac OS X 11_3) AppleWebKit/537.36 (KHTML, like Gecko) Chrome/109.0.5412.99 Safari/537.36
2024-11-11 19:53:22,187 - INFO - Found 32 headlines for 2024/jan/04
2024-11-11 19:53:22,814 - INFO - Using User-Agent: Mozilla/5.0 (Windows NT 10.0; Win64; x64) AppleWebKit/537.36 (KHTML, like Gecko) Chrome/91.0.4472.124 Safari/537.36
2024-11-11 19:53:23,757 - INFO - Found 27 headlines for 2024/jan/05
2024-11-11 19:53:24,710 - INFO - Using User-Agent: Mozilla/5.0 (Macintosh; Intel Mac OS X 11_3) AppleWebKit/537.36 (KHTML, like Gecko) Chrome/109.0.5412.99 Safari/537.36
2024-11-11 19:53:25,619 - INFO - Found 23 headlines for 2024/jan/06
2024-11-11 19:53:26,513 - INFO - Using User-Agent: Mozilla/5.0 (Macintosh; Intel Mac OS X 10_10) AppleWebKit/537.36 (KHTML, like Gecko) Chrome/108.0.5361.172 Safari/537.36
2024-11-11 19:53:27,620 - INFO - Found 21 headlines for 2024/jan/07
2024-11-11 19:53:27,706 - INFO - Using User-Agent: Mozilla/5.0 (Macintosh; Intel Mac OS X 11_14) AppleWebKit/537.36 (KHTML, like Gecko) Chrome/109.0.5397.215 Safari/537.36
2024-11-11 19:53:30,094 - INFO - Found 33 headlines for 2024/jan/08
2024-11-11 19:53:30,576 - INFO - Using User-Agent: Mozilla/5.0 (Macintosh; Intel Mac OS X 10_10) AppleWebKit/537.36 (KHTML, like Gecko) Chrome/108.0.5361.172 Safari/537.36
2024-11-11 19:53:32,051 - INFO - Found 40 headlines for 2024/jan/09
2024-11-11 19:53:32,640 - INFO - Using User-Agent: Mozilla/5.0 (Macintosh; Intel Mac OS X 10_10) AppleWebKit/537.36 (KHTML, like Gecko) Chrome/108.0.5361.172 Safari/537.36
2024-11-11 19:53:33,587 - INFO - Found 38 headlines for 2024/jan/10
2024-11-11 19:53:34,184 - INFO - Using User-Agent: Mozilla/5.0 (Windows NT 10.0; Win64; x64) AppleWebKit/537.36 (KHTML, like Gecko) Chrome/91.0.4472.124 Safari/537.36
2024-11-11 19:53:35,253 - INFO - Found 36 headlines for 2024/jan/11
2024-11-11 19:53:36,188 - INFO - Using User-Agent: Mozilla/5.0 (Macintosh; Intel Mac OS X 10_15_7) AppleWebKit/537.36 (KHTML, like Gecko) Chrome/108.0.0.0 Safari/537.36
2024-11-11 19:53:37,294 - INFO - Found 39 headlines for 2024/jan/12
2024-11-11 19:53:37,645 - INFO - Using User-Agent: Mozilla/5.0 (Macintosh; Intel Mac OS X 11_14) AppleWebKit/537.36 (KHTML, like Gecko) Chrome/109.0.5397.215 Safari/537.36
2024-11-11 19:53:38,716 - INFO - Found 23 headlines for 2024/jan/13
2024-11-11 19:53:39,146 - INFO - Using User-Agent: Mozilla/5.0 (Macintosh; Intel Mac OS X 10_15_7) AppleWebKit/605.1.15 (KHTML, like Gecko) Version/14.0.3 Safari/605.1.15
2024-11-11 19:53:40,166 - INFO - Found 27 headlines for 2024/jan/14
2024-11-11 19:53:41,039 - INFO - Using User-Agent: Mozilla/5.0 (Macintosh; Intel Mac OS X 10_10) AppleWebKit/537.36 (KHTML, like Gecko) Chrome/108.0.5361.172 Safari/537.36
2024-11-11 19:53:42,023 - INFO - Found 34 headlines for 2024/jan/15
2024-11-11 19:53:42,187 - INFO - Using User-Agent: Mozilla/5.0 (Windows NT 10.0; Win64; x64) AppleWebKit/537.36 (KHTML, like Gecko) Firefox/89.0
2024-11-11 19:53:43,403 - INFO - Found 32 headlines for 2024/jan/16
2024-11-11 19:53:43,786 - INFO - Using User-Agent: Mozilla/5.0 (Macintosh; Intel Mac OS X 11_3) AppleWebKit/537.36 (KHTML, like Gecko) Chrome/109.0.5412.99 Safari/537.36
2024-11-11 19:53:45,071 - INFO - Found 37 headlines for 2024/jan/17
2024-11-11 19:53:45,475 - INFO - Using User-Agent: Mozilla/5.0 (Macintosh; Intel Mac OS X 10_15_7) AppleWebKit/605.1.15 (KHTML, like Gecko) Version/14.0.3 Safari/605.1.15
2024-11-11 19:53:47,017 - INFO - Found 40 headlines for 2024/jan/18
2024-11-11 19:53:47,818 - INFO - Using User-Agent: Mozilla/5.0 (Macintosh; Intel Mac OS X 11_14) AppleWebKit/537.36 (KHTML, like Gecko) Chrome/109.0.5397.215 Safari/537.36
2024-11-11 19:53:49,293 - INFO - Found 37 headlines for 2024/jan/19
2024-11-11 19:53:49,475 - INFO - Using User-Agent: Mozilla/5.0 (Windows NT 10.0; Win64; x64) AppleWebKit/537.36 (KHTML, like Gecko) Firefox/89.0
2024-11-11 19:53:50,547 - INFO - Found 18 headlines for 2024/jan/20
2024-11-11 19:53:51,434 - INFO - Using User-Agent: Mozilla/5.0 (Windows NT 10.0; Win64; x64) AppleWebKit/537.36 (KHTML, like Gecko) Chrome/91.0.4472.124 Safari/537.36
2024-11-11 19:53:52,341 - INFO - Found 25 headlines for 2024/jan/21
2024-11-11 19:53:52,696 - INFO - Using User-Agent: Mozilla/5.0 (Macintosh; Intel Mac OS X 11_3) AppleWebKit/537.36 (KHTML, like Gecko) Chrome/109.0.5412.99 Safari/537.36
2024-11-11 19:53:53,684 - INFO - Found 34 headlines for 2024/jan/22
2024-11-11 19:53:54,521 - INFO - Using User-Agent: Mozilla/5.0 (Macintosh; Intel Mac OS X 11_3) AppleWebKit/537.36 (KHTML, like Gecko) Chrome/109.0.5412.99 Safari/537.36
2024-11-11 19:53:55,535 - INFO - Found 37 headlines for 2024/jan/23
2024-11-11 19:53:56,369 - INFO - Using User-Agent: Mozilla/5.0 (Macintosh; Intel Mac OS X 10_15_7) AppleWebKit/605.1.15 (KHTML, like Gecko) Version/14.0.3 Safari/605.1.15
2024-11-11 19:53:57,350 - INFO - Found 37 headlines for 2024/jan/24
2024-11-11 19:53:57,781 - INFO - Using User-Agent: Mozilla/5.0 (Macintosh; Intel Mac OS X 11_3) AppleWebKit/537.36 (KHTML, like Gecko) Chrome/109.0.5412.99 Safari/537.36
2024-11-11 19:53:58,905 - INFO - Found 42 headlines for 2024/jan/25
2024-11-11 19:53:59,063 - INFO - Using User-Agent: Mozilla/5.0 (Macintosh; Intel Mac OS X 11_3) AppleWebKit/537.36 (KHTML, like Gecko) Chrome/109.0.5412.99 Safari/537.36
2024-11-11 19:53:59,859 - INFO - Found 35 headlines for 2024/jan/26
2024-11-11 19:53:59,938 - INFO - Using User-Agent: Mozilla/5.0 (Windows NT 10.0; Win64; x64) AppleWebKit/537.36 (KHTML, like Gecko) Firefox/89.0
2024-11-11 19:54:00,792 - INFO - Found 21 headlines for 2024/jan/27
2024-11-11 19:54:01,669 - INFO - Using User-Agent: Mozilla/5.0 (Macintosh; Intel Mac OS X 11_14) AppleWebKit/537.36 (KHTML, like Gecko) Chrome/109.0.5397.215 Safari/537.36
2024-11-11 19:54:02,687 - INFO - Found 23 headlines for 2024/jan/28
2024-11-11 19:54:02,925 - INFO - Using User-Agent: Mozilla/5.0 (Macintosh; Intel Mac OS X 10_15_7) AppleWebKit/605.1.15 (KHTML, like Gecko) Version/14.0.3 Safari/605.1.15
2024-11-11 19:54:03,807 - INFO - Found 36 headlines for 2024/jan/29
2024-11-11 19:54:04,165 - INFO - Using User-Agent: Mozilla/5.0 (X11; Linux i686) AppleWebKit/537.36 (KHTML, like Gecko) Chrome/109.0.5388.177 Safari/537.36
2024-11-11 19:54:05,138 - INFO - Found 37 headlines for 2024/jan/30
2024-11-11 19:54:05,521 - INFO - Using User-Agent: Mozilla/5.0 (Macintosh; Intel Mac OS X 10_15_7) AppleWebKit/605.1.15 (KHTML, like Gecko) Version/14.0.3 Safari/605.1.15
2024-11-11 19:54:06,411 - INFO - Found 35 headlines for 2024/jan/31
2024-11-11 19:54:06,754 - INFO - Using User-Agent: Mozilla/5.0 (Windows NT 10.0; Win64; x64) AppleWebKit/537.36 (KHTML, like Gecko) Chrome/91.0.4472.124 Safari/537.36
2024-11-11 19:54:07,630 - INFO - Found 35 headlines for 2024/feb/01
2024-11-11 19:54:08,229 - INFO - Using User-Agent: Mozilla/5.0 (Windows NT 10.0; Win64; x64) AppleWebKit/537.36 (KHTML, like Gecko) Firefox/89.0
2024-11-11 19:54:09,220 - INFO - Found 33 headlines for 2024/feb/02
2024-11-11 19:54:09,257 - INFO - Using User-Agent: Mozilla/5.0 (X11; Linux i686) AppleWebKit/537.36 (KHTML, like Gecko) Chrome/109.0.5388.177 Safari/537.36
2024-11-11 19:54:10,298 - INFO - Found 23 headlines for 2024/feb/03
2024-11-11 19:54:10,697 - INFO - Using User-Agent: Mozilla/5.0 (Macintosh; Intel Mac OS X 10_15_7) AppleWebKit/605.1.15 (KHTML, like Gecko) Version/14.0.3 Safari/605.1.15
2024-11-11 19:54:11,680 - INFO - Found 20 headlines for 2024/feb/04
2024-11-11 19:54:12,641 - INFO - Using User-Agent: Mozilla/5.0 (Macintosh; Intel Mac OS X 11_14) AppleWebKit/537.36 (KHTML, like Gecko) Chrome/109.0.5397.215 Safari/537.36
2024-11-11 19:54:13,845 - INFO - Found 33 headlines for 2024/feb/05
2024-11-11 19:54:14,705 - INFO - Using User-Agent: Mozilla/5.0 (Macintosh; Intel Mac OS X 10_10) AppleWebKit/537.36 (KHTML, like Gecko) Chrome/108.0.5361.172 Safari/537.36
2024-11-11 19:54:15,568 - INFO - Found 31 headlines for 2024/feb/06
2024-11-11 19:54:16,422 - INFO - Using User-Agent: Mozilla/5.0 (Macintosh; Intel Mac OS X 11_14) AppleWebKit/537.36 (KHTML, like Gecko) Chrome/109.0.5397.215 Safari/537.36
2024-11-11 19:54:17,316 - INFO - Found 33 headlines for 2024/feb/07
2024-11-11 19:54:17,914 - INFO - Using User-Agent: Mozilla/5.0 (Windows NT 10.0; Win64; x64) AppleWebKit/537.36 (KHTML, like Gecko) Firefox/89.0
2024-11-11 19:54:18,832 - INFO - Found 34 headlines for 2024/feb/08
2024-11-11 19:54:19,663 - INFO - Using User-Agent: Mozilla/5.0 (Macintosh; Intel Mac OS X 11_14) AppleWebKit/537.36 (KHTML, like Gecko) Chrome/109.0.5397.215 Safari/537.36
2024-11-11 19:54:20,713 - INFO - Found 33 headlines for 2024/feb/09
2024-11-11 19:54:21,278 - INFO - Using User-Agent: Mozilla/5.0 (Macintosh; Intel Mac OS X 10_10) AppleWebKit/537.36 (KHTML, like Gecko) Chrome/108.0.5361.172 Safari/537.36
2024-11-11 19:54:22,117 - INFO - Found 21 headlines for 2024/feb/10
2024-11-11 19:54:22,732 - INFO - Using User-Agent: Mozilla/5.0 (Macintosh; Intel Mac OS X 11_14) AppleWebKit/537.36 (KHTML, like Gecko) Chrome/109.0.5397.215 Safari/537.36
2024-11-11 19:54:23,739 - INFO - Found 19 headlines for 2024/feb/11
2024-11-11 19:54:24,670 - INFO - Using User-Agent: Mozilla/5.0 (Windows NT 10.0; Win64; x64) AppleWebKit/537.36 (KHTML, like Gecko) Firefox/89.0
2024-11-11 19:54:25,530 - INFO - Found 32 headlines for 2024/feb/12
2024-11-11 19:54:25,666 - INFO - Using User-Agent: Mozilla/5.0 (X11; Linux i686) AppleWebKit/537.36 (KHTML, like Gecko) Chrome/109.0.5388.177 Safari/537.36
2024-11-11 19:54:26,636 - INFO - Found 37 headlines for 2024/feb/13
2024-11-11 19:54:27,148 - INFO - Using User-Agent: Mozilla/5.0 (Macintosh; Intel Mac OS X 10_15_7) AppleWebKit/605.1.15 (KHTML, like Gecko) Version/14.0.3 Safari/605.1.15
2024-11-11 19:54:28,083 - INFO - Found 34 headlines for 2024/feb/14
2024-11-11 19:54:28,434 - INFO - Using User-Agent: Mozilla/5.0 (Macintosh; Intel Mac OS X 10_10) AppleWebKit/537.36 (KHTML, like Gecko) Chrome/108.0.5361.172 Safari/537.36
2024-11-11 19:54:29,496 - INFO - Found 32 headlines for 2024/feb/15
2024-11-11 19:54:29,807 - INFO - Using User-Agent: Mozilla/5.0 (X11; Linux i686) AppleWebKit/537.36 (KHTML, like Gecko) Chrome/109.0.5388.177 Safari/537.36
2024-11-11 19:54:30,960 - INFO - Found 42 headlines for 2024/feb/16
2024-11-11 19:54:31,101 - INFO - Using User-Agent: Mozilla/5.0 (Macintosh; Intel Mac OS X 11_3) AppleWebKit/537.36 (KHTML, like Gecko) Chrome/109.0.5412.99 Safari/537.36
2024-11-11 19:54:32,174 - INFO - Found 27 headlines for 2024/feb/17
2024-11-11 19:54:32,647 - INFO - Using User-Agent: Mozilla/5.0 (Macintosh; Intel Mac OS X 11_14) AppleWebKit/537.36 (KHTML, like Gecko) Chrome/109.0.5397.215 Safari/537.36
2024-11-11 19:54:33,790 - INFO - Found 25 headlines for 2024/feb/18
2024-11-11 19:54:34,404 - INFO - Using User-Agent: Mozilla/5.0 (Macintosh; Intel Mac OS X 10_15_7) AppleWebKit/537.36 (KHTML, like Gecko) Chrome/108.0.0.0 Safari/537.36
2024-11-11 19:54:35,470 - INFO - Found 36 headlines for 2024/feb/19
2024-11-11 19:54:35,959 - INFO - Using User-Agent: Mozilla/5.0 (Windows NT 10.0; Win64; x64) AppleWebKit/537.36 (KHTML, like Gecko) Chrome/91.0.4472.124 Safari/537.36
2024-11-11 19:54:36,856 - INFO - Found 31 headlines for 2024/feb/20
2024-11-11 19:54:37,799 - INFO - Using User-Agent: Mozilla/5.0 (Macintosh; Intel Mac OS X 11_3) AppleWebKit/537.36 (KHTML, like Gecko) Chrome/109.0.5412.99 Safari/537.36
2024-11-11 19:54:38,962 - INFO - Found 30 headlines for 2024/feb/21
2024-11-11 19:54:39,558 - INFO - Using User-Agent: Mozilla/5.0 (Macintosh; Intel Mac OS X 10_15_7) AppleWebKit/537.36 (KHTML, like Gecko) Chrome/108.0.0.0 Safari/537.36
2024-11-11 19:54:40,551 - INFO - Found 29 headlines for 2024/feb/22
2024-11-11 19:54:41,025 - INFO - Using User-Agent: Mozilla/5.0 (X11; Linux i686) AppleWebKit/537.36 (KHTML, like Gecko) Chrome/109.0.5388.177 Safari/537.36
2024-11-11 19:54:42,027 - INFO - Found 35 headlines for 2024/feb/23
2024-11-11 19:54:42,650 - INFO - Using User-Agent: Mozilla/5.0 (Macintosh; Intel Mac OS X 11_14) AppleWebKit/537.36 (KHTML, like Gecko) Chrome/109.0.5397.215 Safari/537.36
2024-11-11 19:54:43,620 - INFO - Found 31 headlines for 2024/feb/24
2024-11-11 19:54:44,398 - INFO - Using User-Agent: Mozilla/5.0 (Macintosh; Intel Mac OS X 10_15_7) AppleWebKit/605.1.15 (KHTML, like Gecko) Version/14.0.3 Safari/605.1.15
2024-11-11 19:54:45,246 - INFO - Found 25 headlines for 2024/feb/25
2024-11-11 19:54:45,739 - INFO - Using User-Agent: Mozilla/5.0 (Windows NT 10.0; Win64; x64) AppleWebKit/537.36 (KHTML, like Gecko) Chrome/91.0.4472.124 Safari/537.36
2024-11-11 19:54:46,724 - INFO - Found 34 headlines for 2024/feb/26
2024-11-11 19:54:46,766 - INFO - Using User-Agent: Mozilla/5.0 (Macintosh; Intel Mac OS X 10_10) AppleWebKit/537.36 (KHTML, like Gecko) Chrome/108.0.5361.172 Safari/537.36
2024-11-11 19:54:47,722 - INFO - Found 39 headlines for 2024/feb/27
2024-11-11 19:54:47,782 - INFO - Using User-Agent: Mozilla/5.0 (Macintosh; Intel Mac OS X 10_15_7) AppleWebKit/537.36 (KHTML, like Gecko) Chrome/108.0.0.0 Safari/537.36
2024-11-11 19:54:48,708 - INFO - Found 38 headlines for 2024/feb/28
2024-11-11 19:54:49,398 - INFO - Using User-Agent: Mozilla/5.0 (X11; Linux i686) AppleWebKit/537.36 (KHTML, like Gecko) Chrome/109.0.5388.177 Safari/537.36
2024-11-11 19:54:50,380 - INFO - Found 30 headlines for 2024/feb/29
2024-11-11 19:54:51,011 - INFO - Using User-Agent: Mozilla/5.0 (Macintosh; Intel Mac OS X 10_10) AppleWebKit/537.36 (KHTML, like Gecko) Chrome/108.0.5361.172 Safari/537.36
2024-11-11 19:54:52,020 - INFO - Found 28 headlines for 2024/mar/01
2024-11-11 19:54:52,309 - INFO - Using User-Agent: Mozilla/5.0 (Macintosh; Intel Mac OS X 11_3) AppleWebKit/537.36 (KHTML, like Gecko) Chrome/109.0.5412.99 Safari/537.36
2024-11-11 19:54:53,222 - INFO - Found 26 headlines for 2024/mar/02
2024-11-11 19:54:54,050 - INFO - Using User-Agent: Mozilla/5.0 (Macintosh; Intel Mac OS X 10_15_7) AppleWebKit/537.36 (KHTML, like Gecko) Chrome/108.0.0.0 Safari/537.36
2024-11-11 19:54:55,124 - INFO - Found 23 headlines for 2024/mar/03
2024-11-11 19:54:55,525 - INFO - Using User-Agent: Mozilla/5.0 (Macintosh; Intel Mac OS X 11_14) AppleWebKit/537.36 (KHTML, like Gecko) Chrome/109.0.5397.215 Safari/537.36
2024-11-11 19:54:56,525 - INFO - Found 33 headlines for 2024/mar/04
2024-11-11 19:54:57,087 - INFO - Using User-Agent: Mozilla/5.0 (X11; Linux i686) AppleWebKit/537.36 (KHTML, like Gecko) Chrome/109.0.5388.177 Safari/537.36
2024-11-11 19:54:58,173 - INFO - Found 28 headlines for 2024/mar/05
2024-11-11 19:54:58,797 - INFO - Using User-Agent: Mozilla/5.0 (Macintosh; Intel Mac OS X 10_15_7) AppleWebKit/605.1.15 (KHTML, like Gecko) Version/14.0.3 Safari/605.1.15
2024-11-11 19:54:59,794 - INFO - Found 28 headlines for 2024/mar/06
2024-11-11 19:54:59,804 - INFO - Using User-Agent: Mozilla/5.0 (Macintosh; Intel Mac OS X 11_3) AppleWebKit/537.36 (KHTML, like Gecko) Chrome/109.0.5412.99 Safari/537.36
2024-11-11 19:55:00,834 - INFO - Found 42 headlines for 2024/mar/07
2024-11-11 19:55:01,210 - INFO - Using User-Agent: Mozilla/5.0 (Macintosh; Intel Mac OS X 11_14) AppleWebKit/537.36 (KHTML, like Gecko) Chrome/109.0.5397.215 Safari/537.36
2024-11-11 19:55:02,267 - INFO - Found 33 headlines for 2024/mar/08
2024-11-11 19:55:03,271 - INFO - Using User-Agent: Mozilla/5.0 (Macintosh; Intel Mac OS X 11_14) AppleWebKit/537.36 (KHTML, like Gecko) Chrome/109.0.5397.215 Safari/537.36
2024-11-11 19:55:04,293 - INFO - Found 22 headlines for 2024/mar/09
2024-11-11 19:55:04,586 - INFO - Using User-Agent: Mozilla/5.0 (Windows NT 10.0; Win64; x64) AppleWebKit/537.36 (KHTML, like Gecko) Chrome/91.0.4472.124 Safari/537.36
2024-11-11 19:55:05,374 - INFO - Found 26 headlines for 2024/mar/10
2024-11-11 19:55:06,161 - INFO - Using User-Agent: Mozilla/5.0 (Windows NT 10.0; Win64; x64) AppleWebKit/537.36 (KHTML, like Gecko) Firefox/89.0
2024-11-11 19:55:07,213 - INFO - Found 33 headlines for 2024/mar/11
2024-11-11 19:55:07,248 - INFO - Using User-Agent: Mozilla/5.0 (Macintosh; Intel Mac OS X 11_14) AppleWebKit/537.36 (KHTML, like Gecko) Chrome/109.0.5397.215 Safari/537.36
2024-11-11 19:55:08,282 - INFO - Found 37 headlines for 2024/mar/12
2024-11-11 19:55:08,631 - INFO - Using User-Agent: Mozilla/5.0 (Windows NT 10.0; Win64; x64) AppleWebKit/537.36 (KHTML, like Gecko) Firefox/89.0
2024-11-11 19:55:09,642 - INFO - Found 32 headlines for 2024/mar/13
2024-11-11 19:55:09,810 - INFO - Using User-Agent: Mozilla/5.0 (Macintosh; Intel Mac OS X 11_3) AppleWebKit/537.36 (KHTML, like Gecko) Chrome/109.0.5412.99 Safari/537.36
2024-11-11 19:55:10,664 - INFO - Found 41 headlines for 2024/mar/14
2024-11-11 19:55:10,818 - INFO - Using User-Agent: Mozilla/5.0 (Windows NT 10.0; Win64; x64) AppleWebKit/537.36 (KHTML, like Gecko) Firefox/89.0
2024-11-11 19:55:11,668 - INFO - Found 38 headlines for 2024/mar/15
2024-11-11 19:55:12,201 - INFO - Using User-Agent: Mozilla/5.0 (Macintosh; Intel Mac OS X 10_10) AppleWebKit/537.36 (KHTML, like Gecko) Chrome/108.0.5361.172 Safari/537.36
2024-11-11 19:55:13,090 - INFO - Found 17 headlines for 2024/mar/16
2024-11-11 19:55:14,017 - INFO - Using User-Agent: Mozilla/5.0 (X11; Linux i686) AppleWebKit/537.36 (KHTML, like Gecko) Chrome/109.0.5388.177 Safari/537.36
2024-11-11 19:55:14,954 - INFO - Found 20 headlines for 2024/mar/17
2024-11-11 19:55:15,432 - INFO - Using User-Agent: Mozilla/5.0 (X11; Linux i686) AppleWebKit/537.36 (KHTML, like Gecko) Chrome/109.0.5388.177 Safari/537.36
2024-11-11 19:55:16,402 - INFO - Found 30 headlines for 2024/mar/18
2024-11-11 19:55:16,831 - INFO - Using User-Agent: Mozilla/5.0 (Macintosh; Intel Mac OS X 10_10) AppleWebKit/537.36 (KHTML, like Gecko) Chrome/108.0.5361.172 Safari/537.36
2024-11-11 19:55:17,691 - INFO - Found 29 headlines for 2024/mar/19
2024-11-11 19:55:17,973 - INFO - Using User-Agent: Mozilla/5.0 (Windows NT 10.0; Win64; x64) AppleWebKit/537.36 (KHTML, like Gecko) Chrome/91.0.4472.124 Safari/537.36
2024-11-11 19:55:18,873 - INFO - Found 35 headlines for 2024/mar/20
2024-11-11 19:55:19,483 - INFO - Using User-Agent: Mozilla/5.0 (Macintosh; Intel Mac OS X 11_14) AppleWebKit/537.36 (KHTML, like Gecko) Chrome/109.0.5397.215 Safari/537.36
2024-11-11 19:55:20,501 - INFO - Found 36 headlines for 2024/mar/21
2024-11-11 19:55:21,148 - INFO - Using User-Agent: Mozilla/5.0 (Macintosh; Intel Mac OS X 11_3) AppleWebKit/537.36 (KHTML, like Gecko) Chrome/109.0.5412.99 Safari/537.36
2024-11-11 19:55:22,120 - INFO - Found 37 headlines for 2024/mar/22
2024-11-11 19:55:23,095 - INFO - Using User-Agent: Mozilla/5.0 (Macintosh; Intel Mac OS X 11_14) AppleWebKit/537.36 (KHTML, like Gecko) Chrome/109.0.5397.215 Safari/537.36
2024-11-11 19:55:24,183 - INFO - Found 33 headlines for 2024/mar/23
2024-11-11 19:55:24,817 - INFO - Using User-Agent: Mozilla/5.0 (Macintosh; Intel Mac OS X 11_3) AppleWebKit/537.36 (KHTML, like Gecko) Chrome/109.0.5412.99 Safari/537.36
2024-11-11 19:55:26,027 - INFO - Found 22 headlines for 2024/mar/24
2024-11-11 19:55:26,883 - INFO - Using User-Agent: Mozilla/5.0 (Macintosh; Intel Mac OS X 10_10) AppleWebKit/537.36 (KHTML, like Gecko) Chrome/108.0.5361.172 Safari/537.36
2024-11-11 19:55:27,896 - INFO - Found 43 headlines for 2024/mar/25
2024-11-11 19:55:28,519 - INFO - Using User-Agent: Mozilla/5.0 (Macintosh; Intel Mac OS X 11_3) AppleWebKit/537.36 (KHTML, like Gecko) Chrome/109.0.5412.99 Safari/537.36
2024-11-11 19:55:29,492 - INFO - Found 29 headlines for 2024/mar/26
2024-11-11 19:55:29,997 - INFO - Using User-Agent: Mozilla/5.0 (Windows NT 10.0; Win64; x64) AppleWebKit/537.36 (KHTML, like Gecko) Firefox/89.0
2024-11-11 19:55:31,166 - INFO - Found 26 headlines for 2024/mar/27
2024-11-11 19:55:32,031 - INFO - Using User-Agent: Mozilla/5.0 (Macintosh; Intel Mac OS X 11_14) AppleWebKit/537.36 (KHTML, like Gecko) Chrome/109.0.5397.215 Safari/537.36
2024-11-11 19:55:32,925 - INFO - Found 23 headlines for 2024/mar/28
2024-11-11 19:55:33,383 - INFO - Using User-Agent: Mozilla/5.0 (Macintosh; Intel Mac OS X 11_14) AppleWebKit/537.36 (KHTML, like Gecko) Chrome/109.0.5397.215 Safari/537.36
2024-11-11 19:55:34,454 - INFO - Found 30 headlines for 2024/mar/29
2024-11-11 19:55:35,380 - INFO - Using User-Agent: Mozilla/5.0 (Macintosh; Intel Mac OS X 10_10) AppleWebKit/537.36 (KHTML, like Gecko) Chrome/108.0.5361.172 Safari/537.36
2024-11-11 19:55:36,314 - INFO - Found 21 headlines for 2024/mar/30
2024-11-11 19:55:37,032 - INFO - Using User-Agent: Mozilla/5.0 (Macintosh; Intel Mac OS X 10_10) AppleWebKit/537.36 (KHTML, like Gecko) Chrome/108.0.5361.172 Safari/537.36
2024-11-11 19:55:39,031 - INFO - Found 23 headlines for 2024/mar/31
2024-11-11 19:55:39,606 - INFO - Using User-Agent: Mozilla/5.0 (Macintosh; Intel Mac OS X 11_3) AppleWebKit/537.36 (KHTML, like Gecko) Chrome/109.0.5412.99 Safari/537.36
2024-11-11 19:55:41,682 - INFO - Found 32 headlines for 2024/apr/01
2024-11-11 19:55:41,778 - INFO - Using User-Agent: Mozilla/5.0 (X11; Linux i686) AppleWebKit/537.36 (KHTML, like Gecko) Chrome/109.0.5388.177 Safari/537.36
2024-11-11 19:55:43,101 - INFO - Found 41 headlines for 2024/apr/02
2024-11-11 19:55:43,881 - INFO - Using User-Agent: Mozilla/5.0 (X11; Linux i686) AppleWebKit/537.36 (KHTML, like Gecko) Chrome/109.0.5388.177 Safari/537.36
2024-11-11 19:55:44,875 - INFO - Found 46 headlines for 2024/apr/03
2024-11-11 19:55:45,147 - INFO - Using User-Agent: Mozilla/5.0 (Windows NT 10.0; Win64; x64) AppleWebKit/537.36 (KHTML, like Gecko) Chrome/91.0.4472.124 Safari/537.36
2024-11-11 19:55:46,112 - INFO - Found 36 headlines for 2024/apr/04
2024-11-11 19:55:46,178 - INFO - Using User-Agent: Mozilla/5.0 (Macintosh; Intel Mac OS X 10_15_7) AppleWebKit/537.36 (KHTML, like Gecko) Chrome/108.0.0.0 Safari/537.36
2024-11-11 19:55:47,095 - INFO - Found 28 headlines for 2024/apr/05
2024-11-11 19:55:47,174 - INFO - Using User-Agent: Mozilla/5.0 (Macintosh; Intel Mac OS X 10_15_7) AppleWebKit/537.36 (KHTML, like Gecko) Chrome/108.0.0.0 Safari/537.36
2024-11-11 19:55:48,021 - INFO - Found 25 headlines for 2024/apr/06
2024-11-11 19:55:48,440 - INFO - Using User-Agent: Mozilla/5.0 (Windows NT 10.0; Win64; x64) AppleWebKit/537.36 (KHTML, like Gecko) Firefox/89.0
2024-11-11 19:55:49,351 - INFO - Found 23 headlines for 2024/apr/07
2024-11-11 19:55:50,202 - INFO - Using User-Agent: Mozilla/5.0 (Windows NT 10.0; Win64; x64) AppleWebKit/537.36 (KHTML, like Gecko) Firefox/89.0
2024-11-11 19:55:51,257 - INFO - Found 21 headlines for 2024/apr/08
2024-11-11 19:55:51,712 - INFO - Using User-Agent: Mozilla/5.0 (Macintosh; Intel Mac OS X 11_3) AppleWebKit/537.36 (KHTML, like Gecko) Chrome/109.0.5412.99 Safari/537.36
2024-11-11 19:55:52,709 - INFO - Found 39 headlines for 2024/apr/09
2024-11-11 19:55:53,085 - INFO - Using User-Agent: Mozilla/5.0 (Macintosh; Intel Mac OS X 10_10) AppleWebKit/537.36 (KHTML, like Gecko) Chrome/108.0.5361.172 Safari/537.36
2024-11-11 19:55:54,163 - INFO - Found 35 headlines for 2024/apr/10
2024-11-11 19:55:55,155 - INFO - Using User-Agent: Mozilla/5.0 (Windows NT 10.0; Win64; x64) AppleWebKit/537.36 (KHTML, like Gecko) Chrome/91.0.4472.124 Safari/537.36
2024-11-11 19:55:56,182 - INFO - Found 34 headlines for 2024/apr/11
2024-11-11 19:55:57,114 - INFO - Using User-Agent: Mozilla/5.0 (Windows NT 10.0; Win64; x64) AppleWebKit/537.36 (KHTML, like Gecko) Firefox/89.0
2024-11-11 19:55:57,950 - INFO - Found 31 headlines for 2024/apr/12
2024-11-11 19:55:58,599 - INFO - Using User-Agent: Mozilla/5.0 (Macintosh; Intel Mac OS X 10_15_7) AppleWebKit/537.36 (KHTML, like Gecko) Chrome/108.0.0.0 Safari/537.36
2024-11-11 19:55:59,599 - INFO - Found 21 headlines for 2024/apr/13
2024-11-11 19:55:59,860 - INFO - Using User-Agent: Mozilla/5.0 (X11; Linux i686) AppleWebKit/537.36 (KHTML, like Gecko) Chrome/109.0.5388.177 Safari/537.36
2024-11-11 19:56:00,771 - INFO - Found 29 headlines for 2024/apr/14
2024-11-11 19:56:00,906 - INFO - Using User-Agent: Mozilla/5.0 (Macintosh; Intel Mac OS X 10_15_7) AppleWebKit/605.1.15 (KHTML, like Gecko) Version/14.0.3 Safari/605.1.15
2024-11-11 19:56:01,862 - INFO - Found 31 headlines for 2024/apr/15
2024-11-11 19:56:02,454 - INFO - Using User-Agent: Mozilla/5.0 (Windows NT 10.0; Win64; x64) AppleWebKit/537.36 (KHTML, like Gecko) Chrome/91.0.4472.124 Safari/537.36
2024-11-11 19:56:03,493 - INFO - Found 30 headlines for 2024/apr/16
2024-11-11 19:56:04,016 - INFO - Using User-Agent: Mozilla/5.0 (Macintosh; Intel Mac OS X 11_3) AppleWebKit/537.36 (KHTML, like Gecko) Chrome/109.0.5412.99 Safari/537.36
2024-11-11 19:56:05,073 - INFO - Found 44 headlines for 2024/apr/17
2024-11-11 19:56:05,349 - INFO - Using User-Agent: Mozilla/5.0 (Macintosh; Intel Mac OS X 10_15_7) AppleWebKit/605.1.15 (KHTML, like Gecko) Version/14.0.3 Safari/605.1.15
2024-11-11 19:56:06,120 - INFO - Found 30 headlines for 2024/apr/18
2024-11-11 19:56:06,275 - INFO - Using User-Agent: Mozilla/5.0 (Macintosh; Intel Mac OS X 10_15_7) AppleWebKit/605.1.15 (KHTML, like Gecko) Version/14.0.3 Safari/605.1.15
2024-11-11 19:56:07,183 - INFO - Found 39 headlines for 2024/apr/19
2024-11-11 19:56:07,999 - INFO - Using User-Agent: Mozilla/5.0 (Macintosh; Intel Mac OS X 10_15_7) AppleWebKit/605.1.15 (KHTML, like Gecko) Version/14.0.3 Safari/605.1.15
2024-11-11 19:56:08,998 - INFO - Found 18 headlines for 2024/apr/20
2024-11-11 19:56:09,523 - INFO - Using User-Agent: Mozilla/5.0 (Macintosh; Intel Mac OS X 11_14) AppleWebKit/537.36 (KHTML, like Gecko) Chrome/109.0.5397.215 Safari/537.36
2024-11-11 19:56:10,357 - INFO - Found 23 headlines for 2024/apr/21
2024-11-11 19:56:10,563 - INFO - Using User-Agent: Mozilla/5.0 (X11; Linux i686) AppleWebKit/537.36 (KHTML, like Gecko) Chrome/109.0.5388.177 Safari/537.36
2024-11-11 19:56:11,503 - INFO - Found 38 headlines for 2024/apr/22
2024-11-11 19:56:11,687 - INFO - Using User-Agent: Mozilla/5.0 (Macintosh; Intel Mac OS X 11_14) AppleWebKit/537.36 (KHTML, like Gecko) Chrome/109.0.5397.215 Safari/537.36
2024-11-11 19:56:12,704 - INFO - Found 19 headlines for 2024/apr/23
2024-11-11 19:56:12,987 - INFO - Using User-Agent: Mozilla/5.0 (Macintosh; Intel Mac OS X 10_15_7) AppleWebKit/537.36 (KHTML, like Gecko) Chrome/108.0.0.0 Safari/537.36
2024-11-11 19:56:13,942 - INFO - Found 40 headlines for 2024/apr/24
2024-11-11 19:56:13,960 - INFO - Using User-Agent: Mozilla/5.0 (Windows NT 10.0; Win64; x64) AppleWebKit/537.36 (KHTML, like Gecko) Chrome/91.0.4472.124 Safari/537.36
2024-11-11 19:56:14,986 - INFO - Found 35 headlines for 2024/apr/25
2024-11-11 19:56:15,802 - INFO - Using User-Agent: Mozilla/5.0 (Macintosh; Intel Mac OS X 10_10) AppleWebKit/537.36 (KHTML, like Gecko) Chrome/108.0.5361.172 Safari/537.36
2024-11-11 19:56:16,796 - INFO - Found 27 headlines for 2024/apr/26
2024-11-11 19:56:17,325 - INFO - Using User-Agent: Mozilla/5.0 (Macintosh; Intel Mac OS X 11_14) AppleWebKit/537.36 (KHTML, like Gecko) Chrome/109.0.5397.215 Safari/537.36
2024-11-11 19:56:18,254 - INFO - Found 20 headlines for 2024/apr/27
2024-11-11 19:56:18,552 - INFO - Using User-Agent: Mozilla/5.0 (Macintosh; Intel Mac OS X 10_15_7) AppleWebKit/605.1.15 (KHTML, like Gecko) Version/14.0.3 Safari/605.1.15
2024-11-11 19:56:19,318 - INFO - Found 22 headlines for 2024/apr/28
2024-11-11 19:56:19,898 - INFO - Using User-Agent: Mozilla/5.0 (X11; Linux i686) AppleWebKit/537.36 (KHTML, like Gecko) Chrome/109.0.5388.177 Safari/537.36
2024-11-11 19:56:20,749 - INFO - Found 37 headlines for 2024/apr/29
2024-11-11 19:56:21,565 - INFO - Using User-Agent: Mozilla/5.0 (Macintosh; Intel Mac OS X 11_3) AppleWebKit/537.36 (KHTML, like Gecko) Chrome/109.0.5412.99 Safari/537.36
2024-11-11 19:56:22,361 - INFO - Found 31 headlines for 2024/apr/30
2024-11-11 19:56:23,348 - INFO - Using User-Agent: Mozilla/5.0 (Macintosh; Intel Mac OS X 11_3) AppleWebKit/537.36 (KHTML, like Gecko) Chrome/109.0.5412.99 Safari/537.36
2024-11-11 19:56:24,402 - INFO - Found 27 headlines for 2024/may/01
2024-11-11 19:56:24,523 - INFO - Using User-Agent: Mozilla/5.0 (Macintosh; Intel Mac OS X 11_3) AppleWebKit/537.36 (KHTML, like Gecko) Chrome/109.0.5412.99 Safari/537.36
2024-11-11 19:56:25,340 - INFO - Found 23 headlines for 2024/may/02
2024-11-11 19:56:25,531 - INFO - Using User-Agent: Mozilla/5.0 (Macintosh; Intel Mac OS X 11_3) AppleWebKit/537.36 (KHTML, like Gecko) Chrome/109.0.5412.99 Safari/537.36
2024-11-11 19:56:26,446 - INFO - Found 27 headlines for 2024/may/03
2024-11-11 19:56:27,209 - INFO - Using User-Agent: Mozilla/5.0 (Windows NT 10.0; Win64; x64) AppleWebKit/537.36 (KHTML, like Gecko) Firefox/89.0
2024-11-11 19:56:28,038 - INFO - Found 19 headlines for 2024/may/04
2024-11-11 19:56:28,652 - INFO - Using User-Agent: Mozilla/5.0 (Macintosh; Intel Mac OS X 10_10) AppleWebKit/537.36 (KHTML, like Gecko) Chrome/108.0.5361.172 Safari/537.36
2024-11-11 19:56:29,704 - INFO - Found 24 headlines for 2024/may/05
2024-11-11 19:56:30,261 - INFO - Using User-Agent: Mozilla/5.0 (Macintosh; Intel Mac OS X 10_10) AppleWebKit/537.36 (KHTML, like Gecko) Chrome/108.0.5361.172 Safari/537.36
2024-11-11 19:56:31,289 - INFO - Found 39 headlines for 2024/may/06
2024-11-11 19:56:31,543 - INFO - Using User-Agent: Mozilla/5.0 (Windows NT 10.0; Win64; x64) AppleWebKit/537.36 (KHTML, like Gecko) Chrome/91.0.4472.124 Safari/537.36
2024-11-11 19:56:32,436 - INFO - Found 34 headlines for 2024/may/07
2024-11-11 19:56:32,833 - INFO - Using User-Agent: Mozilla/5.0 (Macintosh; Intel Mac OS X 11_14) AppleWebKit/537.36 (KHTML, like Gecko) Chrome/109.0.5397.215 Safari/537.36
2024-11-11 19:56:33,816 - INFO - Found 29 headlines for 2024/may/08
2024-11-11 19:56:34,179 - INFO - Using User-Agent: Mozilla/5.0 (Macintosh; Intel Mac OS X 11_14) AppleWebKit/537.36 (KHTML, like Gecko) Chrome/109.0.5397.215 Safari/537.36
2024-11-11 19:56:35,303 - INFO - Found 30 headlines for 2024/may/09
2024-11-11 19:56:35,654 - INFO - Using User-Agent: Mozilla/5.0 (Macintosh; Intel Mac OS X 10_15_7) AppleWebKit/537.36 (KHTML, like Gecko) Chrome/108.0.0.0 Safari/537.36
2024-11-11 19:56:36,597 - INFO - Found 29 headlines for 2024/may/10
2024-11-11 19:56:37,231 - INFO - Using User-Agent: Mozilla/5.0 (Macintosh; Intel Mac OS X 10_15_7) AppleWebKit/605.1.15 (KHTML, like Gecko) Version/14.0.3 Safari/605.1.15
2024-11-11 19:56:38,328 - INFO - Found 20 headlines for 2024/may/11
2024-11-11 19:56:39,167 - INFO - Using User-Agent: Mozilla/5.0 (Macintosh; Intel Mac OS X 10_10) AppleWebKit/537.36 (KHTML, like Gecko) Chrome/108.0.5361.172 Safari/537.36
2024-11-11 19:56:40,156 - INFO - Found 20 headlines for 2024/may/12
2024-11-11 19:56:40,223 - INFO - Using User-Agent: Mozilla/5.0 (Macintosh; Intel Mac OS X 10_10) AppleWebKit/537.36 (KHTML, like Gecko) Chrome/108.0.5361.172 Safari/537.36
2024-11-11 19:56:41,194 - INFO - Found 35 headlines for 2024/may/13
2024-11-11 19:56:41,249 - INFO - Using User-Agent: Mozilla/5.0 (Macintosh; Intel Mac OS X 10_10) AppleWebKit/537.36 (KHTML, like Gecko) Chrome/108.0.5361.172 Safari/537.36
2024-11-11 19:56:42,247 - INFO - Found 42 headlines for 2024/may/14
2024-11-11 19:56:43,207 - INFO - Using User-Agent: Mozilla/5.0 (Macintosh; Intel Mac OS X 11_3) AppleWebKit/537.36 (KHTML, like Gecko) Chrome/109.0.5412.99 Safari/537.36
2024-11-11 19:56:44,296 - INFO - Found 42 headlines for 2024/may/15
2024-11-11 19:56:44,334 - INFO - Using User-Agent: Mozilla/5.0 (Macintosh; Intel Mac OS X 10_10) AppleWebKit/537.36 (KHTML, like Gecko) Chrome/108.0.5361.172 Safari/537.36
2024-11-11 19:56:45,336 - INFO - Found 42 headlines for 2024/may/16
2024-11-11 19:56:46,090 - INFO - Using User-Agent: Mozilla/5.0 (Macintosh; Intel Mac OS X 11_3) AppleWebKit/537.36 (KHTML, like Gecko) Chrome/109.0.5412.99 Safari/537.36
2024-11-11 19:56:46,917 - INFO - Found 29 headlines for 2024/may/17
2024-11-11 19:56:47,672 - INFO - Using User-Agent: Mozilla/5.0 (Macintosh; Intel Mac OS X 10_15_7) AppleWebKit/537.36 (KHTML, like Gecko) Chrome/108.0.0.0 Safari/537.36
2024-11-11 19:56:48,543 - INFO - Found 18 headlines for 2024/may/18
2024-11-11 19:56:48,977 - INFO - Using User-Agent: Mozilla/5.0 (Macintosh; Intel Mac OS X 10_10) AppleWebKit/537.36 (KHTML, like Gecko) Chrome/108.0.5361.172 Safari/537.36
2024-11-11 19:56:50,016 - INFO - Found 27 headlines for 2024/may/19
2024-11-11 19:56:50,951 - INFO - Using User-Agent: Mozilla/5.0 (Macintosh; Intel Mac OS X 10_15_7) AppleWebKit/605.1.15 (KHTML, like Gecko) Version/14.0.3 Safari/605.1.15
2024-11-11 19:56:52,060 - INFO - Found 40 headlines for 2024/may/20
2024-11-11 19:56:52,718 - INFO - Using User-Agent: Mozilla/5.0 (Macintosh; Intel Mac OS X 10_15_7) AppleWebKit/537.36 (KHTML, like Gecko) Chrome/108.0.0.0 Safari/537.36
2024-11-11 19:56:53,678 - INFO - Found 46 headlines for 2024/may/21
2024-11-11 19:56:54,568 - INFO - Using User-Agent: Mozilla/5.0 (Macintosh; Intel Mac OS X 10_15_7) AppleWebKit/605.1.15 (KHTML, like Gecko) Version/14.0.3 Safari/605.1.15
2024-11-11 19:56:55,503 - INFO - Found 27 headlines for 2024/may/22
2024-11-11 19:56:56,384 - INFO - Using User-Agent: Mozilla/5.0 (Macintosh; Intel Mac OS X 10_10) AppleWebKit/537.36 (KHTML, like Gecko) Chrome/108.0.5361.172 Safari/537.36
2024-11-11 19:56:57,362 - INFO - Found 29 headlines for 2024/may/23
2024-11-11 19:56:57,645 - INFO - Using User-Agent: Mozilla/5.0 (Macintosh; Intel Mac OS X 11_3) AppleWebKit/537.36 (KHTML, like Gecko) Chrome/109.0.5412.99 Safari/537.36
2024-11-11 19:56:58,586 - INFO - Found 37 headlines for 2024/may/24
2024-11-11 19:56:58,803 - INFO - Using User-Agent: Mozilla/5.0 (Macintosh; Intel Mac OS X 10_15_7) AppleWebKit/537.36 (KHTML, like Gecko) Chrome/108.0.0.0 Safari/537.36
2024-11-11 19:56:59,890 - INFO - Found 21 headlines for 2024/may/25
2024-11-11 19:57:00,176 - INFO - Using User-Agent: Mozilla/5.0 (Macintosh; Intel Mac OS X 10_10) AppleWebKit/537.36 (KHTML, like Gecko) Chrome/108.0.5361.172 Safari/537.36
2024-11-11 19:57:01,012 - INFO - Found 15 headlines for 2024/may/26
2024-11-11 19:57:01,558 - INFO - Using User-Agent: Mozilla/5.0 (Macintosh; Intel Mac OS X 11_14) AppleWebKit/537.36 (KHTML, like Gecko) Chrome/109.0.5397.215 Safari/537.36
2024-11-11 19:57:02,467 - INFO - Found 23 headlines for 2024/may/27
2024-11-11 19:57:03,274 - INFO - Using User-Agent: Mozilla/5.0 (Macintosh; Intel Mac OS X 11_3) AppleWebKit/537.36 (KHTML, like Gecko) Chrome/109.0.5412.99 Safari/537.36
2024-11-11 19:57:04,338 - INFO - Found 39 headlines for 2024/may/28
2024-11-11 19:57:04,452 - INFO - Using User-Agent: Mozilla/5.0 (Macintosh; Intel Mac OS X 10_10) AppleWebKit/537.36 (KHTML, like Gecko) Chrome/108.0.5361.172 Safari/537.36
2024-11-11 19:57:05,376 - INFO - Found 42 headlines for 2024/may/29
2024-11-11 19:57:06,347 - INFO - Using User-Agent: Mozilla/5.0 (Macintosh; Intel Mac OS X 10_15_7) AppleWebKit/537.36 (KHTML, like Gecko) Chrome/108.0.0.0 Safari/537.36
2024-11-11 19:57:07,426 - INFO - Found 36 headlines for 2024/may/30
2024-11-11 19:57:08,198 - INFO - Using User-Agent: Mozilla/5.0 (Macintosh; Intel Mac OS X 10_10) AppleWebKit/537.36 (KHTML, like Gecko) Chrome/108.0.5361.172 Safari/537.36
2024-11-11 19:57:09,254 - INFO - Found 40 headlines for 2024/may/31
2024-11-11 19:57:09,814 - INFO - Using User-Agent: Mozilla/5.0 (Macintosh; Intel Mac OS X 11_14) AppleWebKit/537.36 (KHTML, like Gecko) Chrome/109.0.5397.215 Safari/537.36
2024-11-11 19:57:10,884 - INFO - Found 17 headlines for 2024/jun/01
2024-11-11 19:57:11,339 - INFO - Using User-Agent: Mozilla/5.0 (Macintosh; Intel Mac OS X 10_15_7) AppleWebKit/605.1.15 (KHTML, like Gecko) Version/14.0.3 Safari/605.1.15
2024-11-11 19:57:12,327 - INFO - Found 17 headlines for 2024/jun/02
2024-11-11 19:57:12,331 - INFO - Using User-Agent: Mozilla/5.0 (Windows NT 10.0; Win64; x64) AppleWebKit/537.36 (KHTML, like Gecko) Chrome/91.0.4472.124 Safari/537.36
2024-11-11 19:57:13,277 - INFO - Found 32 headlines for 2024/jun/03
2024-11-11 19:57:14,055 - INFO - Using User-Agent: Mozilla/5.0 (Macintosh; Intel Mac OS X 10_15_7) AppleWebKit/537.36 (KHTML, like Gecko) Chrome/108.0.0.0 Safari/537.36
2024-11-11 19:57:14,943 - INFO - Found 20 headlines for 2024/jun/04
2024-11-11 19:57:15,881 - INFO - Using User-Agent: Mozilla/5.0 (Windows NT 10.0; Win64; x64) AppleWebKit/537.36 (KHTML, like Gecko) Firefox/89.0
2024-11-11 19:57:16,895 - INFO - Found 43 headlines for 2024/jun/05
2024-11-11 19:57:17,470 - INFO - Using User-Agent: Mozilla/5.0 (Windows NT 10.0; Win64; x64) AppleWebKit/537.36 (KHTML, like Gecko) Firefox/89.0
2024-11-11 19:57:18,684 - INFO - Found 36 headlines for 2024/jun/06
2024-11-11 19:57:18,797 - INFO - Using User-Agent: Mozilla/5.0 (X11; Linux i686) AppleWebKit/537.36 (KHTML, like Gecko) Chrome/109.0.5388.177 Safari/537.36
2024-11-11 19:57:19,904 - INFO - Found 39 headlines for 2024/jun/07
2024-11-11 19:57:20,228 - INFO - Using User-Agent: Mozilla/5.0 (Windows NT 10.0; Win64; x64) AppleWebKit/537.36 (KHTML, like Gecko) Firefox/89.0
2024-11-11 19:57:21,091 - INFO - Found 26 headlines for 2024/jun/08
2024-11-11 19:57:21,984 - INFO - Using User-Agent: Mozilla/5.0 (Macintosh; Intel Mac OS X 11_3) AppleWebKit/537.36 (KHTML, like Gecko) Chrome/109.0.5412.99 Safari/537.36
2024-11-11 19:57:22,957 - INFO - Found 23 headlines for 2024/jun/09
2024-11-11 19:57:23,715 - INFO - Using User-Agent: Mozilla/5.0 (Macintosh; Intel Mac OS X 10_10) AppleWebKit/537.36 (KHTML, like Gecko) Chrome/108.0.5361.172 Safari/537.36
2024-11-11 19:57:24,846 - INFO - Found 36 headlines for 2024/jun/10
2024-11-11 19:57:24,867 - INFO - Using User-Agent: Mozilla/5.0 (X11; Linux i686) AppleWebKit/537.36 (KHTML, like Gecko) Chrome/109.0.5388.177 Safari/537.36
2024-11-11 19:57:25,820 - INFO - Found 30 headlines for 2024/jun/11
2024-11-11 19:57:26,074 - INFO - Using User-Agent: Mozilla/5.0 (Macintosh; Intel Mac OS X 11_3) AppleWebKit/537.36 (KHTML, like Gecko) Chrome/109.0.5412.99 Safari/537.36
2024-11-11 19:57:27,108 - INFO - Found 30 headlines for 2024/jun/12
2024-11-11 19:57:27,700 - INFO - Using User-Agent: Mozilla/5.0 (Macintosh; Intel Mac OS X 10_10) AppleWebKit/537.36 (KHTML, like Gecko) Chrome/108.0.5361.172 Safari/537.36
2024-11-11 19:57:28,689 - INFO - Found 26 headlines for 2024/jun/13
2024-11-11 19:57:28,919 - INFO - Using User-Agent: Mozilla/5.0 (Macintosh; Intel Mac OS X 10_10) AppleWebKit/537.36 (KHTML, like Gecko) Chrome/108.0.5361.172 Safari/537.36
2024-11-11 19:57:30,185 - INFO - Found 33 headlines for 2024/jun/14
2024-11-11 19:57:30,668 - INFO - Using User-Agent: Mozilla/5.0 (Macintosh; Intel Mac OS X 10_15_7) AppleWebKit/537.36 (KHTML, like Gecko) Chrome/108.0.0.0 Safari/537.36
2024-11-11 19:57:31,544 - INFO - Found 15 headlines for 2024/jun/15
2024-11-11 19:57:32,183 - INFO - Using User-Agent: Mozilla/5.0 (Macintosh; Intel Mac OS X 10_15_7) AppleWebKit/605.1.15 (KHTML, like Gecko) Version/14.0.3 Safari/605.1.15
2024-11-11 19:57:33,226 - INFO - Found 18 headlines for 2024/jun/16
2024-11-11 19:57:33,879 - INFO - Using User-Agent: Mozilla/5.0 (Windows NT 10.0; Win64; x64) AppleWebKit/537.36 (KHTML, like Gecko) Firefox/89.0
2024-11-11 19:57:34,826 - INFO - Found 30 headlines for 2024/jun/17
2024-11-11 19:57:35,023 - INFO - Using User-Agent: Mozilla/5.0 (Windows NT 10.0; Win64; x64) AppleWebKit/537.36 (KHTML, like Gecko) Firefox/89.0
2024-11-11 19:57:36,112 - INFO - Found 37 headlines for 2024/jun/18
2024-11-11 19:57:36,287 - INFO - Using User-Agent: Mozilla/5.0 (Windows NT 10.0; Win64; x64) AppleWebKit/537.36 (KHTML, like Gecko) Firefox/89.0
2024-11-11 19:57:37,312 - INFO - Found 34 headlines for 2024/jun/19
2024-11-11 19:57:37,514 - INFO - Using User-Agent: Mozilla/5.0 (X11; Linux i686) AppleWebKit/537.36 (KHTML, like Gecko) Chrome/109.0.5388.177 Safari/537.36
2024-11-11 19:57:38,596 - INFO - Found 30 headlines for 2024/jun/20
2024-11-11 19:57:39,283 - INFO - Using User-Agent: Mozilla/5.0 (X11; Linux i686) AppleWebKit/537.36 (KHTML, like Gecko) Chrome/109.0.5388.177 Safari/537.36
2024-11-11 19:57:40,388 - INFO - Found 20 headlines for 2024/jun/21
2024-11-11 19:57:40,958 - INFO - Using User-Agent: Mozilla/5.0 (Macintosh; Intel Mac OS X 10_15_7) AppleWebKit/605.1.15 (KHTML, like Gecko) Version/14.0.3 Safari/605.1.15
2024-11-11 19:57:41,839 - INFO - Found 18 headlines for 2024/jun/22
2024-11-11 19:57:41,853 - INFO - Using User-Agent: Mozilla/5.0 (Macintosh; Intel Mac OS X 10_10) AppleWebKit/537.36 (KHTML, like Gecko) Chrome/108.0.5361.172 Safari/537.36
2024-11-11 19:57:42,651 - INFO - Found 19 headlines for 2024/jun/23
2024-11-11 19:57:42,880 - INFO - Using User-Agent: Mozilla/5.0 (Macintosh; Intel Mac OS X 10_10) AppleWebKit/537.36 (KHTML, like Gecko) Chrome/108.0.5361.172 Safari/537.36
2024-11-11 19:57:43,872 - INFO - Found 23 headlines for 2024/jun/24
2024-11-11 19:57:44,674 - INFO - Using User-Agent: Mozilla/5.0 (Macintosh; Intel Mac OS X 10_10) AppleWebKit/537.36 (KHTML, like Gecko) Chrome/108.0.5361.172 Safari/537.36
2024-11-11 19:57:45,578 - INFO - Found 27 headlines for 2024/jun/25
2024-11-11 19:57:45,925 - INFO - Using User-Agent: Mozilla/5.0 (Macintosh; Intel Mac OS X 10_15_7) AppleWebKit/537.36 (KHTML, like Gecko) Chrome/108.0.0.0 Safari/537.36
2024-11-11 19:57:46,920 - INFO - Found 22 headlines for 2024/jun/26
2024-11-11 19:57:46,954 - INFO - Using User-Agent: Mozilla/5.0 (X11; Linux i686) AppleWebKit/537.36 (KHTML, like Gecko) Chrome/109.0.5388.177 Safari/537.36
2024-11-11 19:57:47,998 - INFO - Found 26 headlines for 2024/jun/27
2024-11-11 19:57:48,517 - INFO - Using User-Agent: Mozilla/5.0 (Windows NT 10.0; Win64; x64) AppleWebKit/537.36 (KHTML, like Gecko) Chrome/91.0.4472.124 Safari/537.36
2024-11-11 19:57:49,619 - INFO - Found 21 headlines for 2024/jun/28
2024-11-11 19:57:50,344 - INFO - Using User-Agent: Mozilla/5.0 (Macintosh; Intel Mac OS X 10_15_7) AppleWebKit/605.1.15 (KHTML, like Gecko) Version/14.0.3 Safari/605.1.15
2024-11-11 19:57:51,165 - INFO - Found 24 headlines for 2024/jun/29
2024-11-11 19:57:51,430 - INFO - Using User-Agent: Mozilla/5.0 (Windows NT 10.0; Win64; x64) AppleWebKit/537.36 (KHTML, like Gecko) Firefox/89.0
2024-11-11 19:57:52,226 - INFO - Found 18 headlines for 2024/jun/30
2024-11-11 19:57:53,087 - INFO - Using User-Agent: Mozilla/5.0 (Macintosh; Intel Mac OS X 10_10) AppleWebKit/537.36 (KHTML, like Gecko) Chrome/108.0.5361.172 Safari/537.36
2024-11-11 19:57:54,143 - INFO - Found 30 headlines for 2024/jul/01
2024-11-11 19:57:54,151 - INFO - Using User-Agent: Mozilla/5.0 (Windows NT 10.0; Win64; x64) AppleWebKit/537.36 (KHTML, like Gecko) Chrome/91.0.4472.124 Safari/537.36
2024-11-11 19:57:55,338 - INFO - Found 22 headlines for 2024/jul/02
2024-11-11 19:57:56,139 - INFO - Using User-Agent: Mozilla/5.0 (Macintosh; Intel Mac OS X 11_14) AppleWebKit/537.36 (KHTML, like Gecko) Chrome/109.0.5397.215 Safari/537.36
2024-11-11 19:57:57,224 - INFO - Found 26 headlines for 2024/jul/03
2024-11-11 19:57:58,074 - INFO - Using User-Agent: Mozilla/5.0 (Windows NT 10.0; Win64; x64) AppleWebKit/537.36 (KHTML, like Gecko) Chrome/91.0.4472.124 Safari/537.36
2024-11-11 19:57:58,993 - INFO - Found 22 headlines for 2024/jul/04
2024-11-11 19:57:59,334 - INFO - Using User-Agent: Mozilla/5.0 (Macintosh; Intel Mac OS X 11_3) AppleWebKit/537.36 (KHTML, like Gecko) Chrome/109.0.5412.99 Safari/537.36
2024-11-11 19:58:00,234 - INFO - Found 18 headlines for 2024/jul/05
2024-11-11 19:58:00,593 - INFO - Using User-Agent: Mozilla/5.0 (Macintosh; Intel Mac OS X 10_15_7) AppleWebKit/605.1.15 (KHTML, like Gecko) Version/14.0.3 Safari/605.1.15
2024-11-11 19:58:01,446 - INFO - Found 19 headlines for 2024/jul/06
2024-11-11 19:58:02,062 - INFO - Using User-Agent: Mozilla/5.0 (Macintosh; Intel Mac OS X 10_15_7) AppleWebKit/605.1.15 (KHTML, like Gecko) Version/14.0.3 Safari/605.1.15
2024-11-11 19:58:03,111 - INFO - Found 21 headlines for 2024/jul/07
2024-11-11 19:58:03,875 - INFO - Using User-Agent: Mozilla/5.0 (X11; Linux i686) AppleWebKit/537.36 (KHTML, like Gecko) Chrome/109.0.5388.177 Safari/537.36
2024-11-11 19:58:04,734 - INFO - Found 31 headlines for 2024/jul/08
2024-11-11 19:58:05,215 - INFO - Using User-Agent: Mozilla/5.0 (Macintosh; Intel Mac OS X 11_14) AppleWebKit/537.36 (KHTML, like Gecko) Chrome/109.0.5397.215 Safari/537.36
2024-11-11 19:58:06,189 - INFO - Found 34 headlines for 2024/jul/09
2024-11-11 19:58:06,653 - INFO - Using User-Agent: Mozilla/5.0 (X11; Linux i686) AppleWebKit/537.36 (KHTML, like Gecko) Chrome/109.0.5388.177 Safari/537.36
2024-11-11 19:58:07,571 - INFO - Found 33 headlines for 2024/jul/10
2024-11-11 19:58:08,255 - INFO - Using User-Agent: Mozilla/5.0 (Windows NT 10.0; Win64; x64) AppleWebKit/537.36 (KHTML, like Gecko) Chrome/91.0.4472.124 Safari/537.36
2024-11-11 19:58:09,477 - INFO - Found 34 headlines for 2024/jul/11
2024-11-11 19:58:09,705 - INFO - Using User-Agent: Mozilla/5.0 (X11; Linux i686) AppleWebKit/537.36 (KHTML, like Gecko) Chrome/109.0.5388.177 Safari/537.36
2024-11-11 19:58:10,674 - INFO - Found 27 headlines for 2024/jul/12
2024-11-11 19:58:11,076 - INFO - Using User-Agent: Mozilla/5.0 (X11; Linux i686) AppleWebKit/537.36 (KHTML, like Gecko) Chrome/109.0.5388.177 Safari/537.36
2024-11-11 19:58:12,175 - INFO - Found 18 headlines for 2024/jul/13
2024-11-11 19:58:12,623 - INFO - Using User-Agent: Mozilla/5.0 (Macintosh; Intel Mac OS X 10_15_7) AppleWebKit/605.1.15 (KHTML, like Gecko) Version/14.0.3 Safari/605.1.15
2024-11-11 19:58:13,543 - INFO - Found 9 headlines for 2024/jul/14
2024-11-11 19:58:13,722 - INFO - Using User-Agent: Mozilla/5.0 (Macintosh; Intel Mac OS X 10_10) AppleWebKit/537.36 (KHTML, like Gecko) Chrome/108.0.5361.172 Safari/537.36
2024-11-11 19:58:14,548 - INFO - Found 28 headlines for 2024/jul/15
2024-11-11 19:58:14,697 - INFO - Using User-Agent: Mozilla/5.0 (Windows NT 10.0; Win64; x64) AppleWebKit/537.36 (KHTML, like Gecko) Chrome/91.0.4472.124 Safari/537.36
2024-11-11 19:58:15,586 - INFO - Found 25 headlines for 2024/jul/16
2024-11-11 19:58:16,414 - INFO - Using User-Agent: Mozilla/5.0 (Macintosh; Intel Mac OS X 10_15_7) AppleWebKit/537.36 (KHTML, like Gecko) Chrome/108.0.0.0 Safari/537.36
2024-11-11 19:58:17,223 - INFO - Found 23 headlines for 2024/jul/17
2024-11-11 19:58:18,017 - INFO - Using User-Agent: Mozilla/5.0 (Macintosh; Intel Mac OS X 10_10) AppleWebKit/537.36 (KHTML, like Gecko) Chrome/108.0.5361.172 Safari/537.36
2024-11-11 19:58:18,847 - INFO - Found 26 headlines for 2024/jul/18
2024-11-11 19:58:18,964 - INFO - Using User-Agent: Mozilla/5.0 (X11; Linux i686) AppleWebKit/537.36 (KHTML, like Gecko) Chrome/109.0.5388.177 Safari/537.36
2024-11-11 19:58:19,896 - INFO - Found 27 headlines for 2024/jul/19
2024-11-11 19:58:20,159 - INFO - Using User-Agent: Mozilla/5.0 (Macintosh; Intel Mac OS X 10_15_7) AppleWebKit/605.1.15 (KHTML, like Gecko) Version/14.0.3 Safari/605.1.15
2024-11-11 19:58:21,138 - INFO - Found 23 headlines for 2024/jul/20
2024-11-11 19:58:22,102 - INFO - Using User-Agent: Mozilla/5.0 (Macintosh; Intel Mac OS X 11_14) AppleWebKit/537.36 (KHTML, like Gecko) Chrome/109.0.5397.215 Safari/537.36
2024-11-11 19:58:22,949 - INFO - Found 13 headlines for 2024/jul/21
2024-11-11 19:58:23,860 - INFO - Using User-Agent: Mozilla/5.0 (Macintosh; Intel Mac OS X 11_3) AppleWebKit/537.36 (KHTML, like Gecko) Chrome/109.0.5412.99 Safari/537.36
2024-11-11 19:58:24,808 - INFO - Found 26 headlines for 2024/jul/22
2024-11-11 19:58:25,127 - INFO - Using User-Agent: Mozilla/5.0 (Macintosh; Intel Mac OS X 10_15_7) AppleWebKit/537.36 (KHTML, like Gecko) Chrome/108.0.0.0 Safari/537.36
2024-11-11 19:58:26,271 - INFO - Found 19 headlines for 2024/jul/23
2024-11-11 19:58:26,649 - INFO - Using User-Agent: Mozilla/5.0 (Macintosh; Intel Mac OS X 11_3) AppleWebKit/537.36 (KHTML, like Gecko) Chrome/109.0.5412.99 Safari/537.36
2024-11-11 19:58:27,691 - INFO - Found 31 headlines for 2024/jul/24
2024-11-11 19:58:28,693 - INFO - Using User-Agent: Mozilla/5.0 (Windows NT 10.0; Win64; x64) AppleWebKit/537.36 (KHTML, like Gecko) Chrome/91.0.4472.124 Safari/537.36
2024-11-11 19:58:29,739 - INFO - Found 27 headlines for 2024/jul/25
2024-11-11 19:58:30,371 - INFO - Using User-Agent: Mozilla/5.0 (Windows NT 10.0; Win64; x64) AppleWebKit/537.36 (KHTML, like Gecko) Chrome/91.0.4472.124 Safari/537.36
2024-11-11 19:58:31,382 - INFO - Found 28 headlines for 2024/jul/26
2024-11-11 19:58:31,690 - INFO - Using User-Agent: Mozilla/5.0 (X11; Linux i686) AppleWebKit/537.36 (KHTML, like Gecko) Chrome/109.0.5388.177 Safari/537.36
2024-11-11 19:58:32,570 - INFO - Found 16 headlines for 2024/jul/27
2024-11-11 19:58:32,706 - INFO - Using User-Agent: Mozilla/5.0 (Windows NT 10.0; Win64; x64) AppleWebKit/537.36 (KHTML, like Gecko) Firefox/89.0
2024-11-11 19:58:34,032 - INFO - Found 25 headlines for 2024/jul/28
2024-11-11 19:58:34,798 - INFO - Using User-Agent: Mozilla/5.0 (X11; Linux i686) AppleWebKit/537.36 (KHTML, like Gecko) Chrome/109.0.5388.177 Safari/537.36
2024-11-11 19:58:35,658 - INFO - Found 31 headlines for 2024/jul/29
2024-11-11 19:58:35,687 - INFO - Using User-Agent: Mozilla/5.0 (Windows NT 10.0; Win64; x64) AppleWebKit/537.36 (KHTML, like Gecko) Chrome/91.0.4472.124 Safari/537.36
2024-11-11 19:58:36,689 - INFO - Found 31 headlines for 2024/jul/30
2024-11-11 19:58:37,670 - INFO - Using User-Agent: Mozilla/5.0 (Macintosh; Intel Mac OS X 11_3) AppleWebKit/537.36 (KHTML, like Gecko) Chrome/109.0.5412.99 Safari/537.36
2024-11-11 19:58:38,518 - INFO - Found 29 headlines for 2024/jul/31
2024-11-11 19:58:39,236 - INFO - Using User-Agent: Mozilla/5.0 (Macintosh; Intel Mac OS X 11_14) AppleWebKit/537.36 (KHTML, like Gecko) Chrome/109.0.5397.215 Safari/537.36
2024-11-11 19:58:40,164 - INFO - Found 33 headlines for 2024/aug/01
2024-11-11 19:58:40,611 - INFO - Using User-Agent: Mozilla/5.0 (Macintosh; Intel Mac OS X 10_15_7) AppleWebKit/605.1.15 (KHTML, like Gecko) Version/14.0.3 Safari/605.1.15
2024-11-11 19:58:41,648 - INFO - Found 25 headlines for 2024/aug/02
2024-11-11 19:58:41,714 - INFO - Using User-Agent: Mozilla/5.0 (Macintosh; Intel Mac OS X 11_3) AppleWebKit/537.36 (KHTML, like Gecko) Chrome/109.0.5412.99 Safari/537.36
2024-11-11 19:58:42,600 - INFO - Found 16 headlines for 2024/aug/03
2024-11-11 19:58:43,011 - INFO - Using User-Agent: Mozilla/5.0 (X11; Linux i686) AppleWebKit/537.36 (KHTML, like Gecko) Chrome/109.0.5388.177 Safari/537.36
2024-11-11 19:58:43,948 - INFO - Found 20 headlines for 2024/aug/04
2024-11-11 19:58:44,776 - INFO - Using User-Agent: Mozilla/5.0 (X11; Linux i686) AppleWebKit/537.36 (KHTML, like Gecko) Chrome/109.0.5388.177 Safari/537.36
2024-11-11 19:58:45,695 - INFO - Found 22 headlines for 2024/aug/05
2024-11-11 19:58:45,744 - INFO - Using User-Agent: Mozilla/5.0 (Windows NT 10.0; Win64; x64) AppleWebKit/537.36 (KHTML, like Gecko) Chrome/91.0.4472.124 Safari/537.36
2024-11-11 19:58:46,719 - INFO - Found 22 headlines for 2024/aug/06
2024-11-11 19:58:46,969 - INFO - Using User-Agent: Mozilla/5.0 (Macintosh; Intel Mac OS X 10_10) AppleWebKit/537.36 (KHTML, like Gecko) Chrome/108.0.5361.172 Safari/537.36
2024-11-11 19:58:47,977 - INFO - Found 23 headlines for 2024/aug/07
2024-11-11 19:58:48,376 - INFO - Using User-Agent: Mozilla/5.0 (Windows NT 10.0; Win64; x64) AppleWebKit/537.36 (KHTML, like Gecko) Firefox/89.0
2024-11-11 19:58:49,170 - INFO - Found 31 headlines for 2024/aug/08
2024-11-11 19:58:50,168 - INFO - Using User-Agent: Mozilla/5.0 (Macintosh; Intel Mac OS X 11_14) AppleWebKit/537.36 (KHTML, like Gecko) Chrome/109.0.5397.215 Safari/537.36
2024-11-11 19:58:51,014 - INFO - Found 19 headlines for 2024/aug/09
2024-11-11 19:58:51,674 - INFO - Using User-Agent: Mozilla/5.0 (Windows NT 10.0; Win64; x64) AppleWebKit/537.36 (KHTML, like Gecko) Chrome/91.0.4472.124 Safari/537.36
2024-11-11 19:58:52,651 - INFO - Found 19 headlines for 2024/aug/10
2024-11-11 19:58:52,982 - INFO - Using User-Agent: Mozilla/5.0 (Windows NT 10.0; Win64; x64) AppleWebKit/537.36 (KHTML, like Gecko) Firefox/89.0
2024-11-11 19:58:53,876 - INFO - Found 16 headlines for 2024/aug/11
2024-11-11 19:58:54,565 - INFO - Using User-Agent: Mozilla/5.0 (Macintosh; Intel Mac OS X 11_14) AppleWebKit/537.36 (KHTML, like Gecko) Chrome/109.0.5397.215 Safari/537.36
2024-11-11 19:58:55,560 - INFO - Found 30 headlines for 2024/aug/12
2024-11-11 19:58:56,210 - INFO - Using User-Agent: Mozilla/5.0 (X11; Linux i686) AppleWebKit/537.36 (KHTML, like Gecko) Chrome/109.0.5388.177 Safari/537.36
2024-11-11 19:58:57,219 - INFO - Found 26 headlines for 2024/aug/13
2024-11-11 19:58:57,979 - INFO - Using User-Agent: Mozilla/5.0 (Macintosh; Intel Mac OS X 10_10) AppleWebKit/537.36 (KHTML, like Gecko) Chrome/108.0.5361.172 Safari/537.36
2024-11-11 19:58:59,057 - INFO - Found 31 headlines for 2024/aug/14
2024-11-11 19:58:59,120 - INFO - Using User-Agent: Mozilla/5.0 (Macintosh; Intel Mac OS X 11_14) AppleWebKit/537.36 (KHTML, like Gecko) Chrome/109.0.5397.215 Safari/537.36
2024-11-11 19:59:00,040 - INFO - Found 29 headlines for 2024/aug/15
2024-11-11 19:59:01,042 - INFO - Using User-Agent: Mozilla/5.0 (Windows NT 10.0; Win64; x64) AppleWebKit/537.36 (KHTML, like Gecko) Chrome/91.0.4472.124 Safari/537.36
2024-11-11 19:59:02,112 - INFO - Found 26 headlines for 2024/aug/16
2024-11-11 19:59:02,745 - INFO - Using User-Agent: Mozilla/5.0 (Macintosh; Intel Mac OS X 11_14) AppleWebKit/537.36 (KHTML, like Gecko) Chrome/109.0.5397.215 Safari/537.36
2024-11-11 19:59:03,969 - INFO - Found 20 headlines for 2024/aug/17
2024-11-11 19:59:04,197 - INFO - Using User-Agent: Mozilla/5.0 (Macintosh; Intel Mac OS X 11_14) AppleWebKit/537.36 (KHTML, like Gecko) Chrome/109.0.5397.215 Safari/537.36
2024-11-11 19:59:05,170 - INFO - Found 19 headlines for 2024/aug/18
2024-11-11 19:59:06,127 - INFO - Using User-Agent: Mozilla/5.0 (Macintosh; Intel Mac OS X 10_15_7) AppleWebKit/537.36 (KHTML, like Gecko) Chrome/108.0.0.0 Safari/537.36
2024-11-11 19:59:07,215 - INFO - Found 28 headlines for 2024/aug/19
2024-11-11 19:59:07,927 - INFO - Using User-Agent: Mozilla/5.0 (X11; Linux i686) AppleWebKit/537.36 (KHTML, like Gecko) Chrome/109.0.5388.177 Safari/537.36
2024-11-11 19:59:09,846 - INFO - Found 27 headlines for 2024/aug/20
2024-11-11 19:59:10,648 - INFO - Using User-Agent: Mozilla/5.0 (Macintosh; Intel Mac OS X 11_14) AppleWebKit/537.36 (KHTML, like Gecko) Chrome/109.0.5397.215 Safari/537.36
2024-11-11 19:59:11,669 - INFO - Found 23 headlines for 2024/aug/21
2024-11-11 19:59:12,677 - INFO - Using User-Agent: Mozilla/5.0 (Macintosh; Intel Mac OS X 10_10) AppleWebKit/537.36 (KHTML, like Gecko) Chrome/108.0.5361.172 Safari/537.36
2024-11-11 19:59:13,621 - INFO - Found 31 headlines for 2024/aug/22
2024-11-11 19:59:13,873 - INFO - Using User-Agent: Mozilla/5.0 (Macintosh; Intel Mac OS X 10_15_7) AppleWebKit/605.1.15 (KHTML, like Gecko) Version/14.0.3 Safari/605.1.15
2024-11-11 19:59:14,716 - INFO - Found 25 headlines for 2024/aug/23
2024-11-11 19:59:15,595 - INFO - Using User-Agent: Mozilla/5.0 (Windows NT 10.0; Win64; x64) AppleWebKit/537.36 (KHTML, like Gecko) Chrome/91.0.4472.124 Safari/537.36
2024-11-11 19:59:16,623 - INFO - Found 18 headlines for 2024/aug/24
2024-11-11 19:59:17,528 - INFO - Using User-Agent: Mozilla/5.0 (Macintosh; Intel Mac OS X 11_3) AppleWebKit/537.36 (KHTML, like Gecko) Chrome/109.0.5412.99 Safari/537.36
2024-11-11 19:59:18,469 - INFO - Found 24 headlines for 2024/aug/25
2024-11-11 19:59:19,174 - INFO - Using User-Agent: Mozilla/5.0 (Windows NT 10.0; Win64; x64) AppleWebKit/537.36 (KHTML, like Gecko) Chrome/91.0.4472.124 Safari/537.36
2024-11-11 19:59:20,114 - INFO - Found 29 headlines for 2024/aug/26
2024-11-11 19:59:20,207 - INFO - Using User-Agent: Mozilla/5.0 (Macintosh; Intel Mac OS X 10_10) AppleWebKit/537.36 (KHTML, like Gecko) Chrome/108.0.5361.172 Safari/537.36
2024-11-11 19:59:21,019 - INFO - Found 23 headlines for 2024/aug/27
2024-11-11 19:59:21,214 - INFO - Using User-Agent: Mozilla/5.0 (Macintosh; Intel Mac OS X 10_10) AppleWebKit/537.36 (KHTML, like Gecko) Chrome/108.0.5361.172 Safari/537.36
2024-11-11 19:59:22,171 - INFO - Found 31 headlines for 2024/aug/28
2024-11-11 19:59:22,844 - INFO - Using User-Agent: Mozilla/5.0 (Windows NT 10.0; Win64; x64) AppleWebKit/537.36 (KHTML, like Gecko) Firefox/89.0
2024-11-11 19:59:23,832 - INFO - Found 33 headlines for 2024/aug/29
2024-11-11 19:59:24,172 - INFO - Using User-Agent: Mozilla/5.0 (X11; Linux i686) AppleWebKit/537.36 (KHTML, like Gecko) Chrome/109.0.5388.177 Safari/537.36
2024-11-11 19:59:25,236 - INFO - Found 21 headlines for 2024/aug/30
2024-11-11 19:59:25,430 - INFO - Using User-Agent: Mozilla/5.0 (Macintosh; Intel Mac OS X 11_14) AppleWebKit/537.36 (KHTML, like Gecko) Chrome/109.0.5397.215 Safari/537.36
2024-11-11 19:59:26,457 - INFO - Found 16 headlines for 2024/aug/31
2024-11-11 19:59:26,794 - INFO - Using User-Agent: Mozilla/5.0 (Windows NT 10.0; Win64; x64) AppleWebKit/537.36 (KHTML, like Gecko) Firefox/89.0
2024-11-11 19:59:27,692 - INFO - Found 25 headlines for 2024/sep/01
2024-11-11 19:59:28,506 - INFO - Using User-Agent: Mozilla/5.0 (Macintosh; Intel Mac OS X 10_10) AppleWebKit/537.36 (KHTML, like Gecko) Chrome/108.0.5361.172 Safari/537.36
2024-11-11 19:59:29,573 - INFO - Found 30 headlines for 2024/sep/02
2024-11-11 19:59:30,162 - INFO - Using User-Agent: Mozilla/5.0 (Windows NT 10.0; Win64; x64) AppleWebKit/537.36 (KHTML, like Gecko) Chrome/91.0.4472.124 Safari/537.36
2024-11-11 19:59:31,190 - INFO - Found 41 headlines for 2024/sep/03
2024-11-11 19:59:31,987 - INFO - Using User-Agent: Mozilla/5.0 (Windows NT 10.0; Win64; x64) AppleWebKit/537.36 (KHTML, like Gecko) Chrome/91.0.4472.124 Safari/537.36
2024-11-11 19:59:33,016 - INFO - Found 20 headlines for 2024/sep/04
2024-11-11 19:59:33,552 - INFO - Using User-Agent: Mozilla/5.0 (Macintosh; Intel Mac OS X 10_15_7) AppleWebKit/605.1.15 (KHTML, like Gecko) Version/14.0.3 Safari/605.1.15
2024-11-11 19:59:34,700 - INFO - Found 27 headlines for 2024/sep/05
2024-11-11 19:59:35,336 - INFO - Using User-Agent: Mozilla/5.0 (Macintosh; Intel Mac OS X 10_15_7) AppleWebKit/605.1.15 (KHTML, like Gecko) Version/14.0.3 Safari/605.1.15
2024-11-11 19:59:36,287 - INFO - Found 27 headlines for 2024/sep/06
2024-11-11 19:59:37,236 - INFO - Using User-Agent: Mozilla/5.0 (Macintosh; Intel Mac OS X 11_3) AppleWebKit/537.36 (KHTML, like Gecko) Chrome/109.0.5412.99 Safari/537.36
2024-11-11 19:59:38,095 - INFO - Found 18 headlines for 2024/sep/07
2024-11-11 19:59:38,696 - INFO - Using User-Agent: Mozilla/5.0 (X11; Linux i686) AppleWebKit/537.36 (KHTML, like Gecko) Chrome/109.0.5388.177 Safari/537.36
2024-11-11 19:59:39,467 - INFO - Found 12 headlines for 2024/sep/08
2024-11-11 19:59:39,718 - INFO - Using User-Agent: Mozilla/5.0 (Windows NT 10.0; Win64; x64) AppleWebKit/537.36 (KHTML, like Gecko) Firefox/89.0
2024-11-11 19:59:40,568 - INFO - Found 32 headlines for 2024/sep/09
2024-11-11 19:59:41,347 - INFO - Using User-Agent: Mozilla/5.0 (Macintosh; Intel Mac OS X 10_10) AppleWebKit/537.36 (KHTML, like Gecko) Chrome/108.0.5361.172 Safari/537.36
2024-11-11 19:59:42,212 - INFO - Found 33 headlines for 2024/sep/10
2024-11-11 19:59:43,190 - INFO - Using User-Agent: Mozilla/5.0 (Macintosh; Intel Mac OS X 10_10) AppleWebKit/537.36 (KHTML, like Gecko) Chrome/108.0.5361.172 Safari/537.36
2024-11-11 19:59:44,069 - INFO - Found 22 headlines for 2024/sep/11
2024-11-11 19:59:44,881 - INFO - Using User-Agent: Mozilla/5.0 (X11; Linux i686) AppleWebKit/537.36 (KHTML, like Gecko) Chrome/109.0.5388.177 Safari/537.36
2024-11-11 19:59:45,935 - INFO - Found 32 headlines for 2024/sep/12
2024-11-11 19:59:46,389 - INFO - Using User-Agent: Mozilla/5.0 (Macintosh; Intel Mac OS X 10_15_7) AppleWebKit/537.36 (KHTML, like Gecko) Chrome/108.0.0.0 Safari/537.36
2024-11-11 19:59:47,339 - INFO - Found 32 headlines for 2024/sep/13
2024-11-11 19:59:47,772 - INFO - Using User-Agent: Mozilla/5.0 (Macintosh; Intel Mac OS X 10_10) AppleWebKit/537.36 (KHTML, like Gecko) Chrome/108.0.5361.172 Safari/537.36
2024-11-11 19:59:48,809 - INFO - Found 21 headlines for 2024/sep/14
2024-11-11 19:59:49,131 - INFO - Using User-Agent: Mozilla/5.0 (Macintosh; Intel Mac OS X 11_3) AppleWebKit/537.36 (KHTML, like Gecko) Chrome/109.0.5412.99 Safari/537.36
2024-11-11 19:59:50,259 - INFO - Found 14 headlines for 2024/sep/15
2024-11-11 19:59:50,854 - INFO - Using User-Agent: Mozilla/5.0 (Macintosh; Intel Mac OS X 11_14) AppleWebKit/537.36 (KHTML, like Gecko) Chrome/109.0.5397.215 Safari/537.36
2024-11-11 19:59:51,646 - INFO - Found 24 headlines for 2024/sep/16
2024-11-11 19:59:51,829 - INFO - Using User-Agent: Mozilla/5.0 (Windows NT 10.0; Win64; x64) AppleWebKit/537.36 (KHTML, like Gecko) Firefox/89.0
2024-11-11 19:59:52,874 - INFO - Found 30 headlines for 2024/sep/17
2024-11-11 19:59:53,712 - INFO - Using User-Agent: Mozilla/5.0 (Windows NT 10.0; Win64; x64) AppleWebKit/537.36 (KHTML, like Gecko) Chrome/91.0.4472.124 Safari/537.36
2024-11-11 19:59:54,692 - INFO - Found 39 headlines for 2024/sep/18
2024-11-11 19:59:54,979 - INFO - Using User-Agent: Mozilla/5.0 (Windows NT 10.0; Win64; x64) AppleWebKit/537.36 (KHTML, like Gecko) Chrome/91.0.4472.124 Safari/537.36
2024-11-11 19:59:56,168 - INFO - Found 27 headlines for 2024/sep/19
2024-11-11 19:59:56,846 - INFO - Using User-Agent: Mozilla/5.0 (Macintosh; Intel Mac OS X 10_15_7) AppleWebKit/605.1.15 (KHTML, like Gecko) Version/14.0.3 Safari/605.1.15
2024-11-11 19:59:57,771 - INFO - Found 39 headlines for 2024/sep/20
2024-11-11 19:59:57,787 - INFO - Using User-Agent: Mozilla/5.0 (Macintosh; Intel Mac OS X 11_14) AppleWebKit/537.36 (KHTML, like Gecko) Chrome/109.0.5397.215 Safari/537.36
2024-11-11 19:59:58,862 - INFO - Found 22 headlines for 2024/sep/21
2024-11-11 19:59:59,687 - INFO - Using User-Agent: Mozilla/5.0 (Macintosh; Intel Mac OS X 11_3) AppleWebKit/537.36 (KHTML, like Gecko) Chrome/109.0.5412.99 Safari/537.36
2024-11-11 20:00:00,653 - INFO - Found 26 headlines for 2024/sep/22
2024-11-11 20:00:01,452 - INFO - Using User-Agent: Mozilla/5.0 (Windows NT 10.0; Win64; x64) AppleWebKit/537.36 (KHTML, like Gecko) Firefox/89.0
2024-11-11 20:00:02,501 - INFO - Found 30 headlines for 2024/sep/23
2024-11-11 20:00:02,818 - INFO - Using User-Agent: Mozilla/5.0 (Windows NT 10.0; Win64; x64) AppleWebKit/537.36 (KHTML, like Gecko) Chrome/91.0.4472.124 Safari/537.36
2024-11-11 20:00:03,708 - INFO - Found 35 headlines for 2024/sep/24
2024-11-11 20:00:04,715 - INFO - Using User-Agent: Mozilla/5.0 (Windows NT 10.0; Win64; x64) AppleWebKit/537.36 (KHTML, like Gecko) Chrome/91.0.4472.124 Safari/537.36
2024-11-11 20:00:05,806 - INFO - Found 46 headlines for 2024/sep/25
2024-11-11 20:00:06,442 - INFO - Using User-Agent: Mozilla/5.0 (Macintosh; Intel Mac OS X 11_14) AppleWebKit/537.36 (KHTML, like Gecko) Chrome/109.0.5397.215 Safari/537.36
2024-11-11 20:00:07,478 - INFO - Found 32 headlines for 2024/sep/26
2024-11-11 20:00:08,464 - INFO - Using User-Agent: Mozilla/5.0 (Macintosh; Intel Mac OS X 11_3) AppleWebKit/537.36 (KHTML, like Gecko) Chrome/109.0.5412.99 Safari/537.36
2024-11-11 20:00:09,500 - INFO - Found 31 headlines for 2024/sep/27
2024-11-11 20:00:09,952 - INFO - Using User-Agent: Mozilla/5.0 (Macintosh; Intel Mac OS X 11_3) AppleWebKit/537.36 (KHTML, like Gecko) Chrome/109.0.5412.99 Safari/537.36
2024-11-11 20:00:10,873 - INFO - Found 23 headlines for 2024/sep/28
2024-11-11 20:00:11,761 - INFO - Using User-Agent: Mozilla/5.0 (Macintosh; Intel Mac OS X 11_3) AppleWebKit/537.36 (KHTML, like Gecko) Chrome/109.0.5412.99 Safari/537.36
2024-11-11 20:00:12,743 - INFO - Found 21 headlines for 2024/sep/29
2024-11-11 20:00:12,746 - INFO - Using User-Agent: Mozilla/5.0 (Macintosh; Intel Mac OS X 10_15_7) AppleWebKit/537.36 (KHTML, like Gecko) Chrome/108.0.0.0 Safari/537.36
2024-11-11 20:00:13,862 - INFO - Found 41 headlines for 2024/sep/30
2024-11-11 20:00:13,950 - INFO - Using User-Agent: Mozilla/5.0 (Windows NT 10.0; Win64; x64) AppleWebKit/537.36 (KHTML, like Gecko) Firefox/89.0
2024-11-11 20:00:15,008 - INFO - Found 40 headlines for 2024/oct/01
2024-11-11 20:00:15,011 - INFO - Using User-Agent: Mozilla/5.0 (Macintosh; Intel Mac OS X 10_10) AppleWebKit/537.36 (KHTML, like Gecko) Chrome/108.0.5361.172 Safari/537.36
2024-11-11 20:00:16,038 - INFO - Found 34 headlines for 2024/oct/02
2024-11-11 20:00:16,044 - INFO - Using User-Agent: Mozilla/5.0 (Macintosh; Intel Mac OS X 10_15_7) AppleWebKit/537.36 (KHTML, like Gecko) Chrome/108.0.0.0 Safari/537.36
2024-11-11 20:00:17,056 - INFO - Found 35 headlines for 2024/oct/03
2024-11-11 20:00:17,657 - INFO - Using User-Agent: Mozilla/5.0 (Macintosh; Intel Mac OS X 11_14) AppleWebKit/537.36 (KHTML, like Gecko) Chrome/109.0.5397.215 Safari/537.36
2024-11-11 20:00:18,675 - INFO - Found 28 headlines for 2024/oct/04
2024-11-11 20:00:19,528 - INFO - Using User-Agent: Mozilla/5.0 (Macintosh; Intel Mac OS X 11_3) AppleWebKit/537.36 (KHTML, like Gecko) Chrome/109.0.5412.99 Safari/537.36
2024-11-11 20:00:20,738 - INFO - Found 24 headlines for 2024/oct/05
2024-11-11 20:00:21,669 - INFO - Using User-Agent: Mozilla/5.0 (Macintosh; Intel Mac OS X 11_14) AppleWebKit/537.36 (KHTML, like Gecko) Chrome/109.0.5397.215 Safari/537.36
2024-11-11 20:00:22,791 - INFO - Found 32 headlines for 2024/oct/06
2024-11-11 20:00:23,314 - INFO - Using User-Agent: Mozilla/5.0 (Macintosh; Intel Mac OS X 10_10) AppleWebKit/537.36 (KHTML, like Gecko) Chrome/108.0.5361.172 Safari/537.36
2024-11-11 20:00:24,218 - INFO - Found 41 headlines for 2024/oct/07
2024-11-11 20:00:24,550 - INFO - Using User-Agent: Mozilla/5.0 (Macintosh; Intel Mac OS X 10_10) AppleWebKit/537.36 (KHTML, like Gecko) Chrome/108.0.5361.172 Safari/537.36
2024-11-11 20:00:25,368 - INFO - Found 27 headlines for 2024/oct/08
2024-11-11 20:00:25,745 - INFO - Using User-Agent: Mozilla/5.0 (Macintosh; Intel Mac OS X 10_15_7) AppleWebKit/605.1.15 (KHTML, like Gecko) Version/14.0.3 Safari/605.1.15
2024-11-11 20:00:26,631 - INFO - Found 24 headlines for 2024/oct/09
2024-11-11 20:00:27,316 - INFO - Using User-Agent: Mozilla/5.0 (Macintosh; Intel Mac OS X 11_14) AppleWebKit/537.36 (KHTML, like Gecko) Chrome/109.0.5397.215 Safari/537.36
2024-11-11 20:00:28,325 - INFO - Found 25 headlines for 2024/oct/10
2024-11-11 20:00:29,305 - INFO - Using User-Agent: Mozilla/5.0 (Macintosh; Intel Mac OS X 11_14) AppleWebKit/537.36 (KHTML, like Gecko) Chrome/109.0.5397.215 Safari/537.36
2024-11-11 20:00:30,347 - INFO - Found 25 headlines for 2024/oct/11
2024-11-11 20:00:30,789 - INFO - Using User-Agent: Mozilla/5.0 (X11; Linux i686) AppleWebKit/537.36 (KHTML, like Gecko) Chrome/109.0.5388.177 Safari/537.36
2024-11-11 20:00:31,769 - INFO - Found 16 headlines for 2024/oct/12
2024-11-11 20:00:32,611 - INFO - Using User-Agent: Mozilla/5.0 (Windows NT 10.0; Win64; x64) AppleWebKit/537.36 (KHTML, like Gecko) Firefox/89.0
2024-11-11 20:00:33,864 - INFO - Found 15 headlines for 2024/oct/13
2024-11-11 20:00:34,216 - INFO - Using User-Agent: Mozilla/5.0 (Macintosh; Intel Mac OS X 10_10) AppleWebKit/537.36 (KHTML, like Gecko) Chrome/108.0.5361.172 Safari/537.36
2024-11-11 20:00:35,273 - INFO - Found 29 headlines for 2024/oct/14
2024-11-11 20:00:35,471 - INFO - Using User-Agent: Mozilla/5.0 (Windows NT 10.0; Win64; x64) AppleWebKit/537.36 (KHTML, like Gecko) Chrome/91.0.4472.124 Safari/537.36
2024-11-11 20:00:36,499 - INFO - Found 31 headlines for 2024/oct/15
2024-11-11 20:00:36,817 - INFO - Using User-Agent: Mozilla/5.0 (Windows NT 10.0; Win64; x64) AppleWebKit/537.36 (KHTML, like Gecko) Chrome/91.0.4472.124 Safari/537.36
2024-11-11 20:00:37,690 - INFO - Found 32 headlines for 2024/oct/16
2024-11-11 20:00:37,798 - INFO - Using User-Agent: Mozilla/5.0 (X11; Linux i686) AppleWebKit/537.36 (KHTML, like Gecko) Chrome/109.0.5388.177 Safari/537.36
2024-11-11 20:00:38,731 - INFO - Found 29 headlines for 2024/oct/17
2024-11-11 20:00:39,295 - INFO - Using User-Agent: Mozilla/5.0 (Macintosh; Intel Mac OS X 11_3) AppleWebKit/537.36 (KHTML, like Gecko) Chrome/109.0.5412.99 Safari/537.36
2024-11-11 20:00:40,399 - INFO - Found 31 headlines for 2024/oct/18
2024-11-11 20:00:41,292 - INFO - Using User-Agent: Mozilla/5.0 (Macintosh; Intel Mac OS X 10_15_7) AppleWebKit/537.36 (KHTML, like Gecko) Chrome/108.0.0.0 Safari/537.36
2024-11-11 20:00:42,209 - INFO - Found 21 headlines for 2024/oct/19
2024-11-11 20:00:42,378 - INFO - Using User-Agent: Mozilla/5.0 (Macintosh; Intel Mac OS X 10_15_7) AppleWebKit/605.1.15 (KHTML, like Gecko) Version/14.0.3 Safari/605.1.15
2024-11-11 20:00:43,491 - INFO - Found 19 headlines for 2024/oct/20
2024-11-11 20:00:44,480 - INFO - Using User-Agent: Mozilla/5.0 (Macintosh; Intel Mac OS X 10_15_7) AppleWebKit/537.36 (KHTML, like Gecko) Chrome/108.0.0.0 Safari/537.36
2024-11-11 20:00:45,538 - INFO - Found 34 headlines for 2024/oct/21
2024-11-11 20:00:46,348 - INFO - Using User-Agent: Mozilla/5.0 (Macintosh; Intel Mac OS X 10_15_7) AppleWebKit/605.1.15 (KHTML, like Gecko) Version/14.0.3 Safari/605.1.15
2024-11-11 20:00:47,356 - INFO - Found 32 headlines for 2024/oct/22
2024-11-11 20:00:48,211 - INFO - Using User-Agent: Mozilla/5.0 (Macintosh; Intel Mac OS X 11_14) AppleWebKit/537.36 (KHTML, like Gecko) Chrome/109.0.5397.215 Safari/537.36
2024-11-11 20:00:49,186 - INFO - Found 31 headlines for 2024/oct/23
2024-11-11 20:00:49,396 - INFO - Using User-Agent: Mozilla/5.0 (Windows NT 10.0; Win64; x64) AppleWebKit/537.36 (KHTML, like Gecko) Firefox/89.0
2024-11-11 20:00:50,431 - INFO - Found 33 headlines for 2024/oct/24
2024-11-11 20:00:51,354 - INFO - Using User-Agent: Mozilla/5.0 (Macintosh; Intel Mac OS X 10_10) AppleWebKit/537.36 (KHTML, like Gecko) Chrome/108.0.5361.172 Safari/537.36
2024-11-11 20:00:52,254 - INFO - Found 24 headlines for 2024/oct/25
2024-11-11 20:00:52,719 - INFO - Using User-Agent: Mozilla/5.0 (Macintosh; Intel Mac OS X 10_10) AppleWebKit/537.36 (KHTML, like Gecko) Chrome/108.0.5361.172 Safari/537.36
2024-11-11 20:00:53,735 - INFO - Found 27 headlines for 2024/oct/26
2024-11-11 20:00:54,064 - INFO - Using User-Agent: Mozilla/5.0 (X11; Linux i686) AppleWebKit/537.36 (KHTML, like Gecko) Chrome/109.0.5388.177 Safari/537.36
2024-11-11 20:00:55,146 - INFO - Found 18 headlines for 2024/oct/27
2024-11-11 20:00:55,996 - INFO - Using User-Agent: Mozilla/5.0 (Macintosh; Intel Mac OS X 11_3) AppleWebKit/537.36 (KHTML, like Gecko) Chrome/109.0.5412.99 Safari/537.36
2024-11-11 20:00:56,984 - INFO - Found 25 headlines for 2024/oct/28
2024-11-11 20:00:57,195 - INFO - Using User-Agent: Mozilla/5.0 (Macintosh; Intel Mac OS X 10_10) AppleWebKit/537.36 (KHTML, like Gecko) Chrome/108.0.5361.172 Safari/537.36
2024-11-11 20:00:58,254 - INFO - Found 32 headlines for 2024/oct/29
2024-11-11 20:00:58,796 - INFO - Using User-Agent: Mozilla/5.0 (Macintosh; Intel Mac OS X 10_10) AppleWebKit/537.36 (KHTML, like Gecko) Chrome/108.0.5361.172 Safari/537.36
2024-11-11 20:00:59,874 - INFO - Found 40 headlines for 2024/oct/30
2024-11-11 20:01:00,083 - INFO - Using User-Agent: Mozilla/5.0 (Macintosh; Intel Mac OS X 10_15_7) AppleWebKit/605.1.15 (KHTML, like Gecko) Version/14.0.3 Safari/605.1.15
2024-11-11 20:01:01,058 - INFO - Found 34 headlines for 2024/oct/31
2024-11-11 20:01:01,096 - INFO - Using User-Agent: Mozilla/5.0 (Macintosh; Intel Mac OS X 11_3) AppleWebKit/537.36 (KHTML, like Gecko) Chrome/109.0.5412.99 Safari/537.36
2024-11-11 20:01:01,988 - INFO - Found 30 headlines for 2024/nov/01
